6.413054466247558594e-02,4.483090820312500000e+02
1.728320121765136719e-02,1.812353149414062500e+03
3.289723396301269531e-02,1.097959365844726562e+02
1.726198196411132812e-02,6.169700317382812500e+02
1.731157302856445312e-02,3.656050109863281250e+02
1.727414131164550781e-02,1.766035888671875000e+03
1.727771759033203125e-02,2.566842317581176758e+00
1.732754707336425781e-02,1.061260253906250000e+03
3.282737731933593750e-02,2.025021362304687500e+03
3.289341926574707031e-02,3.043723388671875000e+03
1.727938652038574219e-02,4.945832824707031250e+02
3.289437294006347656e-02,1.612828491210937500e+03
1.727604866027832031e-02,1.538913085937500000e+03
3.289246559143066406e-02,1.215530883789062500e+03
1.728010177612304688e-02,6.975302124023437500e+02
1.727867126464843750e-02,1.243814697265625000e+03
1.727247238159179688e-02,8.589564819335937500e+02
1.726460456848144531e-02,1.337251067161560059e-01
1.757049560546875000e-02,9.685427246093750000e+02
2.545094490051269531e-02,4.896824340820312500e+02
2.005720138549804688e-02,2.726969482421875000e+03
1.727747917175292969e-02,1.667845092773437500e+03
1.727890968322753906e-02,2.087918548583984375e+02
1.727056503295898438e-02,8.275881958007812500e+02
1.727414131164550781e-02,1.145084960937500000e+03
1.726865768432617188e-02,1.014860473632812500e+03
1.729631423950195312e-02,6.698346710205078125e+01
1.726627349853515625e-02,1.058352539062500000e+03
1.727581024169921875e-02,1.487939331054687500e+03
1.727604866027832031e-02,1.021384963989257812e+02
1.727485656738281250e-02,1.511253051757812500e+03
3.289771080017089844e-02,3.925957336425781250e+02
1.727247238159179688e-02,7.327048492431640625e+01
3.289604187011718750e-02,5.839473266601562500e+02
1.724815368652343750e-02,4.227450866699218750e+02
1.730799674987792969e-02,3.463674316406250000e+02
2.062726020812988281e-02,4.037399902343750000e+02
1.827073097229003906e-02,7.231719970703125000e+02
1.730823516845703125e-02,3.071462402343750000e+02
1.727676391601562500e-02,1.439207000732421875e+02
1.728749275207519531e-02,1.242229980468750000e+03
1.725935935974121094e-02,4.007542724609375000e+02
1.727390289306640625e-02,1.460549072265625000e+03
1.724886894226074219e-02,3.526194152832031250e+02
1.730728149414062500e-02,1.429403442382812500e+03
3.290367126464843750e-02,-3.004778549075126648e-02
1.723790168762207031e-02,2.468582725524902344e+01
1.730155944824218750e-02,4.115310058593750000e+02
3.289818763732910156e-02,4.898067626953125000e+02
1.724958419799804688e-02,1.337949462890625000e+03
1.727533340454101562e-02,1.411627563476562500e+03
1.727628707885742188e-02,3.894241333007812500e+02
1.727533340454101562e-02,1.241012268066406250e+02
1.727581024169921875e-02,5.371140136718750000e+02
1.727581024169921875e-02,1.383957386016845703e+01
1.727604866027832031e-02,8.449113769531250000e+02
1.727557182312011719e-02,1.038050155639648438e+02
1.727509498596191406e-02,6.923097534179687500e+02
1.727604866027832031e-02,1.109187377929687500e+03
1.727604866027832031e-02,7.950842895507812500e+02
1.727557182312011719e-02,7.112457885742187500e+02
1.730847358703613281e-02,9.667093505859375000e+02
3.607439994812011719e-02,4.052602539062500000e+02
2.355146408081054688e-02,1.386816894531250000e+03
1.927495002746582031e-02,1.853063812255859375e+02
1.767539978027343750e-02,1.794281250000000000e+03
1.867747306823730469e-02,1.427689208984375000e+02
1.874208450317382812e-02,1.323816528320312500e+03
1.858043670654296875e-02,9.989042358398437500e+02
1.762342453002929688e-02,6.384498977661132812e+01
1.867461204528808594e-02,4.350211715698242188e+01
1.867151260375976562e-02,9.934934997558593750e+01
1.861834526062011719e-02,2.916672668457031250e+02
1.865482330322265625e-02,9.101969909667968750e+01
1.867222785949707031e-02,2.137525634765625000e+03
2.610278129577636719e-02,1.211034545898437500e+02
2.220034599304199219e-02,1.514803466796875000e+03
1.846504211425781250e-02,1.011458206176757812e+02
1.786184310913085938e-02,4.388423156738281250e+02
1.855230331420898438e-02,5.595986938476562500e+02
1.876950263977050781e-02,1.279407104492187500e+03
1.865768432617187500e-02,3.005117492675781250e+02
2.597737312316894531e-02,1.404995727539062500e+03
2.318954467773437500e-02,6.751094055175781250e+01
2.606916427612304688e-02,3.061364135742187500e+02
2.210998535156250000e-02,1.404381347656250000e+03
1.827526092529296875e-02,5.905557250976562500e+02
1.761674880981445312e-02,-6.966561889648437500e+01
1.789498329162597656e-02,1.182335205078125000e+03
1.805925369262695312e-02,6.014520874023437500e+02
1.820993423461914062e-02,1.582855102539062500e+03
1.726818084716796875e-02,1.400462280273437500e+03
3.689050674438476562e-02,3.066970214843750000e+02
1.761460304260253906e-02,1.350051727294921875e+02
1.733493804931640625e-02,7.630577087402343750e+01
1.726698875427246094e-02,5.179331207275390625e+01
3.287506103515625000e-02,9.818461303710937500e+02
1.728248596191406250e-02,8.081082763671875000e+02
1.728200912475585938e-02,7.166724395751953125e+01
3.288340568542480469e-02,7.292052612304687500e+02
1.726937294006347656e-02,2.143919189453125000e+03
1.727485656738281250e-02,7.615045776367187500e+02
1.654386520385742188e-03,9.187368774414062500e+02
2.998590469360351562e-02,1.807989013671875000e+03
1.968026161193847656e-02,3.384815368652343750e+02
1.831603050231933594e-02,1.577973022460937500e+02
1.794004440307617188e-02,5.692946166992187500e+02
1.923584938049316406e-02,1.634133758544921875e+02
1.887440681457519531e-02,6.656712646484375000e+02
1.718258857727050781e-02,3.308583496093750000e+03
1.802730560302734375e-02,5.469219360351562500e+02
3.396797180175781250e-02,4.605102844238281250e+02
2.735614776611328125e-03,2.624903076171875000e+03
1.845622062683105469e-02,1.014339660644531250e+03
1.836729049682617188e-02,4.203449707031250000e+02
1.808691024780273438e-02,1.340604125976562500e+03
1.833033561706542969e-02,3.696976623535156250e+02
3.915429115295410156e-02,1.425278198242187500e+03
2.253961563110351562e-02,2.500860595703125000e+03
9.102821350097656250e-03,8.188710937500000000e+02
1.730680465698242188e-02,1.993321609497070312e+01
1.727604866027832031e-02,1.277437744140625000e+03
1.727652549743652344e-02,2.518272399902343750e+02
2.732038497924804688e-02,6.941117553710937500e+02
1.882719993591308594e-02,1.757829711914062500e+03
1.826238632202148438e-02,5.174437866210937500e+02
1.843976974487304688e-02,1.387936645507812500e+03
1.516771316528320312e-02,4.694472045898437500e+02
1.734232902526855469e-02,7.929678344726562500e+01
1.846408843994140625e-02,1.875918945312500000e+03
2.589964866638183594e-02,2.841727638244628906e+01
1.841592788696289062e-02,1.400794677734375000e+03
1.909685134887695312e-02,1.044791137695312500e+03
1.767420768737792969e-02,2.764967773437500000e+03
1.757121086120605469e-02,1.280813720703125000e+03
1.869726181030273438e-02,1.833727416992187500e+03
1.849102973937988281e-02,1.797602844238281250e+02
2.622652053833007812e-02,4.696979675292968750e+02
1.716995239257812500e-02,8.972045288085937500e+02
1.732587814331054688e-02,1.282021606445312500e+03
1.724696159362792969e-02,9.398709106445312500e+01
1.727557182312011719e-02,9.686461791992187500e+02
1.728844642639160156e-02,1.118166089057922363e+00
1.727366447448730469e-02,3.534978866577148438e+01
1.728796958923339844e-02,1.507953338623046875e+02
1.725244522094726562e-02,2.341893920898437500e+02
1.727581024169921875e-02,1.634642456054687500e+03
1.727557182312011719e-02,6.262564086914062500e+02
1.727652549743652344e-02,1.662145385742187500e+03
2.475190162658691406e-02,1.471382080078125000e+03
1.824307441711425781e-02,2.542519073486328125e+02
5.923271179199218750e-03,-8.256700897216796875e+01
1.730728149414062500e-02,1.506416168212890625e+02
1.727819442749023438e-02,2.335141845703125000e+03
1.727509498596191406e-02,6.758190307617187500e+02
3.289818763732910156e-02,-1.583684206008911133e+00
1.727533340454101562e-02,2.662215576171875000e+03
3.289222717285156250e-02,1.510720458984375000e+03
1.727485656738281250e-02,5.605576705932617188e+01
3.289818763732910156e-02,1.182125488281250000e+03
1.724720001220703125e-02,2.125077392578125000e+03
3.292775154113769531e-02,9.359464111328125000e+02
1.728463172912597656e-02,2.249741210937500000e+02
1.728582382202148438e-02,4.743523254394531250e+02
3.287410736083984375e-02,1.434042968750000000e+03
1.727199554443359375e-02,1.153516235351562500e+03
1.727294921875000000e-02,2.026424804687500000e+03
1.727533340454101562e-02,1.659536132812500000e+03
1.727628707885742188e-02,1.338546264648437500e+03
1.727509498596191406e-02,5.293530883789062500e+02
1.729941368103027344e-02,2.699695434570312500e+02
1.726055145263671875e-02,2.403688476562500000e+03
3.290200233459472656e-02,5.376528930664062500e+02
1.727509498596191406e-02,2.681572265625000000e+02
3.289294242858886719e-02,4.945849914550781250e+02
1.727557182312011719e-02,9.669073486328125000e+02
1.727771759033203125e-02,4.900761108398437500e+02
1.727628707885742188e-02,1.047597290039062500e+03
3.289794921875000000e-02,2.124061523437500000e+03
1.727056503295898438e-02,6.103712158203125000e+02
3.290152549743652344e-02,1.853467895507812500e+03
1.724457740783691406e-02,1.025838256835937500e+03
1.729583740234375000e-02,1.047013168334960938e+02
1.727962493896484375e-02,2.697369194030761719e+01
1.727223396301269531e-02,1.044582397460937500e+03
1.727795600891113281e-02,5.398030395507812500e+02
1.730227470397949219e-02,1.283786743164062500e+03
1.727557182312011719e-02,3.434037780761718750e+02
1.727676391601562500e-02,1.963091796875000000e+03
1.727485656738281250e-02,1.571874877929687500e+03
1.723241806030273438e-02,5.272659301757812500e+02
1.732349395751953125e-02,3.378967046737670898e+00
1.722407341003417969e-02,7.237779235839843750e+01
3.292727470397949219e-02,7.803868408203125000e+02
1.728701591491699219e-02,6.061057662963867188e+01
1.726102828979492188e-02,1.292370727539062500e+03
3.289103507995605469e-02,4.532474670410156250e+02
1.727247238159179688e-02,8.319687652587890625e+01
1.727652549743652344e-02,2.828287841796875000e+03
1.727914810180664062e-02,7.748854064941406250e+01
1.728248596191406250e-02,2.725424194335937500e+02
1.728868484497070312e-02,1.692604217529296875e+02
3.393888473510742188e-02,2.096103057861328125e+02
1.561021804809570312e-02,1.413418579101562500e+03
3.248691558837890625e-03,1.085485839843750000e+02
3.293228149414062500e-02,7.667376708984375000e+02
1.726937294006347656e-02,1.050588623046875000e+03
3.290319442749023438e-02,2.444542999267578125e+02
1.727294921875000000e-02,1.033400268554687500e+03
3.289651870727539062e-02,3.187446899414062500e+02
1.724481582641601562e-02,3.223807067871093750e+02
1.729583740234375000e-02,2.156427307128906250e+02
1.725816726684570312e-02,9.350163574218750000e+02
3.292274475097656250e-02,2.322449493408203125e+02
1.727533340454101562e-02,4.415192871093750000e+02
1.728391647338867188e-02,2.619825439453125000e+02
1.724004745483398438e-02,1.129601318359375000e+03
3.292393684387207031e-02,2.723672119140625000e+03
1.729249954223632812e-02,3.449988174438476562e+01
3.288292884826660156e-02,7.022202758789062500e+02
1.728940010070800781e-02,1.457368041992187500e+03
1.726150512695312500e-02,3.202614746093750000e+02
1.727390289306640625e-02,1.494836730957031250e+02
3.289866447448730469e-02,7.026032104492187500e+02
1.727485656738281250e-02,2.038114501953125000e+03
1.727652549743652344e-02,1.486816772460937500e+03
1.727366447448730469e-02,1.242875854492187500e+03
3.289890289306640625e-02,5.065617675781250000e+02
1.727533340454101562e-02,6.431107177734375000e+02
3.289985656738281250e-02,1.360994911193847656e+01
3.289937973022460938e-02,6.981010742187500000e+02
1.728248596191406250e-02,6.099307861328125000e+02
1.729297637939453125e-02,1.331365356445312500e+03
3.285980224609375000e-02,8.641823120117187500e+02
1.728415489196777344e-02,8.751576538085937500e+02
1.727652549743652344e-02,-7.247000122070312500e+01
2.951073646545410156e-02,1.098345870971679688e+02
1.835608482360839844e-02,5.711765670776367188e+01
1.730346679687500000e-02,1.688173950195312500e+03
3.289961814880371094e-02,7.345103759765625000e+02
1.727271080017089844e-02,5.435298461914062500e+02
3.290152549743652344e-02,1.458681152343750000e+03
1.727080345153808594e-02,2.358274414062500000e+03
3.290152549743652344e-02,2.186634826660156250e+02
1.727342605590820312e-02,8.116357421875000000e+01
1.726675033569335938e-02,6.735495605468750000e+02
3.290343284606933594e-02,4.896959533691406250e+02
1.729798316955566406e-02,4.603645629882812500e+02
3.290128707885742188e-02,4.426624755859375000e+02
3.468656539916992188e-02,3.352739746093750000e+03
2.000451087951660156e-02,8.641160888671875000e+02
1.730346679687500000e-02,7.052376708984375000e+02
3.287267684936523438e-02,1.774107666015625000e+02
1.729869842529296875e-02,1.597022705078125000e+03
1.727938652038574219e-02,1.436787231445312500e+03
1.727604866027832031e-02,1.473098754882812500e+03
1.727819442749023438e-02,9.760041046142578125e+01
1.727318763732910156e-02,8.091500854492187500e+01
1.727700233459472656e-02,1.496071289062500000e+03
1.726412773132324219e-02,8.103167724609375000e+02
1.727533340454101562e-02,3.169927978515625000e+02
1.728606224060058594e-02,7.310731811523437500e+02
3.289961814880371094e-02,5.690361785888671875e+01
1.727032661437988281e-02,7.692752075195312500e+02
1.726770401000976562e-02,1.426295166015625000e+03
1.727533340454101562e-02,2.531207733154296875e+02
3.290486335754394531e-02,7.919104766845703125e+01
1.728343963623046875e-02,6.412599487304687500e+02
1.725268363952636719e-02,2.918853027343750000e+03
3.291225433349609375e-02,4.051631469726562500e+02
1.726937294006347656e-02,9.578471374511718750e+01
1.730346679687500000e-02,3.016379089355468750e+02
3.287529945373535156e-02,8.102689208984375000e+02
1.728272438049316406e-02,9.437263793945312500e+02
1.727104187011718750e-02,6.349416732788085938e+01
1.727437973022460938e-02,2.455894012451171875e+02
1.726865768432617188e-02,2.671280517578125000e+03
3.290557861328125000e-02,3.193104553222656250e+02
1.654386520385742188e-03,8.358380126953125000e+02
1.724624633789062500e-02,6.833420410156250000e+02
3.293085098266601562e-02,6.097835083007812500e+02
1.727104187011718750e-02,2.174638061523437500e+02
3.289937973022460938e-02,1.366842895507812500e+03
1.727604866027832031e-02,2.346944091796875000e+03
3.289461135864257812e-02,2.445143585205078125e+02
1.727485656738281250e-02,6.565341186523437500e+02
3.290152549743652344e-02,1.716465454101562500e+03
1.724338531494140625e-02,1.794294586181640625e+02
3.293013572692871094e-02,7.974598999023437500e+02
1.728272438049316406e-02,3.495332717895507812e+01
1.725554466247558594e-02,2.665100341796875000e+03
1.727557182312011719e-02,3.214122314453125000e+02
1.727628707885742188e-02,2.338298187255859375e+02
1.727581024169921875e-02,1.203411865234375000e+02
1.727581024169921875e-02,1.985575561523437500e+03
1.727581024169921875e-02,8.991314697265625000e+02
1.727509498596191406e-02,8.748126220703125000e+02
1.727557182312011719e-02,3.819574279785156250e+02
1.727604866027832031e-02,2.429705619812011719e+01
1.727652549743652344e-02,5.422954101562500000e+02
1.730418205261230469e-02,5.365651855468750000e+02
3.726172447204589844e-02,1.431910278320312500e+03
1.908540725708007812e-02,9.995902709960937500e+02
1.090884208679199219e-02,2.066325378417968750e+02
1.729679107666015625e-02,6.406272125244140625e+01
3.291177749633789062e-02,1.685439697265625000e+03
1.724076271057128906e-02,9.259420166015625000e+02
1.727890968322753906e-02,7.604682159423828125e+01
3.292155265808105469e-02,3.441679931640625000e+03
1.726818084716796875e-02,1.780911132812500000e+03
1.729941368103027344e-02,2.450105590820312500e+02
3.287982940673828125e-02,1.312673339843750000e+02
1.726937294006347656e-02,5.924237670898437500e+02
1.654386520385742188e-03,6.419884490966796875e+01
1.728653907775878906e-02,7.492976074218750000e+02
1.727557182312011719e-02,9.336156616210937500e+02
3.289914131164550781e-02,1.272753662109375000e+03
1.727151870727539062e-02,9.734452514648437500e+02
3.289818763732910156e-02,3.234202392578125000e+03
1.727390289306640625e-02,5.546279296875000000e+02
1.726746559143066406e-02,1.527323150634765625e+01
3.290867805480957031e-02,4.267057495117187500e+02
1.727175712585449219e-02,1.953965454101562500e+03
3.290033340454101562e-02,1.187861938476562500e+03
1.727294921875000000e-02,4.457491683959960938e+01
1.734828948974609375e-02,7.342838745117187500e+02
1.717519760131835938e-02,1.937247070312500000e+03
1.732587814331054688e-02,5.459013671875000000e+02
1.727533340454101562e-02,1.392519653320312500e+03
1.727581024169921875e-02,4.664233398437500000e+02
1.722550392150878906e-02,4.000585937500000000e+02
1.727581024169921875e-02,7.930556640625000000e+02
1.729679107666015625e-02,9.091269531250000000e+02
3.290629386901855469e-02,6.420647583007812500e+02
1.729655265808105469e-02,5.399536743164062500e+02
3.288507461547851562e-02,1.122443359375000000e+03
1.728534698486328125e-02,1.534094726562500000e+03
3.287577629089355469e-02,7.312827148437500000e+02
2.555632591247558594e-02,1.239937988281250000e+03
2.320337295532226562e-02,1.889841796875000000e+03
1.731014251708984375e-02,2.706822021484375000e+03
1.727056503295898438e-02,7.244791259765625000e+02
1.727724075317382812e-02,3.696056518554687500e+02
3.290104866027832031e-02,5.173472900390625000e+02
1.727318763732910156e-02,7.613311157226562500e+02
1.727414131164550781e-02,1.003753845214843750e+03
3.289842605590820312e-02,8.635670166015625000e+02
1.727223396301269531e-02,3.090576782226562500e+02
1.727938652038574219e-02,5.325160598754882812e+01
1.727557182312011719e-02,1.870830078125000000e+02
1.727533340454101562e-02,2.830665771484375000e+03
1.727747917175292969e-02,1.363592407226562500e+03
1.727771759033203125e-02,2.832769470214843750e+02
2.786350250244140625e-02,5.097503356933593750e+02
1.847147941589355469e-02,1.418796997070312500e+02
7.878780364990234375e-03,1.419556640625000000e+03
1.731228828430175781e-02,6.287312622070312500e+02
1.727151870727539062e-02,1.837915283203125000e+03
3.289628028869628906e-02,9.068964385986328125e+01
1.727247238159179688e-02,6.151823120117187500e+02
1.727700233459472656e-02,1.448563476562500000e+03
1.727509498596191406e-02,5.639808959960937500e+02
1.727867126464843750e-02,1.177861709594726562e+02
1.727557182312011719e-02,1.293468017578125000e+03
1.727223396301269531e-02,2.888598144531250000e+03
1.727581024169921875e-02,3.998300781250000000e+02
1.727533340454101562e-02,8.761221313476562500e+01
1.727533340454101562e-02,1.122415649414062500e+03
1.727867126464843750e-02,1.505574493408203125e+02
1.727318763732910156e-02,1.053238891601562500e+03
1.727938652038574219e-02,1.002746704101562500e+03
1.727175712585449219e-02,3.023494384765625000e+03
1.836347579956054688e-02,6.576279907226562500e+02
1.730537414550781250e-02,1.600234252929687500e+03
3.415775299072265625e-02,1.516452941894531250e+02
1.725029945373535156e-02,9.113422393798828125e+01
1.731967926025390625e-02,9.830635375976562500e+02
3.287768363952636719e-02,7.947797241210937500e+02
1.724958419799804688e-02,4.112252502441406250e+02
3.292059898376464844e-02,6.298681640625000000e+01
1.729130744934082031e-02,1.967998046875000000e+02
1.726245880126953125e-02,7.388198089599609375e+01
3.290104866027832031e-02,-4.938815689086914062e+01
1.727247238159179688e-02,2.873936653137207031e+01
3.290343284606933594e-02,1.741071472167968750e+02
1.726770401000976562e-02,1.687958831787109375e+02
3.290224075317382812e-02,7.370914459228515625e+01
1.727032661437988281e-02,4.816119384765625000e+01
1.727390289306640625e-02,1.693193359375000000e+03
1.727104187011718750e-02,2.951146240234375000e+02
1.725435256958007812e-02,1.307694091796875000e+03
1.730227470397949219e-02,9.727378540039062500e+02
1.726841926574707031e-02,2.506169586181640625e+02
1.725530624389648438e-02,5.186892318725585938e+01
1.730275154113769531e-02,1.136389526367187500e+03
3.290271759033203125e-02,6.685694580078125000e+02
1.727175712585449219e-02,1.109895385742187500e+03
1.727795600891113281e-02,1.396891357421875000e+03
1.727628707885742188e-02,4.382915649414062500e+02
3.289985656738281250e-02,4.189395141601562500e+02
1.727080345153808594e-02,1.637333618164062500e+03
3.289961814880371094e-02,1.452191162109375000e+03
1.727414131164550781e-02,1.345696166992187500e+03
3.290152549743652344e-02,6.093566513061523438e+01
1.726889610290527344e-02,1.250068969726562500e+03
1.724791526794433594e-02,1.327739990234375000e+03
2.327513694763183594e-02,6.092986297607421875e+01
2.442145347595214844e-02,1.354321777343750000e+03
1.837801933288574219e-02,4.120526733398437500e+02
1.729583740234375000e-02,1.488679443359375000e+03
3.288054466247558594e-02,1.021312866210937500e+03
1.728677749633789062e-02,1.786976074218750000e+03
3.287959098815917969e-02,1.635760498046875000e+03
1.729702949523925781e-02,1.072283172607421875e+02
3.288078308105468750e-02,3.299416503906250000e+02
1.727795600891113281e-02,1.331690673828125000e+02
1.727080345153808594e-02,2.372321777343750000e+03
3.290200233459472656e-02,1.805050659179687500e+02
1.727056503295898438e-02,8.930399322509765625e+01
1.727628707885742188e-02,9.396062622070312500e+02
1.727175712585449219e-02,2.445801696777343750e+02
1.727604866027832031e-02,1.515333618164062500e+03
1.728153228759765625e-02,1.526033172607421875e+02
1.727509498596191406e-02,1.434528198242187500e+02
3.289961814880371094e-02,3.158110656738281250e+02
1.727032661437988281e-02,1.548676025390625000e+03
3.289771080017089844e-02,6.318987426757812500e+02
1.727437973022460938e-02,9.546158447265625000e+02
3.290057182312011719e-02,7.850208129882812500e+02
1.727223396301269531e-02,5.801170349121093750e+01
3.290534019470214844e-02,7.870875854492187500e+02
1.728582382202148438e-02,2.866446113586425781e+01
1.728200912475585938e-02,5.617411499023437500e+02
3.287291526794433594e-02,9.291120605468750000e+02
1.725149154663085938e-02,3.669498291015625000e+02
1.730179786682128906e-02,3.713884887695312500e+02
1.724505424499511719e-02,7.858880004882812500e+02
3.292489051818847656e-02,4.809066162109375000e+02
1.654386520385742188e-03,1.684494506835937500e+03
1.724839210510253906e-02,1.913536254882812500e+03
3.293204307556152344e-02,6.387963485717773438e+01
1.726984977722167969e-02,6.932435913085937500e+02
3.264236450195312500e-02,2.295465087890625000e+02
1.725745201110839844e-02,9.626387939453125000e+02
1.729679107666015625e-02,5.305084838867187500e+02
1.727509498596191406e-02,9.841828002929687500e+02
1.654386520385742188e-03,5.923802566528320312e+01
1.727557182312011719e-02,1.107217330932617188e+02
3.291153907775878906e-02,1.159760437011718750e+02
1.727247238159179688e-02,3.158951721191406250e+02
1.727151870727539062e-02,9.865187377929687500e+02
1.726889610290527344e-02,1.463702514648437500e+03
1.728725433349609375e-02,2.474687988281250000e+03
1.727581024169921875e-02,1.629458129882812500e+03
1.728081703186035156e-02,2.538474578857421875e+02
1.723957061767578125e-02,1.909073944091796875e+02
1.729583740234375000e-02,8.749263000488281250e+01
1.729154586791992188e-02,6.064144897460937500e+02
3.309011459350585938e-02,1.447989379882812500e+03
1.826381683349609375e-02,3.683161926269531250e+02
1.729631423950195312e-02,1.834132934570312500e+03
1.729178428649902344e-02,2.008662872314453125e+02
1.726818084716796875e-02,3.735997009277343750e+02
1.727819442749023438e-02,1.006011535644531250e+03
1.724457740783691406e-02,8.800000190734863281e+00
1.727509498596191406e-02,2.266675781250000000e+03
1.727628707885742188e-02,6.575382080078125000e+02
1.729583740234375000e-02,2.359867401123046875e+02
3.291201591491699219e-02,4.575143127441406250e+02
1.727080345153808594e-02,1.242811401367187500e+03
3.290176391601562500e-02,1.564196411132812500e+03
1.726913452148437500e-02,9.605283203125000000e+02
3.289985656738281250e-02,1.400714843750000000e+03
1.724505424499511719e-02,1.458777221679687500e+03
3.292965888977050781e-02,3.202944641113281250e+02
3.289556503295898438e-02,1.810986328125000000e+01
1.727294921875000000e-02,2.235213134765625000e+03
1.724696159362792969e-02,6.682544555664062500e+02
1.727581024169921875e-02,1.340803588867187500e+03
1.732254028320312500e-02,2.849276161193847656e+01
1.727962493896484375e-02,1.039761474609375000e+03
3.287577629089355469e-02,4.955406799316406250e+02
1.729464530944824219e-02,2.281856689453125000e+03
3.287625312805175781e-02,5.634511718750000000e+02
1.729750633239746094e-02,1.918353271484375000e+03
1.725602149963378906e-02,9.491703491210937500e+02
1.728010177612304688e-02,1.627964355468750000e+03
1.727318763732910156e-02,-7.247000122070312500e+01
1.727676391601562500e-02,9.297720336914062500e+02
1.727604866027832031e-02,5.628181838989257812e+01
1.727557182312011719e-02,5.789884643554687500e+02
3.289365768432617188e-02,8.504311523437500000e+02
1.727414131164550781e-02,4.754910278320312500e+02
3.290247917175292969e-02,3.244786987304687500e+02
1.727056503295898438e-02,1.911695312500000000e+03
3.290152549743652344e-02,4.320275573730468750e+02
1.728415489196777344e-02,6.315588378906250000e+02
1.725506782531738281e-02,1.066802144050598145e+00
1.728677749633789062e-02,6.174028320312500000e+02
1.654386520385742188e-03,2.387719268798828125e+02
1.726484298706054688e-02,1.383608032226562500e+03
1.727652549743652344e-02,5.400149154663085938e+01
1.727509498596191406e-02,2.193634338378906250e+02
1.728248596191406250e-02,1.089268066406250000e+03
1.727986335754394531e-02,1.589608520507812500e+03
1.726508140563964844e-02,1.818020874023437500e+03
3.289675712585449219e-02,6.889453735351562500e+02
1.729249954223632812e-02,3.090613037109375000e+03
1.726698875427246094e-02,5.360451049804687500e+02
1.727557182312011719e-02,6.230416259765625000e+02
1.726794242858886719e-02,5.193823242187500000e+02
3.289508819580078125e-02,1.217217636108398438e+01
1.841425895690917969e-02,7.607709960937500000e+02
1.730370521545410156e-02,1.243360107421875000e+03
1.727747917175292969e-02,1.116894378662109375e+02
3.290224075317382812e-02,3.435997924804687500e+02
1.726913452148437500e-02,5.572835083007812500e+02
3.289818763732910156e-02,1.556280883789062500e+03
1.727414131164550781e-02,8.317255249023437500e+02
1.726818084716796875e-02,1.548694091796875000e+03
1.725697517395019531e-02,8.584682006835937500e+02
1.727533340454101562e-02,5.675220947265625000e+02
3.292608261108398438e-02,1.326421508789062500e+03
1.727771759033203125e-02,3.846291503906250000e+02
3.289651870727539062e-02,-4.101404190063476562e+00
1.724386215209960938e-02,2.549302368164062500e+02
3.293061256408691406e-02,4.244313659667968750e+02
1.724243164062500000e-02,1.176149047851562500e+03
1.729536056518554688e-02,7.223682861328125000e+02
3.290510177612304688e-02,9.068471069335937500e+02
1.729726791381835938e-02,3.115700073242187500e+02
3.287482261657714844e-02,2.139136505126953125e+02
1.726841926574707031e-02,2.629314270019531250e+02
1.727652549743652344e-02,1.624187255859375000e+03
1.730346679687500000e-02,2.163979492187500000e+02
3.287553787231445312e-02,4.954720687866210938e+01
1.728320121765136719e-02,1.554928588867187500e+03
1.726961135864257812e-02,2.361873931884765625e+02
1.727652549743652344e-02,3.010327758789062500e+02
1.726675033569335938e-02,8.379261016845703125e+01
1.727628707885742188e-02,9.774640655517578125e+01
1.727485656738281250e-02,8.918936157226562500e+02
1.725602149963378906e-02,6.400140991210937500e+02
1.729512214660644531e-02,1.555870727539062500e+03
1.727604866027832031e-02,6.300959777832031250e+01
1.727676391601562500e-02,3.714166641235351562e+01
1.727533340454101562e-02,2.081286010742187500e+02
1.728630065917968750e-02,9.084999847412109375e+01
3.290486335754394531e-02,8.276271972656250000e+02
2.806711196899414062e-02,3.815731933593750000e+03
1.865124702453613281e-02,1.152700614929199219e+01
5.705118179321289062e-03,1.084750000000000000e+03
1.730704307556152344e-02,2.514733886718750000e+03
1.727795600891113281e-02,1.366426391601562500e+03
1.727724075317382812e-02,1.544333862304687500e+03
1.727390289306640625e-02,2.637950744628906250e+02
1.727485656738281250e-02,3.567838134765625000e+02
1.727557182312011719e-02,3.062532714843750000e+03
3.289651870727539062e-02,1.738301086425781250e+02
3.290200233459472656e-02,3.219454193115234375e+01
1.726865768432617188e-02,8.640889892578125000e+02
1.726722717285156250e-02,1.828026733398437500e+02
3.788042068481445312e-02,1.917257568359375000e+03
1.877689361572265625e-02,2.340866851806640625e+02
1.107454299926757812e-02,1.002166442871093750e+03
1.732397079467773438e-02,1.371053466796875000e+03
1.725244522094726562e-02,1.291920288085937500e+03
1.725053787231445312e-02,1.967065795898437500e+03
1.733088493347167969e-02,3.530676574707031250e+02
1.727151870727539062e-02,7.772187042236328125e+01
3.287506103515625000e-02,4.002339935302734375e+01
1.729059219360351562e-02,4.650166931152343750e+02
3.288245201110839844e-02,1.167633295059204102e+00
1.727914810180664062e-02,5.952001094818115234e+00
1.728010177612304688e-02,1.000000122070312500e+03
1.727151870727539062e-02,1.139912567138671875e+02
1.727581024169921875e-02,9.475815429687500000e+02
1.727485656738281250e-02,1.830356079101562500e+03
1.726555824279785156e-02,7.409665679931640625e+01
1.727509498596191406e-02,2.268416992187500000e+03
1.727557182312011719e-02,1.318187011718750000e+03
1.727581024169921875e-02,8.794055786132812500e+02
1.729941368103027344e-02,1.167270736694335938e+02
3.288102149963378906e-02,1.047269409179687500e+03
1.728224754333496094e-02,1.073055267333984375e+02
1.726961135864257812e-02,1.051297485351562500e+03
3.290343284606933594e-02,1.664320434570312500e+03
1.726961135864257812e-02,2.876414299011230469e+01
1.727700233459472656e-02,3.737722167968750000e+02
3.289651870727539062e-02,5.276418685913085938e+01
1.727461814880371094e-02,2.640242004394531250e+02
3.290271759033203125e-02,1.190586471557617188e+02
1.726984977722167969e-02,6.371017074584960938e+01
3.290081024169921875e-02,2.440816192626953125e+02
1.724457740783691406e-02,8.650665283203125000e+02
1.727604866027832031e-02,8.762163543701171875e+01
1.730227470397949219e-02,1.269648818969726562e+02
1.727962493896484375e-02,1.434187133789062500e+03
1.727032661437988281e-02,1.781900146484375000e+03
1.727032661437988281e-02,4.489531250000000000e+02
1.727557182312011719e-02,9.421344604492187500e+02
1.727628707885742188e-02,9.109774780273437500e+02
3.290510177612304688e-02,2.162847656250000000e+03
1.725983619689941406e-02,9.838241577148437500e+02
3.291296958923339844e-02,4.741140136718750000e+02
1.729583740234375000e-02,2.684636230468750000e+03
3.287577629089355469e-02,1.082092895507812500e+03
1.729631423950195312e-02,7.661519775390625000e+02
3.287625312805175781e-02,3.123575439453125000e+02
1.726865768432617188e-02,3.436801757812500000e+03
1.727557182312011719e-02,4.221477890014648438e+01
1.727604866027832031e-02,1.792101684570312500e+03
1.727557182312011719e-02,1.474384765625000000e+03
1.727771759033203125e-02,1.644805297851562500e+03
1.727437973022460938e-02,1.387784912109375000e+03
2.590584754943847656e-02,7.879563140869140625e+01
2.309560775756835938e-02,1.447872802734375000e+03
3.875732421875000000e-03,1.288936157226562500e+03
1.729655265808105469e-02,1.536628784179687500e+03
1.727652549743652344e-02,9.710317993164062500e+01
1.727819442749023438e-02,1.283479614257812500e+02
3.290772438049316406e-02,3.454779052734375000e+02
3.289699554443359375e-02,3.679890441894531250e+02
1.727366447448730469e-02,1.199131591796875000e+03
3.203940391540527344e-02,5.373244018554687500e+02
1.856493949890136719e-02,2.059082794189453125e+02
1.878404617309570312e-02,1.439286132812500000e+03
1.598429679870605469e-02,1.371729980468750000e+03
1.678705215454101562e-02,3.739258117675781250e+02
1.931118965148925781e-02,2.405352783203125000e+02
1.522088050842285156e-02,4.887955474853515625e+01
2.233982086181640625e-02,3.720190124511718750e+02
1.870322227478027344e-02,1.089366699218750000e+03
1.862192153930664062e-02,1.919666625976562500e+03
1.854872703552246094e-02,2.547380371093750000e+03
2.597475051879882812e-02,9.572033691406250000e+02
2.411794662475585938e-02,2.327297363281250000e+03
1.737904548645019531e-02,3.124218444824218750e+02
1.606535911560058594e-02,1.350230957031250000e+03
1.875376701354980469e-02,4.063208618164062500e+02
1.872277259826660156e-02,1.581219726562500000e+03
1.852583885192871094e-02,2.318064422607421875e+02
1.772212982177734375e-02,8.865427398681640625e+01
1.755714416503906250e-02,1.414564453125000000e+03
2.645707130432128906e-02,4.009055175781250000e+02
1.544618606567382812e-02,2.128909423828125000e+03
2.744269371032714844e-02,4.833321228027343750e+02
1.867794990539550781e-02,9.909979248046875000e+02
7.377624511718750000e-03,4.371213378906250000e+02
2.469182014465332031e-02,3.180888671875000000e+03
2.667474746704101562e-02,9.858199310302734375e+01
3.029036521911621094e-02,1.056756958007812500e+03
2.385568618774414062e-02,3.100819091796875000e+02
1.590633392333984375e-02,1.221304321289062500e+03
2.570700645446777344e-02,8.746028442382812500e+02
2.392005920410156250e-02,4.765096435546875000e+02
1.867151260375976562e-02,9.975551605224609375e+00
6.950139999389648438e-03,1.844236373901367188e+01
1.729512214660644531e-02,7.467575073242187500e+02
1.726388931274414062e-02,1.756951782226562500e+03
1.729249954223632812e-02,3.058397827148437500e+02
1.727008819580078125e-02,5.123433837890625000e+02
3.289699554443359375e-02,2.105216217041015625e+02
1.727223396301269531e-02,1.124692260742187500e+03
1.727247238159179688e-02,4.339997253417968750e+02
1.727223396301269531e-02,1.621764648437500000e+03
1.727533340454101562e-02,5.447427368164062500e+02
1.728892326354980469e-02,3.229685363769531250e+02
3.289461135864257812e-02,3.631439819335937500e+02
2.539253234863281250e-02,1.570934104919433594e+01
2.507781982421875000e-02,7.408383789062500000e+02
1.731514930725097656e-02,1.612525634765625000e+02
2.931857109069824219e-02,3.840865478515625000e+02
8.313894271850585938e-03,6.528521728515625000e+02
1.730513572692871094e-02,7.519207763671875000e+01
1.727366447448730469e-02,2.414149627685546875e+02
1.727700233459472656e-02,5.316975708007812500e+02
1.727414131164550781e-02,1.134331359863281250e+02
1.727652549743652344e-02,6.719745635986328125e+01
1.727652549743652344e-02,1.786239746093750000e+03
1.727557182312011719e-02,1.000194213867187500e+03
1.727414131164550781e-02,4.102949829101562500e+02
1.727676391601562500e-02,9.068680419921875000e+02
3.289628028869628906e-02,8.179633789062500000e+02
1.836943626403808594e-02,1.061614990234375000e+03
1.654386520385742188e-03,1.887928955078125000e+03
1.730585098266601562e-02,1.874834228515625000e+03
1.726961135864257812e-02,3.908868713378906250e+02
2.848839759826660156e-02,1.719465698242187500e+03
1.730489730834960938e-02,3.459606933593750000e+02
1.727747917175292969e-02,1.724349609375000000e+03
1.727104187011718750e-02,7.974088287353515625e+01
1.737713813781738281e-02,1.626069335937500000e+03
1.726603507995605469e-02,2.101543188095092773e+00
1.718187332153320312e-02,5.169036865234375000e+02
1.727533340454101562e-02,1.642717407226562500e+03
1.727509498596191406e-02,5.959837036132812500e+02
1.727581024169921875e-02,9.588161621093750000e+02
1.727676391601562500e-02,2.174277099609375000e+03
1.727461814880371094e-02,8.463969726562500000e+02
1.725506782531738281e-02,-2.892036819458007812e+01
1.727581024169921875e-02,5.564515380859375000e+02
1.729655265808105469e-02,9.349555053710937500e+02
1.727533340454101562e-02,1.156999755859375000e+03
1.730608940124511719e-02,-4.493591690063476562e+01
1.727533340454101562e-02,2.177642333984375000e+03
1.722621917724609375e-02,3.408979980468750000e+03
3.289818763732910156e-02,1.712756835937500000e+03
1.727342605590820312e-02,9.130858154296875000e+02
1.730418205261230469e-02,3.404934387207031250e+02
1.727175712585449219e-02,1.484216918945312500e+03
1.725268363952636719e-02,1.756764160156250000e+03
3.292846679687500000e-02,6.874851684570312500e+02
3.286790847778320312e-02,8.164542846679687500e+02
1.735520362854003906e-02,6.596582641601562500e+02
1.721382141113281250e-02,4.024976196289062500e+02
3.287696838378906250e-02,1.098199462890625000e+03
1.732468605041503906e-02,-1.445925903320312500e+01
3.287577629089355469e-02,8.999873046875000000e+02
1.729083061218261719e-02,2.163678741455078125e+02
3.288483619689941406e-02,8.027426147460937500e+02
1.728796958923339844e-02,2.626737060546875000e+03
3.288078308105468750e-02,6.833114624023437500e+01
1.728248596191406250e-02,1.096398162841796875e+02
3.866863250732421875e-02,9.225328369140625000e+02
1.260161399841308594e-02,3.878316955566406250e+02
3.292632102966308594e-02,2.074050292968750000e+03
1.727747917175292969e-02,1.018739471435546875e+02
1.727557182312011719e-02,1.413281127929687500e+03
1.727986335754394531e-02,5.553619995117187500e+02
1.727223396301269531e-02,2.163988342285156250e+02
1.727533340454101562e-02,3.855632019042968750e+02
1.727652549743652344e-02,9.824915313720703125e+01
1.727557182312011719e-02,1.526587982177734375e+02
1.727509498596191406e-02,2.876055908203125000e+02
3.289484977722167969e-02,1.921632051467895508e+00
1.724791526794433594e-02,4.490317382812500000e+02
1.729488372802734375e-02,2.956818542480468750e+02
1.728701591491699219e-02,1.612798583984375000e+03
1.727628707885742188e-02,5.788327636718750000e+02
1.726460456848144531e-02,1.663050689697265625e+02
1.725482940673828125e-02,1.352692626953125000e+03
1.729583740234375000e-02,1.767331054687500000e+03
1.725578308105468750e-02,1.944560546875000000e+03
1.729702949523925781e-02,1.306694946289062500e+03
3.290724754333496094e-02,1.229026489257812500e+03
1.728415489196777344e-02,2.311979827880859375e+02
1.725625991821289062e-02,5.976235961914062500e+02
1.728630065917968750e-02,1.289021118164062500e+03
1.727843284606933594e-02,-1.777653312683105469e+01
1.728940010070800781e-02,1.376112182617187500e+03
3.288292884826660156e-02,6.501772254705429077e-02
1.727318763732910156e-02,1.628629394531250000e+03
1.727700233459472656e-02,5.488229751586914062e+01
2.165102958679199219e-02,8.850328826904296875e+01
1.639199256896972656e-02,2.346410400390625000e+03
1.867151260375976562e-02,4.230093994140625000e+02
3.376007080078125000e-02,9.900742187500000000e+02
1.986098289489746094e-02,1.371635864257812500e+03
1.794505119323730469e-02,4.487593383789062500e+02
1.853799819946289062e-02,8.849226074218750000e+02
3.496432304382324219e-02,1.675244873046875000e+03
1.843142509460449219e-02,1.131197875976562500e+03
1.814746856689453125e-02,9.790177612304687500e+02
1.948904991149902344e-02,3.039940795898437500e+02
1.710438728332519531e-02,2.035042968750000000e+03
1.843762397766113281e-02,1.686996215820312500e+03
1.834368705749511719e-02,1.062199218750000000e+03
1.805996894836425781e-02,2.881270446777343750e+02
1.863837242126464844e-02,7.882396240234375000e+02
1.754307746887207031e-02,1.221718521118164062e+02
1.868581771850585938e-02,1.081374511718750000e+03
3.674554824829101562e-02,3.824367370605468750e+02
3.396487236022949219e-02,7.990229797363281250e+01
1.774573326110839844e-02,2.410064941406250000e+03
1.980352401733398438e-02,4.303977661132812500e+02
1.729798316955566406e-02,7.737626647949218750e+01
1.848864555358886719e-02,4.184427490234375000e+02
3.351235389709472656e-02,4.802755432128906250e+02
2.718448638916015625e-03,-7.247000122070312500e+01
3.664541244506835938e-02,4.813252016901969910e-02
1.705932617187500000e-02,1.376868286132812500e+03
1.842188835144042969e-02,1.381099243164062500e+02
1.796030998229980469e-02,5.436464309692382812e+01
3.545355796813964844e-02,9.165577392578125000e+02
1.777124404907226562e-02,5.545858154296875000e+02
1.835179328918457031e-02,3.163025665283203125e+01
1.857972145080566406e-02,1.793630981445312500e+03
1.806354522705078125e-02,2.393832275390625000e+03
1.837706565856933594e-02,7.293502807617187500e+00
1.779675483703613281e-02,6.309880828857421875e+01
1.840734481811523438e-02,3.432875061035156250e+02
3.754949569702148438e-02,5.338115844726562500e+02
1.624107360839843750e-02,1.195328063964843750e+02
3.292942047119140625e-02,5.866118774414062500e+02
1.726961135864257812e-02,4.152663269042968750e+02
3.287100791931152344e-02,1.610085815429687500e+03
1.730155944824218750e-02,1.451369781494140625e+02
2.876067161560058594e-02,6.998698425292968750e+01
1.429677009582519531e-02,1.967243576049804688e+01
1.839685440063476562e-02,1.939421264648437500e+03
1.828789710998535156e-02,8.303892822265625000e+02
1.827335357666015625e-02,1.964307403564453125e+02
1.845216751098632812e-02,6.353790283203125000e+02
1.879692077636718750e-02,1.046449203491210938e+02
1.786637306213378906e-02,6.807686157226562500e+02
1.850008964538574219e-02,7.102089691162109375e+01
1.828908920288085938e-02,1.007434234619140625e+02
1.814603805541992188e-02,1.875777282714843750e+02
1.845765113830566406e-02,2.815227050781250000e+03
1.824092864990234375e-02,2.926459960937500000e+02
1.847934722900390625e-02,1.975642852783203125e+02
1.801466941833496094e-02,-7.981750488281250000e+01
1.839113235473632812e-02,5.387176513671875000e+02
1.937866210937500000e-02,2.917551879882812500e+02
4.411268234252929688e-02,9.103126525878906250e+01
7.324218750000000000e-03,5.656904296875000000e+02
1.730751991271972656e-02,1.839354003906250000e+03
1.728320121765136719e-02,1.038816406250000000e+03
1.726818084716796875e-02,1.716799316406250000e+03
3.289651870727539062e-02,8.803312377929687500e+02
1.727271080017089844e-02,1.090430755615234375e+02
3.290033340454101562e-02,8.142675399780273438e+00
1.727271080017089844e-02,3.238782958984375000e+02
1.726770401000976562e-02,4.534833068847656250e+02
1.727628707885742188e-02,1.454698608398437500e+03
1.728868484497070312e-02,1.439710235595703125e+02
1.727390289306640625e-02,2.274678802490234375e+02
1.727533340454101562e-02,1.832718750000000000e+03
4.094386100769042969e-02,8.907264404296875000e+02
1.979088783264160156e-02,2.199046142578125000e+03
1.854944229125976562e-02,6.168983459472656250e+01
2.539682388305664062e-02,9.793816208839416504e-01
1.727628707885742188e-02,1.895539794921875000e+03
1.734304428100585938e-02,2.975567245483398438e+01
3.285837173461914062e-02,1.301735839843750000e+03
2.835774421691894531e-02,6.712170410156250000e+01
1.451516151428222656e-02,9.195625000000000000e+02
1.730132102966308594e-02,6.311133384704589844e+00
3.566956520080566406e-02,1.865348876953125000e+03
1.782488822937011719e-02,9.926213378906250000e+02
3.391885757446289062e-02,2.340998992919921875e+02
1.927757263183593750e-02,6.757597351074218750e+01
1.986789703369140625e-02,9.936074218750000000e+02
1.756811141967773438e-02,1.757970336914062500e+03
3.942728042602539062e-02,2.692022949218750000e+03
2.231478691101074219e-02,2.254517822265625000e+02
2.398133277893066406e-02,1.169637329101562500e+03
1.727461814880371094e-02,1.047575439453125000e+03
3.290033340454101562e-02,1.177059448242187500e+03
1.728439331054687500e-02,1.228854370117187500e+03
1.728606224060058594e-02,2.874818725585937500e+02
1.724600791931152344e-02,4.996744995117187500e+02
1.727509498596191406e-02,3.151648254394531250e+02
1.727581024169921875e-02,8.705777587890625000e+02
1.727652549743652344e-02,2.284000015258789062e+01
1.725554466247558594e-02,1.517431335449218750e+02
1.730251312255859375e-02,5.420388221740722656e+00
3.287005424499511719e-02,2.051820373535156250e+02
1.732516288757324219e-02,1.501193725585937500e+03
3.287625312805175781e-02,1.867767791748046875e+02
1.724672317504882812e-02,1.804334960937500000e+03
1.731419563293457031e-02,5.284017944335937500e+01
2.285289764404296875e-02,8.421075439453125000e+02
1.930522918701171875e-02,1.732309570312500000e+02
1.723217964172363281e-02,1.168966430664062500e+03
1.845002174377441406e-02,5.715751647949218750e+01
1.833081245422363281e-02,2.492669677734375000e+03
1.836276054382324219e-02,8.971538543701171875e+01
1.826477050781250000e-02,9.304940795898437500e+02
1.812338829040527344e-02,5.808950042724609375e+01
2.535438537597656250e-02,5.973040771484375000e+02
2.816748619079589844e-02,2.951035888671875000e+03
1.811528205871582031e-02,2.767265319824218750e+01
1.826834678649902344e-02,8.792720947265625000e+02
1.850414276123046875e-02,1.206145019531250000e+03
3.071928024291992188e-02,2.156968505859375000e+03
1.838207244873046875e-02,2.105767578125000000e+03
5.708217620849609375e-03,1.883320556640625000e+03
1.730799674987792969e-02,7.439758300781250000e+02
2.569079399108886719e-02,5.778594360351562500e+02
2.551078796386718750e-02,5.885842895507812500e+02
2.072310447692871094e-02,6.376610107421875000e+02
1.731896400451660156e-02,1.275072631835937500e+02
3.385353088378906250e-02,3.368109741210937500e+02
3.813982009887695312e-03,1.940527587890625000e+03
1.727700233459472656e-02,5.521331405639648438e+01
1.727509498596191406e-02,1.163164825439453125e+02
1.727604866027832031e-02,1.545913391113281250e+02
3.914666175842285156e-02,9.652756347656250000e+02
1.843881607055664062e-02,2.478479003906250000e+02
1.822042465209960938e-02,9.744586181640625000e+02
1.837396621704101562e-02,1.513618286132812500e+03
1.829409599304199219e-02,3.810475158691406250e+02
1.859760284423828125e-02,5.256870117187500000e+02
1.810932159423828125e-02,1.403301879882812500e+03
1.820015907287597656e-02,8.818500518798828125e+01
1.854419708251953125e-02,-7.247000122070312500e+01
2.021956443786621094e-02,2.449490966796875000e+03
1.729321479797363281e-02,1.456712646484375000e+03
1.729297637939453125e-02,1.612634277343750000e+03
1.822471618652343750e-02,8.506203460693359375e+01
1.847672462463378906e-02,7.523986206054687500e+02
2.640843391418457031e-02,1.562545318603515625e+02
1.758718490600585938e-02,6.972810668945312500e+02
2.587819099426269531e-02,3.421877746582031250e+02
1.724505424499511719e-02,6.054580688476562500e+01
1.728105545043945312e-02,-2.604549527168273926e-01
1.729059219360351562e-02,4.700519409179687500e+02
1.727604866027832031e-02,1.435366088867187500e+03
1.727557182312011719e-02,1.455579589843750000e+03
1.725530624389648438e-02,1.303916454315185547e+01
1.729655265808105469e-02,9.686384277343750000e+02
1.727509498596191406e-02,1.468463592529296875e+02
1.727676391601562500e-02,2.951548767089843750e+02
3.002500534057617188e-02,7.133460083007812500e+02
3.527593612670898438e-02,1.419031005859375000e+03
1.784038543701171875e-02,9.382664794921875000e+02
1.862478256225585938e-02,3.731181030273437500e+02
1.801705360412597656e-02,1.478786621093750000e+03
1.845955848693847656e-02,1.194319946289062500e+03
1.817893981933593750e-02,2.081223388671875000e+03
1.858901977539062500e-02,7.288814086914062500e+02
1.819777488708496094e-02,1.286649780273437500e+03
1.976418495178222656e-02,2.214234008789062500e+02
3.399968147277832031e-02,1.690975646972656250e+02
1.778984069824218750e-02,1.726904602050781250e+02
1.853036880493164062e-02,1.455334472656250000e+03
2.255630493164062500e-02,1.801264648437500000e+03
1.919960975646972656e-02,2.904193496704101562e+01
1.240396499633789062e-02,1.646353637695312500e+03
3.292298316955566406e-02,1.652285385131835938e+01
1.726818084716796875e-02,1.663581085205078125e+02
1.727581024169921875e-02,8.185354614257812500e+02
2.233886718750000000e-02,4.679372787475585938e+01
1.821923255920410156e-02,2.065632324218750000e+03
1.730513572692871094e-02,4.796116943359375000e+02
1.727724075317382812e-02,7.214274902343750000e+02
1.727199554443359375e-02,9.252150268554687500e+02
3.289055824279785156e-02,8.807848358154296875e+01
1.727604866027832031e-02,1.026385986328125000e+03
1.729869842529296875e-02,4.846096515655517578e+00
1.726317405700683594e-02,1.781958251953125000e+03
3.290200233459472656e-02,3.548790588378906250e+02
1.726818084716796875e-02,8.048712921142578125e+01
3.290271759033203125e-02,3.318101119995117188e+01
2.895045280456542969e-02,9.243439331054687500e+02
4.820585250854492188e-03,4.368543148040771484e+00
3.118681907653808594e-02,1.670747558593750000e+03
5.465269088745117188e-03,5.564974365234375000e+02
1.730728149414062500e-02,1.051365722656250000e+03
3.290033340454101562e-02,2.273869934082031250e+02
1.727032661437988281e-02,2.166010589599609375e+02
1.727795600891113281e-02,1.143211914062500000e+03
1.727628707885742188e-02,1.695702514648437500e+03
1.727557182312011719e-02,6.362454605102539062e+01
1.728105545043945312e-02,5.633919525146484375e+01
1.727080345153808594e-02,2.166881713867187500e+02
1.727771759033203125e-02,1.367773925781250000e+03
1.727318763732910156e-02,2.058710174560546875e+02
1.727557182312011719e-02,2.502975006103515625e+02
3.289723396301269531e-02,3.072567382812500000e+03
1.727342605590820312e-02,1.271960067749023438e+01
1.727724075317382812e-02,1.515785888671875000e+03
1.729273796081542969e-02,3.895704345703125000e+02
1.727819442749023438e-02,3.080664062500000000e+03
1.727747917175292969e-02,1.873254760742187500e+03
1.726961135864257812e-02,8.905309448242187500e+02
1.728296279907226562e-02,4.746837158203125000e+02
3.289294242858886719e-02,9.565052032470703125e+01
3.287839889526367188e-02,1.055827045440673828e+01
1.727700233459472656e-02,3.499284179687500000e+03
1.727938652038574219e-02,2.212974853515625000e+03
1.726722717285156250e-02,8.991539306640625000e+02
1.725006103515625000e-02,2.520351562500000000e+03
3.292441368103027344e-02,5.515736694335937500e+02
1.729106903076171875e-02,1.085205444335937500e+03
3.288340568542480469e-02,2.727359924316406250e+02
1.726651191711425781e-02,2.871668701171875000e+03
1.729822158813476562e-02,1.975420532226562500e+03
1.726102828979492188e-02,5.629542236328125000e+02
3.939509391784667969e-02,1.261499389648437500e+03
3.783941268920898438e-03,4.863940734863281250e+02
3.428339958190917969e-02,9.860471191406250000e+02
2.832412719726562500e-03,1.432220092773437500e+03
3.580999374389648438e-02,5.173749923706054688e-01
1.753187179565429688e-02,7.261677246093750000e+02
1.933121681213378906e-02,1.164353847503662109e+01
1.699376106262207031e-02,7.698829956054687500e+02
3.552198410034179688e-02,4.325267639160156250e+02
1.797676086425781250e-02,1.652967651367187500e+03
1.822209358215332031e-02,9.925808105468750000e+02
2.697157859802246094e-02,1.948721923828125000e+03
2.563118934631347656e-02,9.882285766601562500e+02
1.730871200561523438e-02,1.609435424804687500e+02
1.726269721984863281e-02,7.436854248046875000e+02
1.727533340454101562e-02,2.473050842285156250e+02
1.730275154113769531e-02,2.006490020751953125e+02
1.727867126464843750e-02,1.913833374023437500e+03
1.727771759033203125e-02,5.638706054687500000e+02
1.724386215209960938e-02,4.677488403320312500e+02
1.727581024169921875e-02,-2.984126281738281250e+01
1.727604866027832031e-02,5.522496948242187500e+02
1.726102828979492188e-02,8.229265594482421875e+01
2.938866615295410156e-02,2.748196289062500000e+03
1.874279975891113281e-02,2.013751342773437500e+03
1.850581169128417969e-02,1.546329307556152344e+01
1.800990104675292969e-02,1.018125671386718750e+03
1.855254173278808594e-02,9.784871826171875000e+02
1.830530166625976562e-02,1.649983886718750000e+03
1.838874816894531250e-02,6.299595336914062500e+02
1.802062988281250000e-02,1.532217121124267578e+01
2.145838737487792969e-02,6.696042633056640625e+01
1.524209976196289062e-02,4.674033813476562500e+02
1.831912994384765625e-02,5.442156372070312500e+02
1.836991310119628906e-02,3.809905090332031250e+02
1.852178573608398438e-02,4.650794372558593750e+02
1.846528053283691406e-02,6.656336059570312500e+02
1.805567741394042969e-02,1.603256958007812500e+03
1.794171333312988281e-02,3.175002441406250000e+02
1.824355125427246094e-02,-4.212800216674804688e+01
1.894664764404296875e-02,1.285561767578125000e+03
1.840782165527343750e-02,1.228743164062500000e+03
1.833057403564453125e-02,7.259276123046875000e+02
1.727962493896484375e-02,1.212062988281250000e+03
1.730442047119140625e-02,4.025101013183593750e+02
1.727366447448730469e-02,1.993289916992187500e+03
1.727676391601562500e-02,1.117635009765625000e+03
1.727628707885742188e-02,1.211474151611328125e+02
1.727604866027832031e-02,1.279804687500000000e+02
1.727533340454101562e-02,7.437536621093750000e+02
1.727557182312011719e-02,4.629030151367187500e+02
1.727557182312011719e-02,1.249749145507812500e+03
2.082705497741699219e-02,7.710759887695312500e+02
8.580446243286132812e-03,1.888983154296875000e+03
1.838302612304687500e-02,1.242621826171875000e+03
1.843142509460449219e-02,1.272348510742187500e+03
3.532052040100097656e-02,1.010782012939453125e+02
1.793789863586425781e-02,1.363837768554687500e+03
1.846241950988769531e-02,1.122626220703125000e+03
1.834797859191894531e-02,3.793016967773437500e+02
2.070641517639160156e-02,1.130383789062500000e+03
1.587486267089843750e-02,3.000241699218750000e+02
1.851129531860351562e-02,1.746278564453125000e+03
1.810622215270996094e-02,1.835627197265625000e+03
2.185773849487304688e-02,1.871533691406250000e+03
3.144979476928710938e-02,2.242719421386718750e+02
2.228021621704101562e-02,1.257587768554687500e+03
1.348876953125000000e-02,7.519356079101562500e+02
1.730823516845703125e-02,1.217194213867187500e+03
1.727533340454101562e-02,9.064136505126953125e+01
1.727581024169921875e-02,2.072255371093750000e+03
1.727867126464843750e-02,5.021013793945312500e+02
1.727247238159179688e-02,3.474215393066406250e+02
1.727581024169921875e-02,1.777426879882812500e+03
1.728844642639160156e-02,1.143220703125000000e+03
3.288507461547851562e-02,3.512780151367187500e+02
1.728892326354980469e-02,3.458466491699218750e+02
3.287911415100097656e-02,9.344445190429687500e+02
1.728034019470214844e-02,3.854102325439453125e+01
1.727247238159179688e-02,5.339631347656250000e+02
3.290319442749023438e-02,5.461822509765625000e+02
1.726961135864257812e-02,9.941677246093750000e+02
1.727724075317382812e-02,6.660309448242187500e+02
1.727867126464843750e-02,9.348676147460937500e+02
2.152109146118164062e-02,1.730552368164062500e+03
1.836824417114257812e-02,5.542153930664062500e+02
1.845073699951171875e-02,3.596041503906250000e+03
1.731300354003906250e-02,1.515345947265625000e+03
1.727318763732910156e-02,1.046206054687500000e+03
1.727366447448730469e-02,5.962750625610351562e+01
1.726412773132324219e-02,1.625917358398437500e+03
1.727604866027832031e-02,5.330307006835937500e+01
1.727604866027832031e-02,2.939673461914062500e+02
8.608818054199218750e-03,7.965253906250000000e+02
1.870274543762207031e-02,1.025925750732421875e+02
1.831936836242675781e-02,2.216323242187500000e+02
1.836061477661132812e-02,1.084975585937500000e+03
1.840376853942871094e-02,3.166123580932617188e+01
1.843857765197753906e-02,7.032310485839843750e+01
1.853609085083007812e-02,3.254507751464843750e+02
1.803755760192871094e-02,1.039800170898437500e+03
3.483748435974121094e-02,1.009258239746093750e+03
1.827478408813476562e-02,3.636080017089843750e+02
1.846027374267578125e-02,1.082175781250000000e+03
1.831603050231933594e-02,1.395123413085937500e+03
2.031016349792480469e-02,2.714867553710937500e+02
1.784610748291015625e-02,1.160401489257812500e+03
1.580739021301269531e-02,-5.669223144650459290e-02
3.292226791381835938e-02,5.185069084167480469e+00
1.729226112365722656e-02,4.872267456054687500e+02
1.726150512695312500e-02,1.008109985351562500e+03
1.727652549743652344e-02,8.055314331054687500e+02
1.727819442749023438e-02,4.664902343750000000e+02
1.727724075317382812e-02,4.692185668945312500e+02
3.289747238159179688e-02,1.451672119140625000e+03
1.726984977722167969e-02,2.333176513671875000e+03
3.289747238159179688e-02,1.863024047851562500e+03
1.534628868103027344e-02,2.510438995361328125e+02
1.809978485107421875e-02,2.110676879882812500e+02
1.923298835754394531e-02,1.946818115234375000e+03
1.747107505798339844e-02,6.288809204101562500e+02
1.863455772399902344e-02,2.245319366455078125e+02
3.570866584777832031e-02,5.493154907226562500e+02
3.527426719665527344e-02,1.930888916015625000e+03
1.746416091918945312e-02,1.229058471679687500e+03
1.807427406311035156e-02,1.613802490234375000e+03
1.834034919738769531e-02,2.436955108642578125e+02
1.830840110778808594e-02,1.558803558349609375e+02
2.300977706909179688e-02,8.441156616210937500e+02
2.760601043701171875e-02,2.201031446456909180e+00
1.920938491821289062e-02,1.743117675781250000e+02
1.727652549743652344e-02,7.286134033203125000e+02
3.289842605590820312e-02,1.068063720703125000e+03
1.729202270507812500e-02,1.402020141601562500e+03
3.287982940673828125e-02,6.364768676757812500e+02
1.729226112365722656e-02,2.171524047851562500e+02
3.288102149963378906e-02,9.296317138671875000e+02
2.354788780212402344e-02,1.582471191406250000e+03
2.437448501586914062e-02,6.352979736328125000e+02
1.852560043334960938e-02,1.525094726562500000e+03
1.824951171875000000e-02,1.215676025390625000e+03
1.843285560607910156e-02,2.007427978515625000e+03
1.897954940795898438e-02,1.423178466796875000e+03
1.784133911132812500e-02,1.371729980468750000e+03
3.831434249877929688e-02,1.485870483398437500e+03
1.633358001708984375e-02,1.520039428710937500e+03
3.294062614440917969e-02,1.021988281250000000e+03
2.600169181823730469e-02,9.338944702148437500e+02
2.302813529968261719e-02,6.634815979003906250e+01
6.654739379882812500e-03,1.112737548828125000e+03
1.729679107666015625e-02,4.454535522460937500e+02
1.727581024169921875e-02,1.223325561523437500e+03
3.290772438049316406e-02,1.548139892578125000e+03
1.724481582641601562e-02,1.217291870117187500e+03
1.732659339904785156e-02,3.381214294433593750e+02
1.722478866577148438e-02,9.840499877929687500e+01
1.727557182312011719e-02,2.543657836914062500e+02
1.732444763183593750e-02,4.745147399902343750e+02
1.724767684936523438e-02,7.748634643554687500e+02
1.725530624389648438e-02,4.274720764160156250e+02
1.729607582092285156e-02,4.231453552246093750e+02
1.727628707885742188e-02,2.098599853515625000e+03
3.290939331054687500e-02,5.022779235839843750e+02
1.729345321655273438e-02,2.755669860839843750e+02
1.727557182312011719e-02,4.894831848144531250e+02
1.726675033569335938e-02,1.044384689331054688e+02
1.725482940673828125e-02,9.828382873535156250e+01
3.287792205810546875e-02,9.306981811523437500e+02
2.383112907409667969e-02,6.013239288330078125e+01
1.745057106018066406e-02,1.195219360351562500e+03
1.808619499206542969e-02,8.029742431640625000e+02
1.743841171264648438e-02,1.340000033378601074e+00
1.727628707885742188e-02,3.234510498046875000e+02
1.727557182312011719e-02,1.499244995117187500e+03
1.727771759033203125e-02,6.459680786132812500e+02
1.727366447448730469e-02,1.717428955078125000e+03
1.727604866027832031e-02,1.462101074218750000e+03
1.729798316955566406e-02,1.133839492797851562e+02
1.726293563842773438e-02,1.454251556396484375e+02
3.288674354553222656e-02,6.329653930664062500e+02
1.729035377502441406e-02,1.866027069091796875e+02
1.726984977722167969e-02,2.598331787109375000e+03
3.290534019470214844e-02,5.737461547851562500e+02
1.727223396301269531e-02,1.081871826171875000e+03
3.289985656738281250e-02,1.893243652343750000e+03
1.727008819580078125e-02,1.136579956054687500e+03
1.727628707885742188e-02,6.515850830078125000e+02
1.727676391601562500e-02,-5.122179031372070312e+00
1.727509498596191406e-02,1.493991455078125000e+03
1.727581024169921875e-02,1.025337768554687500e+03
3.290224075317382812e-02,5.259143066406250000e+02
1.726746559143066406e-02,1.238391723632812500e+03
1.727890968322753906e-02,2.240080413818359375e+02
1.728081703186035156e-02,1.011766845703125000e+03
1.727056503295898438e-02,9.496229858398437500e+02
3.289937973022460938e-02,7.120908355712890625e+01
1.727128028869628906e-02,8.729124145507812500e+02
3.289699554443359375e-02,1.020217514038085938e+02
1.727652549743652344e-02,1.118179321289062500e+01
1.727676391601562500e-02,1.767099853515625000e+03
1.727581024169921875e-02,2.582040527343750000e+03
1.728081703186035156e-02,2.317863082885742188e+01
1.727151870727539062e-02,9.111551513671875000e+02
1.727485656738281250e-02,2.652080078125000000e+02
3.289651870727539062e-02,1.065416625976562500e+03
1.724672317504882812e-02,1.308424804687500000e+03
3.292632102966308594e-02,1.650563110351562500e+03
1.727771759033203125e-02,3.240923767089843750e+02
3.289651870727539062e-02,2.423039062500000000e+03
1.728367805480957031e-02,3.890000104904174805e+00
1.723527908325195312e-02,1.553887207031250000e+03
1.730203628540039062e-02,3.215179138183593750e+02
1.727652549743652344e-02,8.308332519531250000e+02
1.727914810180664062e-02,1.977204742431640625e+02
1.727819442749023438e-02,2.398897216796875000e+03
1.727533340454101562e-02,2.469627227783203125e+02
3.290104866027832031e-02,1.239939117431640625e+02
1.726794242858886719e-02,4.615852661132812500e+02
1.727509498596191406e-02,4.902296543121337891e+00
1.727938652038574219e-02,8.147500000000000000e+02
1.727509498596191406e-02,1.001348449707031250e+03
1.727557182312011719e-02,2.629593200683593750e+02
3.287243843078613281e-02,1.967531585693359375e+02
1.731133460998535156e-02,1.229029296875000000e+03
2.681612968444824219e-02,7.449342041015625000e+02
2.392554283142089844e-02,7.797904663085937500e+02
1.803922653198242188e-02,9.297800903320312500e+02
1.815056800842285156e-02,9.128158569335937500e+02
1.854801177978515625e-02,2.050096893310546875e+02
2.115345001220703125e-02,7.819847106933593750e+01
1.727437973022460938e-02,6.962041015625000000e+02
3.290081024169921875e-02,4.695202331542968750e+02
2.455663681030273438e-02,3.247334899902343750e+02
1.639080047607421875e-02,1.016143310546875000e+03
1.864814758300781250e-02,4.553133850097656250e+02
1.859617233276367188e-02,2.899305725097656250e+01
2.697491645812988281e-02,4.355030212402343750e+02
2.465462684631347656e-02,2.205993652343750000e+01
2.534389495849609375e-02,4.044221878051757812e+01
2.618598937988281250e-02,4.083862915039062500e+02
1.965212821960449219e-02,1.127926269531250000e+03
1.973128318786621094e-02,2.116556358337402344e+01
1.756501197814941406e-02,1.909214111328125000e+03
1.727604866027832031e-02,8.639805603027343750e+01
1.727557182312011719e-02,7.814511108398437500e+02
5.091190338134765625e-03,6.067008666992187500e+02
1.729631423950195312e-02,1.700549804687500000e+03
1.725506782531738281e-02,9.555477294921875000e+02
3.291869163513183594e-02,7.287722167968750000e+02
1.727962493896484375e-02,3.318761291503906250e+02
1.728034019470214844e-02,7.039381103515625000e+02
1.727604866027832031e-02,2.943210754394531250e+02
1.727652549743652344e-02,1.618479492187500000e+03
3.290009498596191406e-02,1.280252319335937500e+03
1.727128028869628906e-02,2.259632080078125000e+03
3.289723396301269531e-02,4.410052795410156250e+02
1.724648475646972656e-02,1.853583496093750000e+03
1.727581024169921875e-02,7.147796020507812500e+02
1.727628707885742188e-02,7.473342895507812500e+02
1.735424995422363281e-02,8.577817993164062500e+02
1.720809936523437500e-02,5.212628173828125000e+01
3.291702270507812500e-02,5.830823364257812500e+02
1.728415489196777344e-02,2.208260955810546875e+02
1.728630065917968750e-02,7.566055908203125000e+02
3.287506103515625000e-02,8.616226806640625000e+02
1.727890968322753906e-02,2.601284484863281250e+02
1.728892326354980469e-02,4.368854370117187500e+02
3.288102149963378906e-02,8.134264526367187500e+02
1.550269126892089844e-02,2.042666168212890625e+02
4.320454597473144531e-02,2.573286437988281250e+02
3.083777427673339844e-02,3.637354431152343750e+02
1.319074630737304688e-02,1.686550445556640625e+02
1.952457427978515625e-02,1.370168090820312500e+03
1.729798316955566406e-02,1.558348754882812500e+03
3.290295600891113281e-02,9.670972290039062500e+02
1.729941368103027344e-02,4.083912658691406250e+01
3.287386894226074219e-02,8.962169799804687500e+02
1.727914810180664062e-02,1.473115234375000000e+03
1.726603507995605469e-02,1.522077484130859375e+02
1.730394363403320312e-02,1.734632446289062500e+03
1.727962493896484375e-02,4.483708190917968750e+01
1.722288131713867188e-02,2.508426513671875000e+03
1.732468605041503906e-02,1.659533569335937500e+03
3.287458419799804688e-02,2.905571777343750000e+03
1.726818084716796875e-02,2.291191558837890625e+02
1.654386520385742188e-03,9.472450561523437500e+02
3.287744522094726562e-02,3.729783248901367188e+01
1.732230186462402344e-02,8.148600463867187500e+02
1.725840568542480469e-02,3.065823364257812500e+02
3.287076950073242188e-02,1.434950439453125000e+03
1.730108261108398438e-02,1.194877853393554688e+02
2.416229248046875000e-02,1.369000976562500000e+03
1.730990409851074219e-02,3.425922851562500000e+02
3.632473945617675781e-02,8.475705566406250000e+02
2.657198905944824219e-02,1.163045166015625000e+03
2.611851692199707031e-02,1.344904418945312500e+03
1.727557182312011719e-02,2.879611206054687500e+02
1.730656623840332031e-02,3.505593872070312500e+01
2.048826217651367188e-02,1.461998779296875000e+03
1.834940910339355469e-02,2.847703857421875000e+03
1.846003532409667969e-02,2.990589294433593750e+02
2.703142166137695312e-02,1.186200073242187500e+03
2.441740036010742188e-02,6.885836181640625000e+02
3.238201141357421875e-03,1.038595703125000000e+03
3.289699554443359375e-02,3.722497863769531250e+02
1.730465888977050781e-02,1.655441772460937500e+03
1.729273796081542969e-02,1.316836853027343750e+02
3.288626670837402344e-02,1.150082641601562500e+03
1.727032661437988281e-02,4.255937805175781250e+02
3.290224075317382812e-02,3.043509826660156250e+02
1.727199554443359375e-02,1.915727050781250000e+03
1.727199554443359375e-02,2.545149383544921875e+02
3.289914131164550781e-02,7.126633911132812500e+02
1.725077629089355469e-02,1.018083190917968750e+03
3.289318084716796875e-02,1.345760253906250000e+03
1.735997200012207031e-02,7.166727294921875000e+02
3.284525871276855469e-02,2.984585189819335938e+01
1.728510856628417969e-02,9.523384857177734375e+01
1.723384857177734375e-02,2.124958419799804688e+01
2.379870414733886719e-02,7.482921600341796875e+01
1.844835281372070312e-02,2.477656364440917969e+01
2.560853958129882812e-02,6.593619995117187500e+02
1.253008842468261719e-02,-2.874022293090820312e+01
1.730585098266601562e-02,9.394788818359375000e+02
1.727676391601562500e-02,2.643963317871093750e+02
1.728105545043945312e-02,1.071171142578125000e+03
1.727032661437988281e-02,1.693338500976562500e+03
1.727819442749023438e-02,-1.433119654655456543e+00
1.724243164062500000e-02,8.663952636718750000e+02
1.729798316955566406e-02,2.524976806640625000e+03
1.728868484497070312e-02,5.809577026367187500e+02
1.727128028869628906e-02,6.180911865234375000e+02
3.142523765563964844e-02,4.373593139648437500e+01
2.571320533752441406e-02,8.017655639648437500e+02
2.151894569396972656e-02,9.204016113281250000e+01
2.004313468933105469e-02,1.507977142333984375e+02
1.727485656738281250e-02,5.955136718750000000e+02
1.729583740234375000e-02,9.265688476562500000e+02
3.290510177612304688e-02,8.481993408203125000e+02
1.729679107666015625e-02,1.367155639648437500e+03
1.723003387451171875e-02,1.043797119140625000e+03
1.727294921875000000e-02,1.198576049804687500e+03
3.292369842529296875e-02,4.911855468750000000e+02
1.727437973022460938e-02,6.906337738037109375e+01
1.654386520385742188e-03,1.557989013671875000e+03
3.287076950073242188e-02,8.724968261718750000e+02
1.730275154113769531e-02,5.760953979492187500e+02
1.727771759033203125e-02,9.240476684570312500e+02
1.724720001220703125e-02,6.711683959960937500e+02
1.721262931823730469e-02,1.253159301757812500e+03
2.001667022705078125e-02,2.086476806640625000e+03
1.829767227172851562e-02,3.275531005859375000e+01
1.627135276794433594e-02,4.305081787109375000e+02
1.730513572692871094e-02,1.342396972656250000e+03
1.724696159362792969e-02,5.291131591796875000e+02
1.727509498596191406e-02,7.171029663085937500e+02
1.730847358703613281e-02,1.096900634765625000e+03
1.724267005920410156e-02,4.026319580078125000e+02
1.730871200561523438e-02,3.284871520996093750e+02
1.724362373352050781e-02,5.317406005859375000e+02
1.731538772583007812e-02,1.846443847656250000e+03
3.288435935974121094e-02,2.651435852050781250e+01
1.729226112365722656e-02,3.186837768554687500e+02
3.020191192626953125e-02,1.532814331054687500e+03
1.907086372375488281e-02,5.686642456054687500e+02
2.413463592529296875e-02,1.582841033935546875e+02
1.856470108032226562e-02,5.149804687500000000e+01
1.135730743408203125e-02,6.707960510253906250e+01
3.292608261108398438e-02,1.995559997558593750e+02
1.727890968322753906e-02,7.722067356109619141e+00
1.732635498046875000e-02,3.418279418945312500e+02
3.281521797180175781e-02,7.398867797851562500e+02
1.731944084167480469e-02,7.299856567382812500e+02
3.287982940673828125e-02,3.664500122070312500e+02
1.726889610290527344e-02,3.603916625976562500e+02
1.727652549743652344e-02,1.296895507812500000e+03
1.728224754333496094e-02,2.952942810058593750e+02
1.726984977722167969e-02,1.258846817016601562e+02
1.650953292846679688e-02,4.822557983398437500e+02
2.320837974548339844e-02,2.369174194335937500e+02
1.869297027587890625e-02,8.277473144531250000e+02
1.204586029052734375e-02,2.567115020751953125e+01
1.732826232910156250e-02,2.261853332519531250e+02
1.727366447448730469e-02,1.969829864501953125e+02
1.724672317504882812e-02,6.884653930664062500e+02
1.728010177612304688e-02,1.161787033081054688e+02
1.727056503295898438e-02,5.237142944335937500e+02
3.290534019470214844e-02,1.297040893554687500e+03
1.729702949523925781e-02,3.024911499023437500e+02
3.287529945373535156e-02,1.973723999023437500e+03
1.729273796081542969e-02,1.694946479797363281e+01
3.287887573242187500e-02,4.161688842773437500e+02
1.729249954223632812e-02,4.250726928710937500e+02
3.285360336303710938e-02,2.696204833984375000e+03
1.731371879577636719e-02,8.038659667968750000e+02
1.726627349853515625e-02,7.375456542968750000e+02
3.242945671081542969e-02,8.576400756835937500e+02
1.560497283935546875e-02,9.910584106445312500e+02
9.254693984985351562e-03,1.462437744140625000e+02
1.729679107666015625e-02,2.038536010742187500e+03
1.727628707885742188e-02,8.780008544921875000e+02
1.727557182312011719e-02,9.737084960937500000e+01
1.727581024169921875e-02,2.465984375000000000e+03
1.727557182312011719e-02,1.111517456054687500e+03
3.290843963623046875e-02,9.250823020935058594e+00
1.724410057067871094e-02,7.113191986083984375e+01
3.201866149902343750e-02,7.952843627929687500e+02
2.660655975341796875e-02,2.281254119873046875e+02
2.052211761474609375e-02,1.115260498046875000e+03
1.728940010070800781e-02,1.388670410156250000e+03
3.288102149963378906e-02,1.344488037109375000e+03
1.728272438049316406e-02,9.941082000732421875e+01
1.726984977722167969e-02,9.393788452148437500e+02
3.290271759033203125e-02,1.673930206298828125e+02
1.727271080017089844e-02,2.755373229980468750e+02
1.724505424499511719e-02,5.254032592773437500e+02
1.731109619140625000e-02,9.908314208984375000e+02
1.726031303405761719e-02,3.326134643554687500e+02
1.725554466247558594e-02,2.513702087402343750e+02
3.293085098266601562e-02,4.338640747070312500e+02
1.724219322204589844e-02,8.470861206054687500e+02
3.292870521545410156e-02,1.163746459960937500e+03
1.727271080017089844e-02,1.703081665039062500e+03
3.289914131164550781e-02,3.082200317382812500e+02
2.397179603576660156e-02,5.833632946014404297e+00
1.918292045593261719e-02,9.575154418945312500e+02
3.075361251831054688e-02,2.858760070800781250e+01
2.365851402282714844e-02,2.522282562255859375e+02
1.730275154113769531e-02,1.389867858886718750e+02
1.724839210510253906e-02,1.310272312164306641e+01
1.730728149414062500e-02,6.103758544921875000e+02
1.985335350036621094e-02,9.317009277343750000e+02
3.448486328125000000e-02,1.832718200683593750e+02
1.841235160827636719e-02,3.361392822265625000e+02
1.730775833129882812e-02,2.049658203125000000e+03
1.729202270507812500e-02,2.754624755859375000e+03
3.287863731384277344e-02,1.970034057617187500e+03
1.726722717285156250e-02,1.433614135742187500e+03
1.729869842529296875e-02,6.218124389648437500e+02
3.289127349853515625e-02,1.228556762695312500e+03
2.635073661804199219e-02,5.591794967651367188e+01
1.724696159362792969e-02,4.307012939453125000e+01
1.732659339904785156e-02,3.688958129882812500e+02
1.727700233459472656e-02,1.045671005249023438e+02
1.724362373352050781e-02,1.412925292968750000e+03
1.727604866027832031e-02,2.638066406250000000e+02
3.287696838378906250e-02,4.364241333007812500e+02
1.732540130615234375e-02,1.646808837890625000e+03
1.727533340454101562e-02,1.392332458496093750e+02
1.724624633789062500e-02,7.570421142578125000e+02
1.727652549743652344e-02,5.352518463134765625e+01
1.727485656738281250e-02,8.356893310546875000e+02
1.725554466247558594e-02,4.636690673828125000e+02
1.729583740234375000e-02,4.955122070312500000e+02
1.727581024169921875e-02,1.962553100585937500e+03
1.731061935424804688e-02,1.120326782226562500e+03
3.287529945373535156e-02,1.002677062988281250e+03
2.733588218688964844e-02,6.879824829101562500e+02
1.285004615783691406e-02,1.428874511718750000e+02
3.017139434814453125e-02,6.776230468750000000e+02
1.810336112976074219e-02,-5.839646339416503906e+00
2.168130874633789062e-02,9.514374542236328125e+01
1.726984977722167969e-02,1.368271972656250000e+03
3.290033340454101562e-02,1.850140747070312500e+03
1.724815368652343750e-02,-2.842008113861083984e+00
1.727151870727539062e-02,1.502952270507812500e+03
3.292846679687500000e-02,1.179102249145507812e+02
1.728463172912597656e-02,2.511237144470214844e+01
1.723718643188476562e-02,1.266672973632812500e+03
1.730132102966308594e-02,6.147546386718750000e+02
3.047585487365722656e-02,7.428222045898437500e+02
1.730561256408691406e-02,9.376760864257812500e+02
3.290271759033203125e-02,1.092038085937500000e+03
1.726651191711425781e-02,1.454682159423828125e+02
1.726889610290527344e-02,2.586936035156250000e+02
1.729440689086914062e-02,1.425389526367187500e+03
1.726818084716796875e-02,4.651882553100585938e+01
1.727533340454101562e-02,2.709687011718750000e+03
1.727962493896484375e-02,2.332369628906250000e+03
3.289437294006347656e-02,1.508033294677734375e+02
3.041720390319824219e-02,1.019954986572265625e+02
1.724743843078613281e-02,5.308472824096679688e+01
1.727867126464843750e-02,6.096464233398437500e+02
3.292751312255859375e-02,1.229667358398437500e+03
2.187538146972656250e-02,1.284007080078125000e+03
2.808117866516113281e-02,6.791937866210937500e+02
3.063273429870605469e-02,7.144898681640625000e+02
1.831984519958496094e-02,2.249299812316894531e+01
1.273751258850097656e-02,6.637075195312500000e+02
1.732611656188964844e-02,1.545812011718750000e+03
1.722598075866699219e-02,2.637236572265625000e+03
1.729917526245117188e-02,9.817720947265625000e+02
1.727247238159179688e-02,9.033162841796875000e+02
1.727581024169921875e-02,3.779209594726562500e+02
1.727581024169921875e-02,1.939676879882812500e+03
1.728200912475585938e-02,1.046402343750000000e+03
1.724863052368164062e-02,7.887211914062500000e+02
1.730847358703613281e-02,1.610402832031250000e+03
1.724457740783691406e-02,8.290391235351562500e+02
1.727557182312011719e-02,9.398861694335937500e+02
1.727557182312011719e-02,6.005760498046875000e+02
1.727581024169921875e-02,5.200350341796875000e+02
3.289699554443359375e-02,1.578103179931640625e+02
1.654386520385742188e-03,5.400000214576721191e-01
1.727557182312011719e-02,9.014636230468750000e+01
1.727581024169921875e-02,-3.182411432266235352e+00
1.727581024169921875e-02,4.321439514160156250e+02
1.727604866027832031e-02,7.197100830078125000e+02
1.727557182312011719e-02,7.548361816406250000e+02
1.727557182312011719e-02,1.706505249023437500e+03
1.836061477661132812e-02,3.492928466796875000e+03
3.113746643066406250e-02,6.394298171997070312e+01
1.732563972473144531e-02,1.761343078613281250e+02
1.725697517395019531e-02,1.418911010742187500e+03
3.289794921875000000e-02,1.764238769531250000e+03
1.727509498596191406e-02,1.011617614746093750e+03
3.812146186828613281e-02,9.185971679687500000e+02
2.118825912475585938e-02,2.152207275390625000e+03
2.590441703796386719e-02,1.883019897460937500e+03
1.728415489196777344e-02,1.036995483398437500e+03
3.179502487182617188e-02,5.360047607421875000e+02
2.366614341735839844e-02,-2.775008201599121094e+00
1.730084419250488281e-02,9.843998413085937500e+02
1.727199554443359375e-02,2.029645019531250000e+03
1.728224754333496094e-02,3.081950759887695312e+01
1.729464530944824219e-02,9.390588378906250000e+01
3.287839889526367188e-02,9.276087036132812500e+02
1.654386520385742188e-03,2.713912658691406250e+02
1.727008819580078125e-02,1.329284423828125000e+03
1.725411415100097656e-02,1.047542480468750000e+03
1.730704307556152344e-02,1.003756809234619141e+01
1.727795600891113281e-02,3.754045715332031250e+02
1.727342605590820312e-02,1.237869506835937500e+03
3.290033340454101562e-02,9.008049926757812500e+02
1.698136329650878906e-02,4.693590393066406250e+02
1.730680465698242188e-02,1.361301879882812500e+03
1.727652549743652344e-02,8.291600952148437500e+02
1.728129386901855469e-02,3.960181884765625000e+02
1.727080345153808594e-02,1.601785278320312500e+03
1.727509498596191406e-02,7.154966735839843750e+01
3.289961814880371094e-02,5.553201293945312500e+02
1.727032661437988281e-02,2.653450012207031250e+02
3.290081024169921875e-02,1.557158355712890625e+02
2.676415443420410156e-02,1.709261718750000000e+03
1.814866065979003906e-02,1.657469604492187500e+03
1.836585998535156250e-02,3.266265563964843750e+02
2.268314361572265625e-03,2.023958618164062500e+03
3.289651870727539062e-02,1.636487579345703125e+01
3.998041152954101562e-03,2.869524192810058594e+01
1.727604866027832031e-02,1.473403930664062500e+02
3.292584419250488281e-02,2.063915771484375000e+03
4.822969436645507812e-03,1.473533081054687500e+03
1.836562156677246094e-02,6.287707901000976562e+01
1.840734481811523438e-02,6.099319458007812500e+02
2.837944030761718750e-02,1.679339965820312500e+03
1.804971694946289062e-02,1.014541549682617188e+02
8.219242095947265625e-03,9.474802856445312500e+02
1.730370521545410156e-02,8.896993408203125000e+02
1.727676391601562500e-02,1.944030761718750000e+01
2.074909210205078125e-02,1.651439697265625000e+03
3.293251991271972656e-02,7.092461547851562500e+02
1.727724075317382812e-02,3.775875244140625000e+02
1.726222038269042969e-02,4.641334152221679688e+01
3.290486335754394531e-02,5.923442382812500000e+02
1.728630065917968750e-02,2.021007080078125000e+03
3.288674354553222656e-02,1.773056396484375000e+03
1.726818084716796875e-02,4.446454238891601562e+01
1.728701591491699219e-02,3.471428222656250000e+02
1.727700233459472656e-02,1.057027832031250000e+03
1.727652549743652344e-02,2.280641746520996094e+01
1.727294921875000000e-02,7.022546997070312500e+02
1.727581024169921875e-02,7.666915283203125000e+02
1.724910736083984375e-02,1.261607421875000000e+03
3.500390052795410156e-02,3.509296798706054688e+01
1.840615272521972656e-02,1.504384521484375000e+03
1.797103881835937500e-02,9.624456176757812500e+02
1.759099960327148438e-02,8.900958862304687500e+02
1.725578308105468750e-02,5.873754272460937500e+02
1.654386520385742188e-03,2.823434448242187500e+02
1.729607582092285156e-02,4.405315246582031250e+02
3.290605545043945312e-02,1.208765991210937500e+03
1.727461814880371094e-02,3.335322265625000000e+02
1.728129386901855469e-02,2.521360931396484375e+02
1.726293563842773438e-02,7.065266113281250000e+02
3.290271759033203125e-02,2.714327573776245117e+00
1.727032661437988281e-02,2.765942382812500000e+02
1.728916168212890625e-02,1.053597290039062500e+03
3.002476692199707031e-02,9.368001708984375000e+02
1.448917388916015625e-02,1.214150024414062500e+03
7.678270339965820312e-03,2.117284965515136719e+01
1.727652549743652344e-02,7.566493530273437500e+02
1.729702949523925781e-02,9.318591918945312500e+02
1.728653907775878906e-02,8.318566284179687500e+02
1.727676391601562500e-02,9.377269897460937500e+02
1.727390289306640625e-02,3.335052185058593750e+02
1.727747917175292969e-02,7.438073730468750000e+02
1.727390289306640625e-02,7.148015747070312500e+02
1.727151870727539062e-02,8.960203247070312500e+02
1.727628707885742188e-02,1.489578002929687500e+03
1.727533340454101562e-02,5.258311157226562500e+02
1.727652549743652344e-02,7.832939453125000000e+02
1.727509498596191406e-02,7.696185302734375000e+02
1.727533340454101562e-02,3.190419616699218750e+02
1.727700233459472656e-02,4.951537704467773438e+01
3.230762481689453125e-02,7.833960571289062500e+02
1.654386520385742188e-03,1.409902587890625000e+03
3.300642967224121094e-02,8.793030395507812500e+02
1.728510856628417969e-02,9.300196075439453125e+01
4.262447357177734375e-03,3.522418212890625000e+02
1.730298995971679688e-02,1.202409423828125000e+03
1.836371421813964844e-02,7.654995727539062500e+02
1.730561256408691406e-02,2.616249023437500000e+03
1.727843284606933594e-02,2.020264434814453125e+01
1.423573493957519531e-02,2.646829833984375000e+02
3.293132781982421875e-02,2.868808364868164062e+01
1.727271080017089844e-02,8.305923461914062500e+02
3.290009498596191406e-02,2.659208251953125000e+03
1.727175712585449219e-02,3.644816894531250000e+03
3.290152549743652344e-02,6.733005523681640625e+01
1.724529266357421875e-02,7.954745483398437500e+02
1.917028427124023438e-02,3.350857238769531250e+02
4.417967796325683594e-02,1.730139007568359375e+02
2.267980575561523438e-02,7.045279541015625000e+02
1.970601081848144531e-02,4.894850463867187500e+02
1.727008819580078125e-02,7.243579711914062500e+02
1.727724075317382812e-02,3.704056091308593750e+02
1.727724075317382812e-02,1.137256713867187500e+03
1.727557182312011719e-02,3.930230712890625000e+02
1.727843284606933594e-02,1.168205566406250000e+03
1.726269721984863281e-02,1.163007812500000000e+03
3.290510177612304688e-02,4.852184448242187500e+02
1.727509498596191406e-02,3.542883544921875000e+03
1.727771759033203125e-02,5.268884887695312500e+02
3.616595268249511719e-02,9.762729492187500000e+02
2.372789382934570312e-02,3.718737411499023438e+01
6.729602813720703125e-03,1.833659912109375000e+03
1.730728149414062500e-02,1.510864868164062500e+03
1.727604866027832031e-02,1.044350624084472656e+01
1.727628707885742188e-02,6.887814331054687500e+02
1.727557182312011719e-02,5.034841918945312500e+01
1.727986335754394531e-02,1.656230224609375000e+03
1.727199554443359375e-02,1.054087402343750000e+03
1.727461814880371094e-02,3.618065261840820312e+01
1.727652549743652344e-02,1.131420898437500000e+03
1.724410057067871094e-02,5.366203308105468750e+01
3.102374076843261719e-02,1.922213287353515625e+02
1.730322837829589844e-02,1.966472900390625000e+03
1.727700233459472656e-02,2.293124267578125000e+03
1.725745201110839844e-02,-4.726967239379882812e+01
1.728534698486328125e-02,1.474517822265625000e+03
1.727509498596191406e-02,8.708167114257812500e+02
1.725506782531738281e-02,6.899454956054687500e+02
1.727557182312011719e-02,6.933584594726562500e+02
1.727581024169921875e-02,1.689566894531250000e+03
1.727533340454101562e-02,9.508986206054687500e+02
3.072977066040039062e-02,1.465797485351562500e+03
1.745557785034179688e-02,4.819330444335937500e+02
1.320934295654296875e-02,1.339789550781250000e+03
1.727652549743652344e-02,1.831641723632812500e+03
1.730227470397949219e-02,6.203459472656250000e+02
1.727914810180664062e-02,8.186736450195312500e+02
1.727342605590820312e-02,1.032250000000000000e+03
2.340435981750488281e-02,1.922870605468750000e+03
2.652406692504882812e-03,2.911830749511718750e+02
3.305268287658691406e-02,1.312447967529296875e+02
1.843857765197753906e-02,9.776290283203125000e+02
1.767659187316894531e-02,1.236314331054687500e+03
1.769661903381347656e-02,9.573040771484375000e+02
2.974510192871093750e-03,1.624815917968750000e+03
1.731300354003906250e-02,1.708658447265625000e+03
1.727318763732910156e-02,3.994162902832031250e+02
1.726198196411132812e-02,7.303648681640625000e+02
3.290581703186035156e-02,4.192113113403320312e+01
1.727485656738281250e-02,9.743021240234375000e+02
3.289747238159179688e-02,2.421001739501953125e+02
3.290009498596191406e-02,5.568291015625000000e+02
1.726961135864257812e-02,9.699720458984375000e+02
3.290319442749023438e-02,1.823921997070312500e+03
1.727342605590820312e-02,0.000000000000000000e+00
1.724767684936523438e-02,1.411329345703125000e+02
1.727581024169921875e-02,1.126328582763671875e+02
3.292322158813476562e-02,6.172769546508789062e+01
1.728177070617675781e-02,5.613899707794189453e+00
3.286528587341308594e-02,1.575515502929687500e+03
2.402019500732421875e-02,1.909062011718750000e+03
1.867413520812988281e-02,7.049343261718750000e+02
1.816654205322265625e-02,1.163668701171875000e+03
3.053736686706542969e-02,3.845804748535156250e+02
1.762294769287109375e-02,2.019013061523437500e+02
6.502151489257812500e-03,1.615196838378906250e+02
3.565621376037597656e-02,1.248877929687500000e+03
2.518892288208007812e-02,2.875408630371093750e+02
1.796174049377441406e-02,1.704786743164062500e+03
1.121449470520019531e-02,1.041322174072265625e+02
1.728558540344238281e-02,1.528052246093750000e+03
1.728725433349609375e-02,2.094566406250000000e+03
1.725530624389648438e-02,1.050061279296875000e+03
1.729559898376464844e-02,1.258279663085937500e+03
1.727628707885742188e-02,1.351451873779296875e+02
1.727557182312011719e-02,1.468065490722656250e+02
2.463722229003906250e-02,9.984832763671875000e+01
1.851272583007812500e-02,1.728236816406250000e+03
1.729702949523925781e-02,1.032369995117187500e+03
1.727700233459472656e-02,1.852030181884765625e+02
1.727342605590820312e-02,7.663930664062500000e+02
1.728200912475585938e-02,2.718575096130371094e+01
1.727271080017089844e-02,8.103366699218750000e+02
1.727461814880371094e-02,2.094614501953125000e+03
1.727533340454101562e-02,1.683750610351562500e+03
3.290009498596191406e-02,5.829167480468750000e+02
1.727271080017089844e-02,9.567398071289062500e+02
1.727986335754394531e-02,7.236569213867187500e+02
1.727533340454101562e-02,1.145341186523437500e+03
1.727294921875000000e-02,8.022452545166015625e+01
1.727533340454101562e-02,1.455878173828125000e+03
1.724886894226074219e-02,4.959531860351562500e+02
1.727557182312011719e-02,1.300104614257812500e+03
1.833987236022949219e-02,7.666220703125000000e+02
1.729369163513183594e-02,1.645444030761718750e+02
1.728081703186035156e-02,1.936651367187500000e+03
2.162957191467285156e-02,1.082116210937500000e+03
1.728558540344238281e-02,1.904865722656250000e+02
4.216837882995605469e-02,1.502513061523437500e+03
2.198219299316406250e-02,4.855403747558593750e+02
2.311801910400390625e-02,6.833602142333984375e+01
1.727199554443359375e-02,1.899206695556640625e+02
3.290295600891113281e-02,7.677020874023437500e+02
1.726961135864257812e-02,9.788994750976562500e+02
2.419543266296386719e-02,1.702783584594726562e+01
1.730585098266601562e-02,7.727956542968750000e+02
3.289484977722167969e-02,1.564597015380859375e+02
1.724720001220703125e-02,1.237663497924804688e+02
3.292536735534667969e-02,2.778288602828979492e+00
1.727509498596191406e-02,5.945445632934570312e+01
1.728153228759765625e-02,3.215344238281250000e+02
1.727318763732910156e-02,2.106325073242187500e+02
1.727914810180664062e-02,7.558663330078125000e+02
1.727199554443359375e-02,4.295955200195312500e+02
1.724433898925781250e-02,8.166190795898437500e+02
1.729679107666015625e-02,8.827606201171875000e+02
1.727509498596191406e-02,3.938770446777343750e+02
1.728868484497070312e-02,1.377303833007812500e+03
3.289914131164550781e-02,-3.357892990112304688e+01
1.726841926574707031e-02,1.521914550781250000e+03
1.726961135864257812e-02,3.866903305053710938e+01
1.728224754333496094e-02,3.010761413574218750e+02
1.726746559143066406e-02,2.896788574218750000e+03
1.727628707885742188e-02,1.542619262695312500e+03
1.727843284606933594e-02,1.762167358398437500e+03
1.727294921875000000e-02,8.884243164062500000e+02
1.023292541503906250e-02,1.697396240234375000e+03
3.231358528137207031e-02,1.241289184570312500e+03
2.548098564147949219e-02,3.379919433593750000e+02
2.244091033935546875e-02,1.375828125000000000e+03
2.594089508056640625e-02,2.013530517578125000e+03
1.910042762756347656e-02,4.465681762695312500e+02
1.727557182312011719e-02,3.800326232910156250e+02
1.726460456848144531e-02,2.161607910156250000e+03
1.729822158813476562e-02,1.098261962890625000e+03
3.288388252258300781e-02,8.584887695312500000e+02
1.725196838378906250e-02,4.828994369506835938e+01
1.727056503295898438e-02,3.915388793945312500e+02
1.727581024169921875e-02,8.261989746093750000e+02
1.727557182312011719e-02,5.405289306640625000e+02
1.727557182312011719e-02,9.950354003906250000e+02
1.727557182312011719e-02,6.898421020507812500e+02
1.727604866027832031e-02,9.578558959960937500e+02
1.727604866027832031e-02,7.011809692382812500e+02
1.727509498596191406e-02,9.009812011718750000e+02
1.727557182312011719e-02,5.249920043945312500e+02
1.727581024169921875e-02,1.214164428710937500e+03
1.727628707885742188e-02,1.508262817382812500e+03
1.922702789306640625e-02,6.702986907958984375e+01
1.834988594055175781e-02,8.504011840820312500e+02
1.727962493896484375e-02,1.001779479980468750e+03
1.727628707885742188e-02,6.109757690429687500e+02
2.312397956848144531e-02,5.609682006835937500e+02
1.730942726135253906e-02,4.093362121582031250e+02
1.727581024169921875e-02,1.313294799804687500e+03
1.786661148071289062e-02,9.127094116210937500e+02
2.927350997924804688e-02,2.479480957031250000e+03
2.248811721801757812e-02,2.044720825195312500e+03
1.848506927490234375e-02,1.049878540039062500e+03
1.727604866027832031e-02,3.021051216125488281e+01
1.727581024169921875e-02,2.879262084960937500e+02
1.727581024169921875e-02,9.541690673828125000e+02
1.729965209960937500e-02,8.331999778747558594e+00
3.243541717529296875e-02,1.433832031250000000e+03
1.766943931579589844e-02,5.243673095703125000e+02
1.015591621398925781e-02,2.405295944213867188e+01
1.727628707885742188e-02,4.171753540039062500e+02
1.729655265808105469e-02,1.275180206298828125e+02
1.730513572692871094e-02,1.070354309082031250e+02
1.727533340454101562e-02,2.193000000000000000e+03
1.724600791931152344e-02,2.112072296142578125e+02
1.727604866027832031e-02,1.362594970703125000e+03
1.727628707885742188e-02,1.124385620117187500e+03
3.290390968322753906e-02,8.756292724609375000e+02
1.727914810180664062e-02,5.919887695312500000e+02
1.727604866027832031e-02,1.889163055419921875e+02
1.728796958923339844e-02,7.426881408691406250e+01
3.288054466247558594e-02,8.847156982421875000e+02
1.729393005371093750e-02,1.320129516601562500e+03
1.723003387451171875e-02,8.950922851562500000e+02
3.292608261108398438e-02,1.534453125000000000e+03
1.727557182312011719e-02,6.690986938476562500e+02
3.289747238159179688e-02,5.591701049804687500e+02
2.443194389343261719e-02,1.268687866210937500e+03
1.981997489929199219e-02,9.053533935546875000e+02
1.840162277221679688e-02,8.762001953125000000e+02
1.863431930541992188e-02,6.466636352539062500e+02
1.730465888977050781e-02,1.464774780273437500e+03
3.290224075317382812e-02,6.842091369628906250e+01
1.726651191711425781e-02,7.307725219726562500e+02
1.728057861328125000e-02,3.006322021484375000e+02
1.724433898925781250e-02,1.339801879882812500e+03
2.248692512512207031e-02,6.307155761718750000e+02
1.830911636352539062e-02,3.534494140625000000e+03
1.852560043334960938e-02,5.389507446289062500e+02
2.046012878417968750e-02,1.870957641601562500e+03
1.791644096374511719e-02,3.639289855957031250e+02
1.624393463134765625e-02,6.483249511718750000e+02
1.730775833129882812e-02,1.145637588500976562e+02
1.728749275207519531e-02,1.427886230468750000e+03
3.285336494445800781e-02,2.145891904830932617e+00
1.727533340454101562e-02,5.808798828125000000e+02
1.727581024169921875e-02,4.391690063476562500e+01
1.727604866027832031e-02,4.200947875976562500e+02
1.727557182312011719e-02,1.096207397460937500e+03
1.729655265808105469e-02,1.122170776367187500e+03
1.725554466247558594e-02,6.678627319335937500e+02
1.730227470397949219e-02,1.158880004882812500e+03
1.727557182312011719e-02,5.001607971191406250e+02
1.727628707885742188e-02,7.679468994140625000e+02
1.727843284606933594e-02,1.245021667480468750e+02
1.727318763732910156e-02,8.000000119209289551e-01
1.725029945373535156e-02,1.465187744140625000e+03
1.730084419250488281e-02,3.988890457153320312e+01
1.996135711669921875e-02,1.434534057617187500e+03
2.597284317016601562e-02,2.372754516601562500e+02
1.843333244323730469e-02,7.451723022460937500e+02
1.019906997680664062e-02,1.535951049804687500e+03
1.730346679687500000e-02,1.177014846801757812e+02
1.727557182312011719e-02,1.381622924804687500e+03
1.726937294006347656e-02,2.085828857421875000e+02
3.290843963623046875e-02,1.379167114257812500e+03
1.724386215209960938e-02,1.174201812744140625e+02
3.292822837829589844e-02,1.258893798828125000e+03
1.727819442749023438e-02,2.914022521972656250e+02
1.730489730834960938e-02,6.845725097656250000e+02
1.721668243408203125e-02,1.005681457519531250e+03
3.292036056518554688e-02,1.625509765625000000e+03
1.725578308105468750e-02,8.234958496093750000e+02
2.796912193298339844e-02,1.397927403450012207e-01
1.864027976989746094e-02,9.764465942382812500e+02
6.583452224731445312e-03,3.483296585083007812e+01
1.730704307556152344e-02,9.836278076171875000e+02
1.727819442749023438e-02,6.064795532226562500e+02
1.727342605590820312e-02,8.561098632812500000e+02
3.289461135864257812e-02,4.472543716430664062e+01
1.727557182312011719e-02,1.019796325683593750e+03
3.289961814880371094e-02,1.672571411132812500e+03
1.727485656738281250e-02,1.685106658935546875e+02
3.290104866027832031e-02,9.963695068359375000e+02
1.724195480346679688e-02,2.578961486816406250e+02
3.164696693420410156e-02,1.837327270507812500e+02
2.197337150573730469e-02,8.982796630859375000e+02
1.815366744995117188e-02,9.573811035156250000e+02
1.448369026184082031e-02,5.981545257568359375e+01
3.292369842529296875e-02,2.421466064453125000e+02
1.729035377502441406e-02,8.141102905273437500e+02
1.726198196411132812e-02,8.971176147460937500e+02
3.289699554443359375e-02,3.444057861328125000e+03
1.727557182312011719e-02,1.341021484375000000e+03
3.290438652038574219e-02,1.596242797851562500e+03
1.726794242858886719e-02,6.900561523437500000e+02
3.289723396301269531e-02,1.639638061523437500e+02
1.727437973022460938e-02,7.925918579101562500e+02
3.290247917175292969e-02,5.077169799804687500e+02
1.749801635742187500e-02,3.411868286132812500e+01
1.839828491210937500e-02,1.178429443359375000e+03
1.836276054382324219e-02,1.033478149414062500e+03
3.458428382873535156e-02,2.809211730957031250e+01
1.837182044982910156e-02,1.118262817382812500e+03
1.730346679687500000e-02,1.001278381347656250e+03
1.727604866027832031e-02,1.985454833984375000e+03
1.727962493896484375e-02,6.293024291992187500e+02
1.727366447448730469e-02,3.017462646484375000e+03
1.727342605590820312e-02,1.444755004882812500e+03
1.727604866027832031e-02,1.003883666992187500e+03
1.654386520385742188e-03,4.196565856933593750e+02
1.727533340454101562e-02,6.950861206054687500e+02
1.724910736083984375e-02,4.890659484863281250e+02
2.737522125244140625e-02,8.955823974609375000e+02
2.309393882751464844e-02,4.380630493164062500e+01
1.821374893188476562e-02,2.590482910156250000e+03
1.309394836425781250e-02,3.515935516357421875e+01
1.727557182312011719e-02,1.351658569335937500e+03
1.730298995971679688e-02,1.073030151367187500e+03
1.165151596069335938e-02,1.598292480468750000e+03
1.731300354003906250e-02,2.454928222656250000e+03
1.727247238159179688e-02,2.916219177246093750e+02
1.727581024169921875e-02,7.744659423828125000e+02
1.727581024169921875e-02,7.093888549804687500e+02
1.727747917175292969e-02,1.006689086914062500e+03
1.726293563842773438e-02,1.558149871826171875e+02
3.290629386901855469e-02,3.749418334960937500e+02
1.726698875427246094e-02,1.503343353271484375e+02
1.727485656738281250e-02,7.454707031250000000e+02
1.727628707885742188e-02,3.643336181640625000e+03
1.728200912475585938e-02,5.289397583007812500e+02
1.726937294006347656e-02,2.934266357421875000e+02
1.727533340454101562e-02,8.485588989257812500e+02
1.727819442749023438e-02,1.277424316406250000e+02
1.654386520385742188e-03,1.216048095703125000e+03
3.290104866027832031e-02,2.043695922851562500e+03
1.654386520385742188e-03,1.601299682617187500e+03
1.726889610290527344e-02,4.365238189697265625e+00
1.728773117065429688e-02,1.440465332031250000e+03
1.727557182312011719e-02,4.637424926757812500e+02
3.594231605529785156e-02,6.778363037109375000e+01
1.563453674316406250e-02,1.891974487304687500e+03
1.729679107666015625e-02,3.136167480468750000e+03
1.727533340454101562e-02,5.115820007324218750e+02
3.612065315246582031e-02,2.400048980712890625e+02
2.275943756103515625e-02,1.070165863037109375e+02
2.583098411560058594e-02,6.765756835937500000e+02
2.157616615295410156e-02,4.501024246215820312e+01
3.288078308105468750e-02,6.879971923828125000e+02
1.725029945373535156e-02,7.448881835937500000e+02
1.729917526245117188e-02,1.012907592773437500e+03
3.290104866027832031e-02,3.399843139648437500e+02
3.290128707885742188e-02,2.157620697021484375e+02
1.727104187011718750e-02,6.434113979339599609e+00
1.727819442749023438e-02,1.166296020507812500e+03
1.726436614990234375e-02,1.717713867187500000e+03
1.727604866027832031e-02,6.951312866210937500e+02
1.728677749633789062e-02,7.278991699218750000e+00
1.724314689636230469e-02,2.005446434020996094e+01
1.727819442749023438e-02,1.349826171875000000e+03
1.732444763183593750e-02,5.203481445312500000e+02
1.727628707885742188e-02,1.412715576171875000e+03
1.731538772583007812e-02,2.879184570312500000e+02
3.283548355102539062e-02,6.352536010742187500e+02
1.729512214660644531e-02,1.326534545898437500e+03
3.287911415100097656e-02,4.915956115722656250e+02
2.735424041748046875e-02,7.580324096679687500e+02
1.814866065979003906e-02,5.015285339355468750e+02
1.857352256774902344e-02,9.315490722656250000e+02
2.235221862792968750e-02,9.662033691406250000e+02
1.795768737792968750e-02,1.811996215820312500e+03
1.737880706787109375e-02,1.460453857421875000e+03
1.820135116577148438e-02,5.837866210937500000e+02
1.537942886352539062e-02,2.885446166992187500e+02
1.730203628540039062e-02,5.319971313476562500e+02
1.727867126464843750e-02,1.056204711914062500e+03
1.727223396301269531e-02,1.429061035156250000e+03
1.727652549743652344e-02,2.882099609375000000e+02
1.727509498596191406e-02,7.914260253906250000e+02
1.724934577941894531e-02,1.780269927978515625e+02
1.730251312255859375e-02,4.671036071777343750e+02
1.724863052368164062e-02,2.569038330078125000e+03
1.730513572692871094e-02,3.249613037109375000e+02
1.727294921875000000e-02,1.768330322265625000e+03
1.727843284606933594e-02,9.681676025390625000e+02
1.829648017883300781e-02,2.062438964843750000e+03
1.730561256408691406e-02,4.991172180175781250e+02
1.727581024169921875e-02,2.188948516845703125e+02
1.287484169006347656e-02,1.744003662109375000e+03
1.731228828430175781e-02,1.027753295898437500e+03
1.726222038269042969e-02,2.980128662109375000e+03
3.290796279907226562e-02,7.253875122070312500e+02
1.728439331054687500e-02,9.999854278564453125e+01
1.725625991821289062e-02,4.113656311035156250e+02
1.725530624389648438e-02,3.458778381347656250e+02
1.730108261108398438e-02,1.198833847045898438e+01
1.388835906982421875e-02,5.187846069335937500e+02
1.728963851928710938e-02,1.609332153320312500e+03
1.729369163513183594e-02,1.450250488281250000e+03
1.727676391601562500e-02,3.092909545898437500e+02
1.727485656738281250e-02,9.700369262695312500e+02
1.727581024169921875e-02,1.072266082763671875e+02
1.727771759033203125e-02,8.827054595947265625e+01
1.727342605590820312e-02,1.023517456054687500e+03
2.547359466552734375e-02,1.426680664062500000e+03
3.395843505859375000e-02,1.528239135742187500e+03
2.552413940429687500e-02,6.482308349609375000e+02
1.112079620361328125e-02,4.499999880790710449e-01
1.730632781982421875e-02,1.353557495117187500e+03
1.727724075317382812e-02,1.322537689208984375e+02
1.724410057067871094e-02,5.663946151733398438e+00
1.727509498596191406e-02,1.035335006713867188e+02
1.729679107666015625e-02,1.220419311523437500e+03
3.290605545043945312e-02,2.880932128906250000e+03
2.592635154724121094e-02,5.172023925781250000e+02
1.732945442199707031e-02,9.608114624023437500e+02
1.726460456848144531e-02,1.280918579101562500e+02
1.723480224609375000e-02,1.106377685546875000e+03
1.731467247009277344e-02,3.931497802734375000e+02
1.728606224060058594e-02,1.139999985694885254e+00
1.730108261108398438e-02,1.458233398437500000e+03
1.721572875976562500e-02,1.233682098388671875e+02
1.728916168212890625e-02,6.247887573242187500e+02
1.727437973022460938e-02,8.194146118164062500e+02
1.727485656738281250e-02,8.195670166015625000e+02
1.727366447448730469e-02,1.859400634765625000e+03
1.725006103515625000e-02,5.873162841796875000e+02
3.292560577392578125e-02,2.290122528076171875e+02
1.726913452148437500e-02,7.848085784912109375e+01
1.725459098815917969e-02,6.489944458007812500e+02
1.731014251708984375e-02,7.685267639160156250e+01
1.728463172912597656e-02,2.635956298828125000e+03
3.288078308105468750e-02,8.823902587890625000e+02
2.778959274291992188e-02,3.250339660644531250e+02
2.117800712585449219e-02,5.960304565429687500e+02
1.024746894836425781e-02,1.243161987304687500e+03
1.867103576660156250e-02,1.366763000488281250e+02
1.823067665100097656e-02,1.295369995117187500e+03
1.840233802795410156e-02,1.894558868408203125e+02
2.257394790649414062e-02,5.596550903320312500e+02
1.790428161621093750e-02,4.861167907714843750e+02
1.422619819641113281e-02,3.317719726562500000e+02
1.730728149414062500e-02,3.033178710937500000e+02
1.724600791931152344e-02,4.927505493164062500e+02
1.727461814880371094e-02,2.154267425537109375e+02
2.174830436706542969e-02,9.174140014648437500e+02
1.728034019470214844e-02,1.175954711914062500e+03
1.730298995971679688e-02,1.725160217285156250e+02
1.727199554443359375e-02,7.829568481445312500e+01
1.727509498596191406e-02,1.465160064697265625e+02
1.727581024169921875e-02,1.093566162109375000e+03
1.728153228759765625e-02,4.743403244018554688e+01
1.727056503295898438e-02,1.907764770507812500e+03
2.696347236633300781e-02,1.450911712646484375e+02
1.727700233459472656e-02,8.103161010742187500e+02
1.727581024169921875e-02,1.298673950195312500e+03
1.730203628540039062e-02,1.340074829101562500e+03
1.727509498596191406e-02,1.469038238525390625e+02
1.840448379516601562e-02,7.345291137695312500e+01
1.730537414550781250e-02,5.416040039062500000e+02
1.522445678710937500e-02,1.023042480468750000e+03
1.730036735534667969e-02,4.002373657226562500e+02
1.725316047668457031e-02,2.284010742187500000e+03
1.739954948425292969e-02,2.784525489807128906e+01
1.717376708984375000e-02,9.930646896362304688e+00
1.725482940673828125e-02,1.382735839843750000e+03
1.426720619201660156e-02,3.525764892578125000e+03
2.631473541259765625e-02,1.046724487304687500e+03
1.775789260864257812e-02,1.909654174804687500e+03
1.044774055480957031e-02,6.427035522460937500e+02
1.727604866027832031e-02,7.027229614257812500e+02
1.729607582092285156e-02,1.102334823608398438e+02
1.725554466247558594e-02,2.651694946289062500e+02
1.729559898376464844e-02,2.481392669677734375e+02
1.727628707885742188e-02,7.452812500000000000e+02
3.290843963623046875e-02,1.923172363281250000e+03
2.339744567871093750e-02,4.955591125488281250e+02
2.072024345397949219e-02,2.177378273010253906e+01
1.730394363403320312e-02,1.672899658203125000e+03
3.290009498596191406e-02,3.663598632812500000e+02
1.724338531494140625e-02,6.386430740356445312e+01
3.292942047119140625e-02,9.967716064453125000e+02
1.727890968322753906e-02,7.178958129882812500e+01
3.289151191711425781e-02,2.201574462890625000e+03
1.727461814880371094e-02,8.485074462890625000e+02
1.727962493896484375e-02,-7.498062133789062500e+01
1.727557182312011719e-02,2.736009407043457031e+01
1.726412773132324219e-02,6.315266113281250000e+02
1.727581024169921875e-02,6.487329711914062500e+02
1.727557182312011719e-02,6.920777130126953125e+01
1.725649833679199219e-02,2.035008056640625000e+03
1.729607582092285156e-02,1.234526855468750000e+03
1.727485656738281250e-02,6.654025268554687500e+02
1.654386520385742188e-03,1.030912246704101562e+02
3.807711601257324219e-02,1.035841796875000000e+03
2.628898620605468750e-02,6.197393035888671875e+01
1.773452758789062500e-02,3.397887420654296875e+01
1.013612747192382812e-02,3.073486709594726562e+01
3.292918205261230469e-02,1.630731048583984375e+02
1.727294921875000000e-02,1.601304565429687500e+03
3.290200233459472656e-02,1.133480712890625000e+03
1.727128028869628906e-02,1.611185424804687500e+03
1.724672317504882812e-02,8.831050415039062500e+02
1.730728149414062500e-02,1.343136230468750000e+03
1.727581024169921875e-02,2.706289062500000000e+02
1.146459579467773438e-02,1.143462890625000000e+03
1.831555366516113281e-02,2.799746398925781250e+02
1.839089393615722656e-02,9.261809349060058594e+00
2.244710922241210938e-02,5.752348632812500000e+02
2.629137039184570312e-02,1.056036499023437500e+03
2.343511581420898438e-02,4.231766967773437500e+02
1.727652549743652344e-02,6.946399536132812500e+02
1.727581024169921875e-02,1.106246459960937500e+03
3.289675712585449219e-02,4.668752441406250000e+02
1.727151870727539062e-02,7.487754821777343750e+01
3.290414810180664062e-02,6.796353759765625000e+02
1.727128028869628906e-02,7.885108947753906250e+01
1.724743843078613281e-02,1.121879043579101562e+02
1.727747917175292969e-02,1.117473602294921875e+02
1.727557182312011719e-02,6.730439453125000000e+02
1.730680465698242188e-02,3.262582397460937500e+02
1.727437973022460938e-02,3.950745544433593750e+02
3.170824050903320312e-02,8.654048461914062500e+02
1.654386520385742188e-03,7.500000000000000000e-01
3.189444541931152344e-02,1.739732177734375000e+03
1.839852333068847656e-02,1.698546875000000000e+03
4.246950149536132812e-03,8.242316284179687500e+02
1.730418205261230469e-02,2.338824218750000000e+03
1.727581024169921875e-02,1.443143157958984375e+02
2.074217796325683594e-02,2.433658294677734375e+02
1.730513572692871094e-02,3.518185119628906250e+02
1.727461814880371094e-02,-5.472348785400390625e+01
1.727533340454101562e-02,2.507665557861328125e+02
1.727843284606933594e-02,4.225511169433593750e+02
1.727294921875000000e-02,2.087293212890625000e+03
2.672386169433593750e-02,2.209401611328125000e+03
1.731085777282714844e-02,1.607169677734375000e+03
1.726436614990234375e-02,5.061036987304687500e+02
1.726007461547851562e-02,6.034604263305664062e+01
1.729989051818847656e-02,1.933905029296875000e+02
1.727437973022460938e-02,1.922708320617675781e+01
3.902840614318847656e-02,1.133141357421875000e+03
2.270936965942382812e-02,1.117232788085937500e+03
1.183485984802246094e-02,3.405021972656250000e+02
3.291821479797363281e-02,6.240957031250000000e+02
1.727581024169921875e-02,5.277121353149414062e+01
1.727533340454101562e-02,2.902829345703125000e+03
1.654386520385742188e-03,5.232278442382812500e+02
1.725625991821289062e-02,2.651117553710937500e+02
1.729536056518554688e-02,-2.734819602966308594e+01
1.728653907775878906e-02,1.417748168945312500e+03
1.727557182312011719e-02,4.724722595214843750e+02
1.726508140563964844e-02,2.397562744140625000e+03
3.288030624389648438e-02,9.649588012695312500e+01
1.390719413757324219e-02,4.931728210449218750e+02
2.888226509094238281e-02,-7.247000122070312500e+01
1.856827735900878906e-02,3.751357421875000000e+03
6.975173950195312500e-03,1.444812255859375000e+03
1.730751991271972656e-02,6.666795043945312500e+02
3.286695480346679688e-02,1.084348266601562500e+03
1.730251312255859375e-02,5.774680786132812500e+02
1.724791526794433594e-02,8.168749389648437500e+02
3.292965888977050781e-02,3.223195800781250000e+02
1.729321479797363281e-02,2.419220123291015625e+02
3.289175033569335938e-02,1.311582031250000000e+03
1.380801200866699219e-02,1.038062210083007812e+02
3.292679786682128906e-02,1.710771606445312500e+03
1.730179786682128906e-02,2.442539550781250000e+03
1.724004745483398438e-02,1.447994506835937500e+03
1.730585098266601562e-02,8.804145507812500000e+02
1.727557182312011719e-02,1.172266845703125000e+03
2.318453788757324219e-02,2.743648338317871094e+01
1.828169822692871094e-02,8.108603515625000000e+02
3.752255439758300781e-02,4.611150817871093750e+02
2.245259284973144531e-02,6.374553222656250000e+02
1.153278350830078125e-02,9.278437500000000000e+02
1.729583740234375000e-02,4.487892456054687500e+02
1.727628707885742188e-02,1.797395996093750000e+03
1.727628707885742188e-02,5.222038574218750000e+02
1.727652549743652344e-02,1.751868530273437500e+03
1.727485656738281250e-02,6.615465698242187500e+02
2.452564239501953125e-02,8.290673828125000000e+02
2.939200401306152344e-02,2.617618896484375000e+03
2.317166328430175781e-02,3.526871032714843750e+02
1.730418205261230469e-02,1.949659790039062500e+03
3.289937973022460938e-02,6.714655876159667969e+00
1.727151870727539062e-02,-4.355241775512695312e+01
1.726818084716796875e-02,1.176384658813476562e+02
1.727604866027832031e-02,4.468643493652343750e+02
1.727581024169921875e-02,1.036057250976562500e+03
1.727557182312011719e-02,8.053170776367187500e+02
1.727581024169921875e-02,2.161741180419921875e+02
1.729846000671386719e-02,6.256768798828125000e+02
3.285431861877441406e-02,2.170210205078125000e+03
1.730251312255859375e-02,2.408448181152343750e+02
1.727938652038574219e-02,8.567510375976562500e+02
1.727819442749023438e-02,2.348728790283203125e+02
1.724290847778320312e-02,9.757238769531250000e+02
1.727581024169921875e-02,1.716139892578125000e+03
1.727604866027832031e-02,1.046319808959960938e+02
1.727604866027832031e-02,1.167621215820312500e+03
1.727533340454101562e-02,7.655919799804687500e+02
1.727557182312011719e-02,2.983631896972656250e+02
1.728606224060058594e-02,4.608547973632812500e+02
1.726555824279785156e-02,5.605411987304687500e+02
1.727604866027832031e-02,4.591088485717773438e+01
1.727533340454101562e-02,1.907816009521484375e+02
1.727604866027832031e-02,1.122848999023437500e+03
2.236437797546386719e-02,9.233292236328125000e+02
1.836252212524414062e-02,4.016119003295898438e+01
9.404659271240234375e-03,2.147081298828125000e+02
1.727843284606933594e-02,6.684239959716796875e+01
1.282286643981933594e-02,9.816596679687500000e+02
2.427434921264648438e-02,3.911167383193969727e+00
2.292537689208984375e-02,2.917270812988281250e+02
1.739811897277832031e-02,8.041722412109375000e+02
1.425433158874511719e-02,1.322363403320312500e+03
1.730775833129882812e-02,1.757885498046875000e+03
1.727533340454101562e-02,6.799564208984375000e+02
1.729273796081542969e-02,2.370608642578125000e+03
3.287601470947265625e-02,4.184851684570312500e+02
1.727080345153808594e-02,5.252724456787109375e+01
2.498865127563476562e-02,7.076969604492187500e+02
1.724720001220703125e-02,1.416343017578125000e+03
3.292655944824218750e-02,1.882670043945312500e+03
1.727366447448730469e-02,1.517955566406250000e+03
1.726460456848144531e-02,2.729715576171875000e+03
3.290963172912597656e-02,9.205046386718750000e+02
1.727247238159179688e-02,5.384871215820312500e+02
3.290009498596191406e-02,1.796293090820312500e+03
1.727819442749023438e-02,1.353215698242187500e+03
1.724123954772949219e-02,3.096693115234375000e+02
1.729726791381835938e-02,1.599128417968750000e+03
1.728701591491699219e-02,1.129088989257812500e+03
1.724386215209960938e-02,4.413827819824218750e+02
1.727938652038574219e-02,8.077971191406250000e+02
3.292226791381835938e-02,6.922850341796875000e+02
3.897666931152343750e-03,2.908713102340698242e+00
3.520369529724121094e-02,-3.368817138671875000e+01
1.819300651550292969e-02,1.673007202148437500e+03
1.853728294372558594e-02,3.599833984375000000e+02
2.593994140625000000e-02,1.978357696533203125e+02
1.770925521850585938e-02,5.646531372070312500e+02
1.080632209777832031e-02,5.456865844726562500e+02
1.729583740234375000e-02,1.139636962890625000e+03
1.729655265808105469e-02,5.169879913330078125e+01
1.728558540344238281e-02,1.630420043945312500e+03
3.287410736083984375e-02,2.217897216796875000e+03
1.726388931274414062e-02,8.008126220703125000e+02
3.290963172912597656e-02,2.485816345214843750e+02
1.729273796081542969e-02,9.935047607421875000e+02
3.285217285156250000e-02,1.415955352783203125e+02
1.729559898376464844e-02,1.529656372070312500e+03
1.728677749633789062e-02,2.439212341308593750e+02
1.727581024169921875e-02,9.685550689697265625e+01
1.728749275207519531e-02,2.657944946289062500e+02
3.288102149963378906e-02,2.820875930786132812e+01
1.726889610290527344e-02,6.478361816406250000e+02
1.730203628540039062e-02,1.785224731445312500e+03
3.287792205810546875e-02,1.320900512695312500e+03
1.726937294006347656e-02,2.461883056640625000e+03
1.727509498596191406e-02,6.984485473632812500e+02
1.727604866027832031e-02,6.903486328125000000e+02
1.729822158813476562e-02,1.456486328125000000e+03
3.288173675537109375e-02,1.502604248046875000e+03
1.726841926574707031e-02,2.195284271240234375e+02
1.727604866027832031e-02,1.289181762695312500e+03
1.727628707885742188e-02,1.296159667968750000e+03
1.731395721435546875e-02,1.105788085937500000e+03
1.988148689270019531e-02,1.324993774414062500e+03
1.833295822143554688e-02,1.417366821289062500e+03
1.799011230468750000e-02,1.099794677734375000e+03
1.766681671142578125e-02,7.664147186279296875e+01
1.725077629089355469e-02,1.154563110351562500e+03
2.793550491333007812e-03,2.523569297790527344e+01
3.292989730834960938e-02,5.963931884765625000e+02
1.654386520385742188e-03,1.426042480468750000e+03
1.724314689636230469e-02,1.033222778320312500e+03
3.292441368103027344e-02,1.903642456054687500e+03
1.654386520385742188e-03,7.847084960937500000e+02
1.727938652038574219e-02,7.712961425781250000e+02
1.727199554443359375e-02,1.694395385742187500e+03
1.727581024169921875e-02,1.385953857421875000e+03
1.727557182312011719e-02,1.354029560089111328e+01
1.727652549743652344e-02,1.513356567382812500e+03
1.727485656738281250e-02,6.348598632812500000e+02
1.727604866027832031e-02,1.881997070312500000e+03
1.724791526794433594e-02,1.426646728515625000e+03
1.839256286621093750e-02,1.124737792968750000e+03
1.730537414550781250e-02,7.209243164062500000e+02
2.721405029296875000e-02,1.280444335937500000e+03
1.654386520385742188e-03,1.117997558593750000e+03
1.727771759033203125e-02,5.131226196289062500e+02
1.729702949523925781e-02,1.008211593627929688e+02
1.725482940673828125e-02,8.367909545898437500e+02
1.727604866027832031e-02,7.251478672027587891e+00
1.729607582092285156e-02,1.147054931640625000e+03
3.290534019470214844e-02,1.263490112304687500e+03
1.727509498596191406e-02,2.813395690917968750e+02
1.727485656738281250e-02,1.915389160156250000e+03
1.727986335754394531e-02,8.671331787109375000e+02
1.727509498596191406e-02,1.197710800170898438e+02
3.679609298706054688e-02,5.937125244140625000e+02
2.357697486877441406e-02,4.032398071289062500e+02
1.093721389770507812e-02,4.347068023681640625e+01
1.907515525817871094e-02,6.079127883911132812e+01
1.790499687194824219e-02,4.692280578613281250e+02
1.814198493957519531e-02,8.855351257324218750e+01
1.862430572509765625e-02,2.320230865478515625e+01
3.043031692504882812e-02,1.375079956054687500e+03
1.769661903381347656e-02,5.361411743164062500e+02
6.503820419311523438e-03,1.487495117187500000e+03
1.729631423950195312e-02,1.100179077148437500e+03
1.727747917175292969e-02,4.739822082519531250e+02
1.728868484497070312e-02,2.169476318359375000e+03
1.727271080017089844e-02,2.021652343750000000e+03
1.726412773132324219e-02,7.097489013671875000e+02
1.727604866027832031e-02,1.050956909179687500e+03
1.725578308105468750e-02,5.817240524291992188e+01
3.292751312255859375e-02,4.211295471191406250e+02
1.727056503295898438e-02,2.336527862548828125e+02
1.726984977722167969e-02,1.742643066406250000e+03
1.730561256408691406e-02,2.375643463134765625e+02
1.722598075866699219e-02,1.860044311523437500e+03
1.730680465698242188e-02,7.407321777343750000e+02
1.727557182312011719e-02,9.589851379394531250e+00
1.724529266357421875e-02,7.698928833007812500e+01
3.292632102966308594e-02,7.897449340820312500e+02
1.729464530944824219e-02,7.701023559570312500e+02
1.725673675537109375e-02,1.551012207031250000e+03
1.727318763732910156e-02,1.617757568359375000e+03
4.066562652587890625e-02,3.513099975585937500e+02
2.154231071472167969e-02,4.972272033691406250e+02
1.515913009643554688e-02,2.752591247558593750e+02
3.292322158813476562e-02,4.407187194824218750e+02
1.729559898376464844e-02,2.773088378906250000e+02
3.287577629089355469e-02,1.447777832031250000e+03
1.727032661437988281e-02,7.988465118408203125e+01
1.654386520385742188e-03,7.099401855468750000e+01
3.290510177612304688e-02,5.804199829101562500e+02
1.727628707885742188e-02,1.198276123046875000e+03
3.802442550659179688e-02,4.382076644897460938e+01
2.241396903991699219e-02,2.233498191833496094e+01
3.830909729003906250e-03,2.454897003173828125e+02
1.729631423950195312e-02,9.372983551025390625e+01
1.727557182312011719e-02,1.973514404296875000e+02
1.725506782531738281e-02,1.003384277343750000e+03
1.727581024169921875e-02,9.887910766601562500e+02
3.292727470397949219e-02,2.394713134765625000e+03
1.727628707885742188e-02,6.712230682373046875e+01
3.289580345153808594e-02,1.142779159545898438e+02
1.724791526794433594e-02,1.148125915527343750e+02
1.730513572692871094e-02,6.841376342773437500e+02
1.727795600891113281e-02,3.236150878906250000e+03
1.488637924194335938e-02,1.175524658203125000e+03
3.293275833129882812e-02,6.932782592773437500e+02
1.726913452148437500e-02,4.350557556152343750e+02
3.289961814880371094e-02,1.335842529296875000e+03
2.608633041381835938e-02,3.786528320312500000e+02
1.843881607055664062e-02,7.490278320312500000e+02
1.522684097290039062e-02,7.065316772460937500e+02
1.729798316955566406e-02,5.715444335937500000e+02
1.727437973022460938e-02,1.493039672851562500e+03
1.728463172912597656e-02,1.418556884765625000e+03
1.727342605590820312e-02,2.520612525939941406e+01
1.727604866027832031e-02,1.389284790039062500e+03
1.727557182312011719e-02,4.229736938476562500e+02
1.727628707885742188e-02,1.691656494140625000e+02
1.727581024169921875e-02,6.752302856445312500e+02
1.724720001220703125e-02,7.319142456054687500e+02
1.730537414550781250e-02,2.883371276855468750e+02
1.724600791931152344e-02,9.059912872314453125e+01
1.357269287109375000e-02,1.784880523681640625e+02
1.826763153076171875e-02,1.131348388671875000e+03
1.845979690551757812e-02,7.915054931640625000e+02
2.430367469787597656e-02,6.671776733398437500e+02
1.714372634887695312e-02,6.194779663085937500e+02
1.317763328552246094e-02,2.485874023437500000e+03
2.224063873291015625e-02,3.347369079589843750e+02
1.729822158813476562e-02,3.049281311035156250e+02
1.728343963623046875e-02,1.407609985351562500e+03
1.729226112365722656e-02,1.263423583984375000e+03
1.726031303405761719e-02,1.033017822265625000e+03
3.288912773132324219e-02,2.961557006835937500e+02
1.727533340454101562e-02,1.058156494140625000e+03
1.654386520385742188e-03,5.480721435546875000e+02
1.727676391601562500e-02,1.116297225952148438e+02
1.728129386901855469e-02,6.795054931640625000e+02
1.724863052368164062e-02,8.217761993408203125e+01
2.631258964538574219e-02,9.186373901367187500e+01
1.742982864379882812e-02,2.555052490234375000e+02
2.103638648986816406e-02,3.907804260253906250e+02
2.670645713806152344e-02,1.228802261352539062e+02
6.952285766601562500e-03,7.717952880859375000e+02
1.727557182312011719e-02,8.320100097656250000e+02
1.731228828430175781e-02,5.704517211914062500e+02
1.727318763732910156e-02,4.132023620605468750e+01
1.727271080017089844e-02,1.947761962890625000e+03
1.727676391601562500e-02,1.557989013671875000e+03
1.726388931274414062e-02,1.231173019409179688e+02
1.730537414550781250e-02,2.536468994140625000e+03
3.287506103515625000e-02,4.014616699218750000e+02
1.729798316955566406e-02,7.663370513916015625e+01
3.287506103515625000e-02,6.070510253906250000e+02
1.727867126464843750e-02,2.568037353515625000e+03
1.727652549743652344e-02,5.884708862304687500e+02
1.724410057067871094e-02,7.180695800781250000e+02
1.730728149414062500e-02,3.495217590332031250e+02
1.729559898376464844e-02,1.796407470703125000e+03
3.628993034362792969e-02,1.290228393554687500e+03
1.840424537658691406e-02,1.011653991699218750e+03
1.730298995971679688e-02,1.012651977539062500e+03
1.727795600891113281e-02,2.459981445312500000e+03
1.727604866027832031e-02,1.687018798828125000e+03
1.727700233459472656e-02,8.094149780273437500e+01
3.289389610290527344e-02,1.248391357421875000e+03
1.727485656738281250e-02,1.261566894531250000e+03
1.727867126464843750e-02,5.803247680664062500e+02
1.726579666137695312e-02,1.636878784179687500e+03
2.870631217956542969e-02,6.151993408203125000e+02
2.747440338134765625e-02,4.505346984863281250e+02
1.848077774047851562e-02,1.269929351806640625e+02
8.095741271972656250e-03,3.627064132690429688e+01
1.730751991271972656e-02,1.390715942382812500e+03
1.727557182312011719e-02,7.896712036132812500e+02
3.289937973022460938e-02,7.453778839111328125e+01
1.727008819580078125e-02,7.690545654296875000e+01
1.726794242858886719e-02,1.053385925292968750e+02
3.290843963623046875e-02,8.764616088867187500e+02
1.725888252258300781e-02,5.460509643554687500e+02
1.726126670837402344e-02,9.331136474609375000e+02
3.292751312255859375e-02,2.379667358398437500e+02
1.724910736083984375e-02,2.984112739562988281e+01
3.292655944824218750e-02,1.070597167968750000e+03
1.724314689636230469e-02,2.075296142578125000e+03
1.729536056518554688e-02,2.806179931640625000e+03
1.727533340454101562e-02,3.283040771484375000e+02
2.080297470092773438e-02,1.261684894561767578e+01
1.846837997436523438e-02,4.583136749267578125e+01
1.915264129638671875e-02,9.227375488281250000e+02
3.399085998535156250e-02,1.516428222656250000e+03
2.048730850219726562e-02,1.012150512695312500e+03
3.289842605590820312e-02,2.255800781250000000e+02
1.727437973022460938e-02,6.529996337890625000e+02
1.729917526245117188e-02,7.145603027343750000e+02
2.146196365356445312e-02,5.740012817382812500e+02
3.123235702514648438e-02,3.599174499511718750e+02
1.847243309020996094e-02,1.469696331024169922e+01
4.142284393310546875e-03,9.774892425537109375e+01
1.730775833129882812e-02,1.254362030029296875e+02
3.289532661437988281e-02,2.259303588867187500e+02
1.727652549743652344e-02,8.225764770507812500e+02
3.290104866027832031e-02,8.236641235351562500e+02
1.726961135864257812e-02,7.121239624023437500e+02
1.726770401000976562e-02,3.268343353271484375e+01
1.727533340454101562e-02,1.441954956054687500e+03
1.728296279907226562e-02,1.625935516357421875e+02
1.727533340454101562e-02,1.267390975952148438e+02
1.727604866027832031e-02,1.223479736328125000e+03
1.727819442749023438e-02,2.221588134765625000e+02
1.727342605590820312e-02,1.302780273437500000e+03
1.727581024169921875e-02,4.017961120605468750e+02
3.289771080017089844e-02,-7.468679809570312500e+01
1.981902122497558594e-02,1.373411132812500000e+03
1.727581024169921875e-02,6.038565826416015625e+01
1.727557182312011719e-02,1.149079711914062500e+03
1.727604866027832031e-02,5.878069458007812500e+02
1.727533340454101562e-02,8.857144165039062500e+02
1.835227012634277344e-02,1.433939453125000000e+03
1.727771759033203125e-02,1.491129394531250000e+03
1.727652549743652344e-02,1.136559448242187500e+03
1.027894020080566406e-02,3.026394958496093750e+02
1.730990409851074219e-02,1.124144653320312500e+03
3.671860694885253906e-02,5.635407638549804688e+01
1.515793800354003906e-02,4.287687988281250000e+02
1.889014244079589844e-02,2.694132995605468750e+02
2.613687515258789062e-02,9.006700439453125000e+02
2.669215202331542969e-02,1.968525634765625000e+03
1.730298995971679688e-02,1.275739868164062500e+03
1.729798316955566406e-02,8.340366363525390625e+01
1.727581024169921875e-02,1.995365478515625000e+03
1.727581024169921875e-02,2.244720001220703125e+02
1.722550392150878906e-02,2.920386962890625000e+03
1.727557182312011719e-02,1.047546142578125000e+03
1.729583740234375000e-02,1.662032592773437500e+03
1.727652549743652344e-02,9.729145507812500000e+02
1.728701591491699219e-02,9.079119873046875000e+01
1.725697517395019531e-02,9.553736114501953125e+01
1.727199554443359375e-02,2.059495117187500000e+03
3.291511535644531250e-02,4.013807983398437500e+02
1.727175712585449219e-02,5.653479003906250000e+02
1.727271080017089844e-02,1.517494873046875000e+03
1.725554466247558594e-02,1.486244018554687500e+03
3.292417526245117188e-02,1.872886848449707031e+01
1.654386520385742188e-03,1.241646240234375000e+03
1.724815368652343750e-02,3.568823486328125000e+03
4.025483131408691406e-02,5.524714965820312500e+02
1.743412017822265625e-02,9.839345092773437500e+02
1.724839210510253906e-02,6.620703125000000000e+02
1.732778549194335938e-02,8.126300048828125000e+02
1.727414131164550781e-02,2.016372436523437500e+03
2.087187767028808594e-02,1.613727416992187500e+03
1.730370521545410156e-02,4.314423370361328125e+01
1.726889610290527344e-02,2.263341979980468750e+02
2.055644989013671875e-02,6.863565673828125000e+02
1.837682723999023438e-02,0.000000000000000000e+00
2.724456787109375000e-02,8.569516601562500000e+02
1.511049270629882812e-02,4.527420043945312500e+02
1.234602928161621094e-02,1.446823730468750000e+03
1.732587814331054688e-02,1.326166137695312500e+03
1.724624633789062500e-02,-7.247000122070312500e+01
1.728701591491699219e-02,1.244391021728515625e+02
1.727581024169921875e-02,3.360957946777343750e+02
1.729321479797363281e-02,1.118349853515625000e+03
3.287529945373535156e-02,8.128303833007812500e+02
1.729226112365722656e-02,1.211547775268554688e+02
3.288078308105468750e-02,1.886574462890625000e+03
1.654386520385742188e-03,4.107350769042968750e+02
3.289866447448730469e-02,1.084826049804687500e+03
1.727652549743652344e-02,7.884365844726562500e+02
1.727294921875000000e-02,3.451774597167968750e+02
1.724863052368164062e-02,4.742981567382812500e+02
3.291773796081542969e-02,1.357391357421875000e+03
1.727533340454101562e-02,1.588107788085937500e+03
1.729941368103027344e-02,7.208081665039062500e+02
1.726078987121582031e-02,-3.000000119209289551e-01
1.727700233459472656e-02,9.774403076171875000e+02
3.289580345153808594e-02,3.015864562988281250e+02
3.290176391601562500e-02,-7.366844654083251953e+00
1.727318763732910156e-02,1.065057945251464844e+01
1.727485656738281250e-02,3.932129211425781250e+02
1.727771759033203125e-02,5.511248779296875000e+02
1.727509498596191406e-02,9.542469024658203125e+01
1.727795600891113281e-02,1.349441894531250000e+03
1.696825027465820312e-02,4.220484313964843750e+02
3.135371208190917969e-02,-4.106584167480468750e+01
1.836538314819335938e-02,2.684689941406250000e+02
4.867315292358398438e-03,3.821448364257812500e+02
3.819775581359863281e-02,2.124395141601562500e+02
2.416110038757324219e-02,8.802726440429687500e+02
9.373664855957031250e-03,7.346750488281250000e+02
1.729655265808105469e-02,1.854724243164062500e+03
1.727604866027832031e-02,9.384869995117187500e+02
1.725554466247558594e-02,6.898195648193359375e+01
1.728510856628417969e-02,5.595959091186523438e+01
1.728677749633789062e-02,1.268368164062500000e+03
1.725482940673828125e-02,5.693692626953125000e+02
1.729655265808105469e-02,4.974524536132812500e+02
1.727533340454101562e-02,4.136775512695312500e+02
1.725530624389648438e-02,7.882017517089843750e+01
1.729607582092285156e-02,1.050996826171875000e+03
1.725578308105468750e-02,1.272171386718750000e+03
1.729631423950195312e-02,6.294921493530273438e+01
1.730537414550781250e-02,3.074487792968750000e+03
1.646137237548828125e-02,1.052745605468750000e+03
1.727628707885742188e-02,2.606782226562500000e+03
1.732563972473144531e-02,2.109730072021484375e+02
1.727628707885742188e-02,2.932965087890625000e+02
1.722645759582519531e-02,4.677426147460937500e+02
1.730203628540039062e-02,4.849750671386718750e+02
1.724863052368164062e-02,2.516537933349609375e+02
1.730465888977050781e-02,1.373078155517578125e+02
1.727342605590820312e-02,1.168645858764648438e+01
1.727962493896484375e-02,1.719281005859375000e+03
1.727247238159179688e-02,8.541812744140625000e+02
1.727581024169921875e-02,1.397667358398437500e+03
1.728343963623046875e-02,2.358916503906250000e+03
3.602695465087890625e-02,1.123550903320312500e+03
2.325415611267089844e-02,1.514489013671875000e+03
2.293872833251953125e-02,3.121908935546875000e+03
1.727223396301269531e-02,4.114475708007812500e+02
2.047967910766601562e-02,2.472569824218750000e+03
1.845550537109375000e-02,2.290787963867187500e+02
1.841759681701660156e-02,3.117091979980468750e+02
2.248144149780273438e-02,2.311615142822265625e+02
2.529025077819824219e-02,1.868845581054687500e+03
2.257919311523437500e-02,1.163141235351562500e+03
1.991724967956542969e-02,2.324185485839843750e+02
1.730179786682128906e-02,1.682389678955078125e+02
1.727700233459472656e-02,4.256651687622070312e+01
1.726579666137695312e-02,5.002711181640625000e+02
1.728868484497070312e-02,1.033904541015625000e+03
1.727318763732910156e-02,1.793271026611328125e+02
1.727676391601562500e-02,1.365527099609375000e+03
1.727461814880371094e-02,1.445987060546875000e+03
3.290009498596191406e-02,7.575897216796875000e+02
1.727032661437988281e-02,1.877986083984375000e+03
1.727843284606933594e-02,5.015868835449218750e+02
1.727557182312011719e-02,2.905321044921875000e+02
1.727724075317382812e-02,3.246763916015625000e+02
1.727414131164550781e-02,7.688161010742187500e+02
1.724457740783691406e-02,1.578025634765625000e+03
1.729702949523925781e-02,3.417981262207031250e+02
1.730203628540039062e-02,3.706051940917968750e+02
1.728177070617675781e-02,5.417600097656250000e+02
2.051210403442382812e-02,8.977398071289062500e+02
2.090096473693847656e-02,7.588946533203125000e+02
1.644396781921386719e-02,4.687792968750000000e+01
1.561760902404785156e-02,7.073430786132812500e+02
3.250360488891601562e-03,2.623676300048828125e+01
1.730728149414062500e-02,3.895570983886718750e+02
1.724457740783691406e-02,8.217640991210937500e+02
3.293061256408691406e-02,5.675651245117187500e+02
1.727151870727539062e-02,3.137377624511718750e+02
1.727604866027832031e-02,3.503711700439453125e+01
3.289484977722167969e-02,8.290927124023437500e+02
1.727819442749023438e-02,7.311473083496093750e+01
1.137733459472656250e-02,1.782698364257812500e+03
1.731657981872558594e-02,1.425947875976562500e+03
3.140091896057128906e-02,1.371951049804687500e+03
2.221512794494628906e-02,8.215029296875000000e+02
1.912426948547363281e-02,1.635811767578125000e+03
1.730179786682128906e-02,7.430223083496093750e+01
3.289771080017089844e-02,1.622001464843750000e+03
1.724672317504882812e-02,1.112062549591064453e+01
1.727485656738281250e-02,5.847232818603515625e+01
1.730322837829589844e-02,4.617388000488281250e+02
1.724839210510253906e-02,5.696244430541992188e+01
3.289818763732910156e-02,8.165607910156250000e+02
1.727414131164550781e-02,1.092114624023437500e+03
1.727557182312011719e-02,4.126542663574218750e+02
1.727581024169921875e-02,1.875861572265625000e+03
1.727604866027832031e-02,8.279423217773437500e+02
1.727557182312011719e-02,1.330200042724609375e+02
1.727557182312011719e-02,7.426898803710937500e+02
1.727700233459472656e-02,7.490752563476562500e+02
1.870632171630859375e-02,2.982161376953125000e+03
2.322649955749511719e-02,2.537855148315429688e+01
1.619362831115722656e-02,9.523717041015625000e+02
1.544928550720214844e-02,3.448718872070312500e+02
3.400206565856933594e-02,8.330830383300781250e+01
1.730966567993164062e-02,1.261537841796875000e+03
1.727294921875000000e-02,1.258680175781250000e+03
1.727771759033203125e-02,6.382144775390625000e+02
1.727676391601562500e-02,8.120686645507812500e+02
3.290081024169921875e-02,9.886953735351562500e+02
1.726675033569335938e-02,1.293072631835937500e+03
1.727271080017089844e-02,1.344961700439453125e+02
3.290510177612304688e-02,9.199368286132812500e+02
1.325178146362304688e-02,1.570751464843750000e+03
3.661870956420898438e-02,1.641616699218750000e+03
2.298736572265625000e-02,8.604622192382812500e+02
1.180911064147949219e-02,1.002190307617187500e+03
3.292632102966308594e-02,9.300012207031250000e+02
1.727819442749023438e-02,1.143318725585937500e+03
1.727819442749023438e-02,2.874101867675781250e+02
1.726508140563964844e-02,5.981773071289062500e+02
1.727366447448730469e-02,9.176005249023437500e+02
1.654386520385742188e-03,4.434292602539062500e+02
3.290319442749023438e-02,9.127411499023437500e+02
1.751804351806640625e-02,5.467092285156250000e+02
2.680301666259765625e-03,7.766372680664062500e+02
1.727843284606933594e-02,2.630063171386718750e+02
3.289628028869628906e-02,2.800005798339843750e+02
1.353788375854492188e-02,1.336590332031250000e+03
2.090525627136230469e-02,2.017164306640625000e+02
1.542496681213378906e-02,8.943091430664062500e+02
1.821494102478027344e-02,7.882576293945312500e+02
1.730537414550781250e-02,2.025002563476562500e+03
1.727652549743652344e-02,5.787348937988281250e+01
3.289628028869628906e-02,1.090069702148437500e+03
3.290152549743652344e-02,3.929992370605468750e+02
1.724171638488769531e-02,1.988035034179687500e+03
3.292608261108398438e-02,1.065450439453125000e+03
1.727509498596191406e-02,1.762458740234375000e+03
1.333117485046386719e-02,8.297402191162109375e+01
1.727700233459472656e-02,2.913606262207031250e+02
1.729512214660644531e-02,5.275553588867187500e+02
1.727581024169921875e-02,8.253000259399414062e+00
1.728892326354980469e-02,2.399785400390625000e+03
1.726245880126953125e-02,8.328318786621093750e+01
3.291106224060058594e-02,5.879961776733398438e+01
1.727032661437988281e-02,1.370482177734375000e+03
3.798317909240722656e-02,3.596813583374023438e+01
2.267384529113769531e-02,1.515117309570312500e+03
1.837182044982910156e-02,8.160050048828125000e+02
1.730918884277343750e-02,8.353181152343750000e+02
3.289675712585449219e-02,1.255616699218750000e+03
1.727581024169921875e-02,5.172714233398437500e+02
3.289985656738281250e-02,4.006296081542968750e+02
1.724529266357421875e-02,7.665167846679687500e+02
2.890825271606445312e-02,7.380269775390625000e+02
2.217125892639160156e-02,7.293936157226562500e+02
1.119112968444824219e-02,8.231871337890625000e+02
3.292584419250488281e-02,2.373787994384765625e+02
1.729726791381835938e-02,3.436388015747070312e+01
2.209949493408203125e-02,1.536768676757812500e+03
1.730418205261230469e-02,3.093303222656250000e+03
3.290033340454101562e-02,1.423854003906250000e+03
1.727080345153808594e-02,1.360756225585937500e+03
3.420972824096679688e-02,6.298779907226562500e+02
1.724505424499511719e-02,3.359088134765625000e+02
1.729583740234375000e-02,8.100433959960937500e+02
1.727724075317382812e-02,1.229847412109375000e+03
1.730442047119140625e-02,6.600360107421875000e+01
1.725435256958007812e-02,2.194750213623046875e+02
1.729631423950195312e-02,8.616311035156250000e+02
1.725769042968750000e-02,7.236508178710937500e+02
1.727533340454101562e-02,2.057892089843750000e+03
1.727581024169921875e-02,1.399246459960937500e+03
1.728820800781250000e-02,9.177573242187500000e+02
3.412580490112304688e-02,1.430405395507812500e+03
1.765632629394531250e-02,9.576834869384765625e+01
1.755428314208984375e-02,7.508192138671875000e+02
1.572299003601074219e-02,1.301506225585937500e+03
1.707744598388671875e-02,1.362029296875000000e+03
6.251573562622070312e-03,2.033946838378906250e+02
1.730704307556152344e-02,2.495576660156250000e+03
1.727628707885742188e-02,7.716443481445312500e+02
2.084302902221679688e-02,1.280200653076171875e+02
2.409219741821289062e-02,-1.294487667083740234e+01
1.630330085754394531e-02,1.512450805664062500e+03
1.446604728698730469e-02,8.598632812500000000e+01
3.292679786682128906e-02,2.327305419921875000e+03
1.728773117065429688e-02,8.632615661621093750e+01
3.288221359252929688e-02,5.117912292480468750e+02
1.726722717285156250e-02,7.333670043945312500e+02
8.794307708740234375e-03,8.800920410156250000e+02
1.727676391601562500e-02,1.011397644042968750e+03
1.730680465698242188e-02,1.501480346679687500e+03
1.727557182312011719e-02,1.819453620910644531e+01
3.289556503295898438e-02,1.584675292968750000e+03
1.724720001220703125e-02,1.971303710937500000e+03
1.864647865295410156e-02,2.022419128417968750e+02
1.728296279907226562e-02,2.283167968750000000e+03
1.729440689086914062e-02,9.617031250000000000e+02
1.726269721984863281e-02,3.112582397460937500e+02
1.728844642639160156e-02,3.930749511718750000e+02
1.725578308105468750e-02,1.253813705444335938e+02
3.292989730834960938e-02,6.396884155273437500e+01
1.724314689636230469e-02,2.877913818359375000e+02
1.731038093566894531e-02,1.111448852539062500e+03
1.727223396301269531e-02,1.906731811523437500e+03
1.727581024169921875e-02,5.558725738525390625e+01
1.727533340454101562e-02,8.613421630859375000e+01
1.836204528808593750e-02,4.037399902343750000e+02
1.731085777282714844e-02,1.776739257812500000e+03
1.728725433349609375e-02,8.616527557373046875e+01
3.426432609558105469e-02,2.876854553222656250e+02
5.935192108154296875e-03,9.976518554687500000e+02
3.035259246826171875e-02,2.818051147460937500e+02
1.747894287109375000e-02,2.020187622070312500e+03
6.587743759155273438e-03,2.200475830078125000e+03
1.730799674987792969e-02,1.098268554687500000e+03
1.727581024169921875e-02,1.710108398437500000e+03
1.727557182312011719e-02,1.212512939453125000e+03
3.290033340454101562e-02,3.218932617187500000e+03
1.726675033569335938e-02,8.511994934082031250e+01
1.727986335754394531e-02,7.378759002685546875e+01
1.727724075317382812e-02,2.489344726562500000e+03
1.727628707885742188e-02,1.777079101562500000e+03
3.289747238159179688e-02,5.217456817626953125e+01
3.289675712585449219e-02,3.954342041015625000e+02
1.726913452148437500e-02,4.902973022460937500e+02
1.728725433349609375e-02,7.545335083007812500e+02
1.727437973022460938e-02,3.948362121582031250e+02
1.724004745483398438e-02,1.812890014648437500e+03
1.734924316406250000e-02,1.010797180175781250e+03
1.729369163513183594e-02,1.199321044921875000e+03
1.723408699035644531e-02,9.009003448486328125e+01
1.724672317504882812e-02,3.433392944335937500e+02
3.291249275207519531e-02,1.429999947547912598e+00
1.727032661437988281e-02,1.095138092041015625e+02
1.727604866027832031e-02,1.220863952636718750e+02
1.727557182312011719e-02,2.590649843215942383e+00
3.289318084716796875e-02,9.611297607421875000e+01
1.728248596191406250e-02,1.014732055664062500e+03
1.729106903076171875e-02,2.142909851074218750e+02
3.380537033081054688e-02,5.895012207031250000e+02
1.839256286621093750e-02,9.361967468261718750e+01
1.828145980834960938e-02,4.832288818359375000e+02
1.563787460327148438e-02,8.401892700195312500e+02
1.483750343322753906e-02,5.388792114257812500e+02
8.621692657470703125e-03,3.873476257324218750e+02
1.727652549743652344e-02,1.358405639648437500e+03
1.730942726135253906e-02,1.344778686523437500e+03
1.727294921875000000e-02,2.216676513671875000e+03
3.289747238159179688e-02,1.250703491210937500e+03
1.727604866027832031e-02,9.274730224609375000e+02
1.728963851928710938e-02,1.488420410156250000e+03
3.287982940673828125e-02,9.551811523437500000e+02
1.725625991821289062e-02,6.874112548828125000e+02
1.731681823730468750e-02,9.206765136718750000e+02
1.722908020019531250e-02,4.411519775390625000e+02
3.292536735534667969e-02,2.194102050781250000e+03
1.727175712585449219e-02,6.930682983398437500e+02
1.724815368652343750e-02,5.767895507812500000e+01
1.727676391601562500e-02,1.334573242187500000e+03
3.292417526245117188e-02,4.417229614257812500e+02
1.733827590942382812e-02,1.826551361083984375e+02
1.723504066467285156e-02,1.585389892578125000e+03
1.724672317504882812e-02,1.956266632080078125e+02
1.728630065917968750e-02,5.299066162109375000e+02
1.727533340454101562e-02,1.901890625000000000e+03
1.727581024169921875e-02,4.795485229492187500e+02
1.727628707885742188e-02,1.616200561523437500e+03
1.727557182312011719e-02,3.637797241210937500e+02
1.727533340454101562e-02,6.461559295654296875e+01
1.370453834533691406e-02,7.518133544921875000e+02
2.593040466308593750e-02,1.793443603515625000e+03
1.778244972229003906e-02,2.413333740234375000e+03
1.106977462768554688e-02,1.929352661132812500e+03
1.729679107666015625e-02,1.864275756835937500e+03
1.725459098815917969e-02,1.616396118164062500e+03
1.730751991271972656e-02,3.830138397216796875e+01
2.125620841979980469e-02,2.771992797851562500e+02
1.778554916381835938e-02,8.345451660156250000e+02
1.918411254882812500e-02,4.479571228027343750e+02
1.730346679687500000e-02,2.138788909912109375e+02
1.727724075317382812e-02,7.402356719970703125e+01
3.289628028869628906e-02,6.123515014648437500e+02
1.727938652038574219e-02,1.162603454589843750e+02
1.837587356567382812e-02,8.971101074218750000e+02
1.729822158813476562e-02,5.887435913085937500e+01
1.728773117065429688e-02,0.000000000000000000e+00
1.726460456848144531e-02,1.907688842773437500e+03
1.727652549743652344e-02,9.981224365234375000e+02
1.727509498596191406e-02,2.003412017822265625e+02
1.737022399902343750e-02,9.830139160156250000e+02
1.716017723083496094e-02,1.341425903320312500e+03
1.738715171813964844e-02,1.230274734497070312e+02
1.718449592590332031e-02,6.813766479492187500e+02
1.730537414550781250e-02,1.973753929138183594e+01
1.722645759582519531e-02,1.229416015625000000e+03
1.852679252624511719e-02,2.477566223144531250e+02
1.654386520385742188e-03,0.000000000000000000e+00
1.728510856628417969e-02,6.984514160156250000e+02
3.291916847229003906e-02,9.466557312011718750e+01
1.727533340454101562e-02,7.916452026367187500e+02
2.279257774353027344e-02,9.213508300781250000e+02
3.022718429565429688e-02,8.225438232421875000e+02
2.265214920043945312e-02,4.144640502929687500e+02
1.732158660888671875e-02,1.849990478515625000e+03
1.725816726684570312e-02,2.422422851562500000e+03
1.727795600891113281e-02,1.381560058593750000e+03
1.727795600891113281e-02,5.513290405273437500e+02
1.834058761596679688e-02,8.335438842773437500e+02
2.279233932495117188e-02,2.013355346679687500e+03
1.831388473510742188e-02,4.784566345214843750e+02
1.850509643554687500e-02,1.903627441406250000e+03
1.940989494323730469e-02,3.157825439453125000e+03
1.898646354675292969e-02,5.382410278320312500e+02
1.618862152099609375e-02,9.452027587890625000e+02
1.729679107666015625e-02,4.671585693359375000e+02
1.726317405700683594e-02,9.442183837890625000e+02
3.291678428649902344e-02,1.255741653442382812e+02
1.727771759033203125e-02,5.406932373046875000e+02
1.727437973022460938e-02,2.960342712402343750e+02
1.727867126464843750e-02,1.767843365669250488e-01
1.727628707885742188e-02,6.575882568359375000e+02
1.727533340454101562e-02,4.358142395019531250e+02
1.727581024169921875e-02,1.748666015625000000e+03
1.726508140563964844e-02,4.881346130371093750e+02
1.728653907775878906e-02,7.488814697265625000e+02
3.289914131164550781e-02,1.543757781982421875e+02
1.726984977722167969e-02,4.703593063354492188e+01
3.290510177612304688e-02,7.426945190429687500e+02
1.724553108215332031e-02,1.184789428710937500e+02
2.186918258666992188e-02,9.970451049804687500e+02
3.109073638916015625e-02,7.292772674560546875e+01
1.881575584411621094e-02,-3.974528551101684570e+00
1.955914497375488281e-02,1.581096923828125000e+03
1.727533340454101562e-02,8.990919189453125000e+02
3.290200233459472656e-02,5.588007812500000000e+02
1.727056503295898438e-02,1.016367340087890625e+02
1.727914810180664062e-02,3.859080505371093750e+01
1.727509498596191406e-02,3.537937316894531250e+02
3.289937973022460938e-02,7.891337890625000000e+02
1.727008819580078125e-02,5.432202758789062500e+02
1.725792884826660156e-02,1.719674682617187500e+03
1.727008819580078125e-02,3.658466552734375000e+03
3.613185882568359375e-02,9.004155273437500000e+02
1.638793945312500000e-02,1.052808074951171875e+02
1.552128791809082031e-02,4.535983276367187500e+02
3.313255310058593750e-02,1.916627197265625000e+02
2.687215805053710938e-03,2.823999977111816406e+01
3.293347358703613281e-02,1.162701606750488281e+01
1.727342605590820312e-02,2.530746826171875000e+03
1.727390289306640625e-02,2.209171630859375000e+03
1.728200912475585938e-02,1.806045410156250000e+03
1.727175712585449219e-02,6.690247802734375000e+02
1.727485656738281250e-02,1.151635986328125000e+03
1.727581024169921875e-02,1.051972900390625000e+03
3.289699554443359375e-02,7.546691284179687500e+02
1.450204849243164062e-02,2.039741516113281250e+02
1.730728149414062500e-02,1.046156616210937500e+03
1.843810081481933594e-02,1.570926391601562500e+03
2.822613716125488281e-02,6.902827148437500000e+02
2.437067031860351562e-02,2.291929931640625000e+03
1.727533340454101562e-02,9.079234619140625000e+02
1.727461814880371094e-02,7.979659271240234375e+01
1.732683181762695312e-02,6.841116333007812500e+02
1.727557182312011719e-02,9.334619140625000000e+01
3.287529945373535156e-02,2.614685546875000000e+03
1.727843284606933594e-02,1.937330566406250000e+03
1.729345321655273438e-02,-4.318540954589843750e+01
3.287577629089355469e-02,1.161379394531250000e+03
1.654386520385742188e-03,-5.777293071150779724e-02
1.724743843078613281e-02,1.495526977539062500e+03
1.727581024169921875e-02,1.762145996093750000e+02
1.730799674987792969e-02,1.911167449951171875e+02
1.726436614990234375e-02,2.746025390625000000e+03
1.727604866027832031e-02,1.886148834228515625e+02
3.483724594116210938e-02,1.161730712890625000e+03
2.710485458374023438e-02,1.015600341796875000e+03
1.872873306274414062e-02,6.000268554687500000e+02
8.481025695800781250e-03,2.075417480468750000e+03
1.730942726135253906e-02,3.711630859375000000e+02
1.727747917175292969e-02,9.678864135742187500e+02
3.289389610290527344e-02,7.982875366210937500e+02
2.276325225830078125e-02,1.557936401367187500e+02
1.730203628540039062e-02,2.065468505859375000e+03
1.729273796081542969e-02,1.045081634521484375e+02
3.288078308105468750e-02,1.043656539916992188e+01
2.296233177185058594e-02,9.664324951171875000e+01
2.552008628845214844e-02,1.030317382812500000e+03
1.826238632202148438e-02,1.044791870117187500e+03
1.056075096130371094e-02,4.810284042358398438e+01
1.729679107666015625e-02,1.014781188964843750e+03
1.727485656738281250e-02,1.450179687500000000e+03
1.727604866027832031e-02,1.735775756835937500e+02
3.290796279907226562e-02,4.121222229003906250e+02
1.727247238159179688e-02,1.424025512695312500e+03
1.727819442749023438e-02,4.359058761596679688e+01
1.727914810180664062e-02,5.262166137695312500e+02
1.727533340454101562e-02,9.124354858398437500e+02
1.727414131164550781e-02,1.503558471679687500e+03
1.728963851928710938e-02,3.275250244140625000e+02
3.287839889526367188e-02,1.725194335937500000e+03
1.729154586791992188e-02,8.064426879882812500e+02
1.726317405700683594e-02,4.182178649902343750e+02
1.724553108215332031e-02,4.323535156250000000e+02
1.730656623840332031e-02,3.361359863281250000e+03
1.727581024169921875e-02,5.029969406127929688e+01
1.903152465820312500e-02,1.043395767211914062e+02
1.731634140014648438e-02,1.731367492675781250e+01
1.727128028869628906e-02,6.687933349609375000e+02
2.887558937072753906e-02,1.035644287109375000e+03
1.747369766235351562e-02,5.757388305664062500e+01
1.273441314697265625e-02,-8.500000238418579102e-01
1.728081703186035156e-02,1.085516357421875000e+02
3.292012214660644531e-02,3.046237304687500000e+03
1.729202270507812500e-02,1.170535888671875000e+03
2.160835266113281250e-02,2.854931640625000000e+01
3.109192848205566406e-02,8.976931152343750000e+02
1.521325111389160156e-02,4.044981994628906250e+02
8.222579956054687500e-03,1.475703002929687500e+03
1.731300354003906250e-02,4.816334533691406250e+02
1.727557182312011719e-02,7.798277282714843750e+01
1.725983619689941406e-02,1.205407791137695312e+02
1.848578453063964844e-02,5.364641723632812500e+02
1.728320121765136719e-02,9.487811889648437500e+02
1.732563972473144531e-02,3.030720214843750000e+02
1.722097396850585938e-02,6.615362548828125000e+02
1.729607582092285156e-02,2.447008819580078125e+02
1.725506782531738281e-02,3.773507690429687500e+02
1.727604866027832031e-02,2.908501625061035156e+01
1.735830307006835938e-02,1.642014770507812500e+03
3.284263610839843750e-02,1.879243278503417969e+01
1.727914810180664062e-02,2.115976257324218750e+02
1.727604866027832031e-02,1.616136962890625000e+03
1.726388931274414062e-02,9.232532348632812500e+02
1.837182044982910156e-02,4.532421569824218750e+02
1.727938652038574219e-02,4.322124023437500000e+02
3.293180465698242188e-02,8.838584899902343750e+01
1.727008819580078125e-02,3.372757136821746826e-01
3.289771080017089844e-02,3.848657226562500000e+02
2.384161949157714844e-02,2.539479217529296875e+02
1.834917068481445312e-02,6.386795043945312500e+02
1.847052574157714844e-02,1.071207763671875000e+03
2.041649818420410156e-02,1.452812194824218750e+02
1.801109313964843750e-02,1.241117797851562500e+03
1.622414588928222656e-02,8.396046142578125000e+02
1.654386520385742188e-03,1.049510498046875000e+03
1.867938041687011719e-02,1.115384765625000000e+03
3.014063835144042969e-02,7.727241821289062500e+02
2.294588088989257812e-02,5.669493408203125000e+02
1.730370521545410156e-02,1.573262939453125000e+02
1.726794242858886719e-02,1.677189575195312500e+03
1.727581024169921875e-02,7.060780639648437500e+02
1.727676391601562500e-02,1.305481338500976562e+01
1.725339889526367188e-02,7.402916717529296875e+01
1.729702949523925781e-02,2.898870239257812500e+02
1.728630065917968750e-02,4.709958190917968750e+02
3.289675712585449219e-02,-4.310039138793945312e+01
1.727247238159179688e-02,1.483613281250000000e+03
3.290081024169921875e-02,2.777914123535156250e+02
1.724481582641601562e-02,1.699339111328125000e+03
1.729536056518554688e-02,2.220801239013671875e+02
1.727581024169921875e-02,3.727753295898437500e+02
1.725506782531738281e-02,2.162138916015625000e+03
3.292918205261230469e-02,1.415734985351562500e+03
1.729440689086914062e-02,1.737957000732421875e+02
1.724529266357421875e-02,1.352576416015625000e+03
2.438306808471679688e-02,2.662054061889648438e+01
1.731109619140625000e-02,1.611176025390625000e+03
1.727223396301269531e-02,1.158553710937500000e+03
1.727795600891113281e-02,1.717791748046875000e+03
1.727342605590820312e-02,1.352760742187500000e+03
1.726508140563964844e-02,7.871198730468750000e+02
1.728606224060058594e-02,1.021591918945312500e+03
1.727628707885742188e-02,2.192324829101562500e+02
1.727509498596191406e-02,8.227978515625000000e+02
2.559661865234375000e-02,4.302081680297851562e+01
1.889300346374511719e-02,1.217034912109375000e+03
1.838779449462890625e-02,2.240727050781250000e+03
1.722884178161621094e-02,1.680222778320312500e+03
1.730751991271972656e-02,4.459509277343750000e+02
1.727294921875000000e-02,9.358772583007812500e+02
1.727747917175292969e-02,3.946560363769531250e+02
1.726555824279785156e-02,2.384153900146484375e+02
1.727795600891113281e-02,1.269506149291992188e+02
3.289580345153808594e-02,1.536183837890625000e+03
1.729536056518554688e-02,6.847834472656250000e+02
1.726317405700683594e-02,6.178266906738281250e+01
3.289747238159179688e-02,3.409295654296875000e+02
1.727628707885742188e-02,1.704671508789062500e+03
3.290271759033203125e-02,7.231014404296875000e+02
1.726961135864257812e-02,2.793313232421875000e+03
1.724815368652343750e-02,2.456251953125000000e+03
1.730585098266601562e-02,7.933097534179687500e+02
1.727795600891113281e-02,1.169768798828125000e+03
2.107930183410644531e-02,6.992653808593750000e+02
3.292894363403320312e-02,7.328352050781250000e+02
1.849293708801269531e-02,5.991691894531250000e+02
1.728057861328125000e-02,1.743103515625000000e+03
3.292417526245117188e-02,1.625765502929687500e+03
1.727724075317382812e-02,1.411314086914062500e+03
1.727557182312011719e-02,1.828789550781250000e+03
3.290224075317382812e-02,1.087842041015625000e+03
2.764129638671875000e-02,1.961905029296875000e+03
2.417731285095214844e-02,3.275644775390625000e+03
1.871490478515625000e-02,2.577640991210937500e+02
1.198554039001464844e-02,9.170765380859375000e+02
3.714776039123535156e-02,3.513341903686523438e+01
2.633643150329589844e-02,3.874360275268554688e+01
2.362585067749023438e-02,1.780219726562500000e+03
1.726961135864257812e-02,1.208395263671875000e+03
1.727747917175292969e-02,6.114016723632812500e+02
1.727747917175292969e-02,9.428840332031250000e+02
1.727581024169921875e-02,7.836538085937500000e+02
1.727581024169921875e-02,1.007198333740234375e+02
1.727867126464843750e-02,1.731915435791015625e+02
1.727199554443359375e-02,2.760783081054687500e+02
1.727628707885742188e-02,1.263986572265625000e+03
1.727771759033203125e-02,6.229714355468750000e+02
1.727318763732910156e-02,3.067313964843750000e+03
3.276515007019042969e-02,7.754367065429687500e+02
1.730489730834960938e-02,1.075020996093750000e+03
1.732110977172851562e-02,5.242117309570312500e+02
1.722097396850585938e-02,8.041630249023437500e+02
1.729941368103027344e-02,9.623666381835937500e+02
1.990604400634765625e-02,4.153472900390625000e+02
1.732873916625976562e-02,4.636913299560546875e+01
1.727390289306640625e-02,3.113416748046875000e+02
1.724624633789062500e-02,9.027084960937500000e+02
1.727557182312011719e-02,1.000495239257812500e+03
1.725459098815917969e-02,1.450881713867187500e+03
1.729774475097656250e-02,3.546679687500000000e+03
1.728630065917968750e-02,4.940486145019531250e+02
1.726412773132324219e-02,5.071028137207031250e+02
1.030898094177246094e-02,1.009722423553466797e+01
2.836298942565917969e-02,3.299406814575195312e+01
1.799035072326660156e-02,3.039213256835937500e+02
8.253335952758789062e-03,1.168492431640625000e+03
1.730751991271972656e-02,-8.052874755859375000e+01
1.727581024169921875e-02,1.350577636718750000e+03
1.728057861328125000e-02,4.342275390625000000e+02
1.727342605590820312e-02,2.757324981689453125e+01
1.726198196411132812e-02,1.114982788085937500e+03
3.389286994934082031e-02,1.009066085815429688e+02
2.330040931701660156e-02,7.799426269531250000e+02
1.864123344421386719e-02,1.926093383789062500e+03
1.727056503295898438e-02,1.312193847656250000e+03
3.289747238159179688e-02,7.332810058593750000e+02
1.727461814880371094e-02,1.260682250976562500e+03
3.289985656738281250e-02,7.917786407470703125e+01
3.289771080017089844e-02,5.494910049438476562e+01
1.727223396301269531e-02,7.524501342773437500e+02
1.726770401000976562e-02,1.255710205078125000e+03
3.291773796081542969e-02,8.538317260742187500e+02
1.727509498596191406e-02,-2.962608635425567627e-01
3.288459777832031250e-02,1.679779785156250000e+03
1.725149154663085938e-02,9.646159362792968750e+01
3.292179107666015625e-02,-7.321217346191406250e+01
1.728320121765136719e-02,6.356252441406250000e+02
1.726007461547851562e-02,1.720514404296875000e+03
2.637219429016113281e-02,1.810486450195312500e+03
2.233242988586425781e-02,2.449785400390625000e+03
1.194453239440917969e-02,3.135944091796875000e+03
3.292942047119140625e-02,3.654915771484375000e+02
1.724481582641601562e-02,1.177268600463867188e+01
3.292465209960937500e-02,1.005654144287109375e+02
1.729059219360351562e-02,2.031061279296875000e+03
1.726174354553222656e-02,8.227921142578125000e+02
2.762198448181152344e-02,2.151509033203125000e+03
1.648402214050292969e-02,8.253146362304687500e+02
1.924777030944824219e-02,1.894297637939453125e+02
4.237437248229980469e-02,4.269571228027343750e+02
1.139354705810546875e-02,6.231103515625000000e+01
1.730513572692871094e-02,1.240243041992187500e+03
1.727700233459472656e-02,7.274263916015625000e+02
1.727843284606933594e-02,8.824668121337890625e+01
1.727390289306640625e-02,1.792784179687500000e+03
1.727557182312011719e-02,2.430012207031250000e+03
1.727485656738281250e-02,1.330245605468750000e+03
3.401637077331542969e-02,1.362557617187500000e+03
1.734757423400878906e-02,4.344996643066406250e+02
1.730656623840332031e-02,6.311035766601562500e+02
1.719689369201660156e-02,7.522528686523437500e+02
1.727652549743652344e-02,1.580483032226562500e+03
1.727533340454101562e-02,8.984200286865234375e+01
3.290843963623046875e-02,3.018909912109375000e+03
1.724433898925781250e-02,1.417296264648437500e+03
1.727533340454101562e-02,1.709514648437500000e+03
3.771209716796875000e-02,1.611655578613281250e+02
1.743483543395996094e-02,2.299516845703125000e+03
1.533532142639160156e-02,1.093665771484375000e+03
1.729679107666015625e-02,1.565154052734375000e+03
1.728320121765136719e-02,3.038358497619628906e+01
1.728200912475585938e-02,1.752546501159667969e+01
1.728510856628417969e-02,8.137601928710937500e+02
3.288340568542480469e-02,9.560748291015625000e+01
1.727747917175292969e-02,8.897002563476562500e+02
1.654386520385742188e-03,4.718608093261718750e+02
1.724433898925781250e-02,9.872520141601562500e+02
1.727604866027832031e-02,1.115466918945312500e+03
1.730680465698242188e-02,7.416325378417968750e+01
2.899575233459472656e-02,4.169355468750000000e+02
1.654386520385742188e-03,8.137272644042968750e+01
1.729702949523925781e-02,3.858780670166015625e+01
4.106378555297851562e-02,7.078826293945312500e+02
2.268290519714355469e-02,4.211751098632812500e+02
8.734464645385742188e-03,6.808609008789062500e+02
1.730751991271972656e-02,4.160958557128906250e+02
1.727581024169921875e-02,7.302170410156250000e+02
1.727581024169921875e-02,4.993591918945312500e+02
1.724934577941894531e-02,1.429383544921875000e+03
1.730346679687500000e-02,2.245763183593750000e+03
3.289866447448730469e-02,2.736655883789062500e+02
1.726961135864257812e-02,6.470865478515625000e+02
1.726794242858886719e-02,6.788996887207031250e+01
1.730704307556152344e-02,1.272248229980468750e+02
1.727938652038574219e-02,2.683127441406250000e+03
1.724195480346679688e-02,2.157123046875000000e+03
1.485466957092285156e-02,5.065057373046875000e+02
2.588653564453125000e-02,1.120566528320312500e+03
1.762342453002929688e-02,2.875171203613281250e+02
1.102161407470703125e-02,8.904038696289062500e+02
1.729679107666015625e-02,3.215465087890625000e+02
1.728677749633789062e-02,4.764690856933593750e+02
1.728010177612304688e-02,7.455985107421875000e+02
1.729035377502441406e-02,1.279350357055664062e+02
1.728200912475585938e-02,1.791781982421875000e+03
3.286743164062500000e-02,9.715454101562500000e+01
1.724886894226074219e-02,1.445775390625000000e+03
1.730585098266601562e-02,5.551755371093750000e+02
1.239967346191406250e-02,1.572952270507812500e+02
1.727652549743652344e-02,2.386544036865234375e+02
1.730656623840332031e-02,3.431848144531250000e+02
3.289771080017089844e-02,7.822989501953125000e+02
1.727366447448730469e-02,6.062801742553710938e+01
3.906750679016113281e-02,1.087498092651367188e+02
1.848983764648437500e-02,1.383957519531250000e+03
1.845145225524902344e-02,-2.699982166290283203e+00
2.804398536682128906e-02,3.994754028320312500e+02
2.326464653015136719e-02,2.756500244140625000e+02
3.274917602539062500e-03,1.569773803710937500e+03
3.291797637939453125e-02,9.882098999023437500e+02
1.654386520385742188e-03,2.776765060424804688e+01
1.725530624389648438e-02,5.887461547851562500e+02
1.730704307556152344e-02,1.395311279296875000e+03
1.850461959838867188e-02,1.513707885742187500e+03
1.730394363403320312e-02,1.441334991455078125e+02
3.290247917175292969e-02,1.823695800781250000e+03
9.286165237426757812e-03,1.341498901367187500e+03
3.042554855346679688e-02,2.753841972351074219e+01
1.806211471557617188e-02,1.389507202148437500e+03
6.135225296020507812e-03,5.697672729492187500e+02
1.730775833129882812e-02,5.428143310546875000e+02
1.727819442749023438e-02,1.273684597015380859e+01
1.727318763732910156e-02,3.148580932617187500e+02
1.727724075317382812e-02,-3.252251434326171875e+01
1.726436614990234375e-02,9.389491577148437500e+02
1.727461814880371094e-02,1.799391326904296875e+02
1.835894584655761719e-02,1.908226562500000000e+03
1.728725433349609375e-02,2.235794525146484375e+02
1.727795600891113281e-02,5.940520629882812500e+02
1.727628707885742188e-02,1.200033783912658691e+00
1.727485656738281250e-02,1.340970214843750000e+03
1.727652549743652344e-02,1.005344970703125000e+03
1.727914810180664062e-02,8.464875793457031250e+01
3.289365768432617188e-02,1.225563720703125000e+03
1.727843284606933594e-02,1.654504638671875000e+03
3.289461135864257812e-02,3.575870056152343750e+02
1.727533340454101562e-02,2.852711181640625000e+02
1.654386520385742188e-03,1.117458618164062500e+03
1.727581024169921875e-02,1.090048217773437500e+02
1.727557182312011719e-02,8.666691284179687500e+02
3.289914131164550781e-02,7.566944885253906250e+01
2.987694740295410156e-02,1.510999267578125000e+03
1.648163795471191406e-02,8.120083618164062500e+02
1.518535614013671875e-02,5.487779541015625000e+02
1.731991767883300781e-02,5.709411621093750000e+02
3.288078308105468750e-02,2.352716979980468750e+02
2.568268775939941406e-02,1.692480926513671875e+02
2.101421356201171875e-02,4.815427017211914062e+01
1.156806945800781250e-02,8.826012573242187500e+02
1.728868484497070312e-02,6.822482910156250000e+02
1.731324195861816406e-02,1.530396850585937500e+03
1.725673675537109375e-02,1.478930053710937500e+03
1.725554466247558594e-02,5.264658813476562500e+02
3.291344642639160156e-02,5.375391845703125000e+02
8.987903594970703125e-03,1.121675781250000000e+03
1.727652549743652344e-02,4.317773742675781250e+02
1.730704307556152344e-02,1.419224853515625000e+03
1.727819442749023438e-02,6.597257690429687500e+02
3.290224075317382812e-02,5.930071640014648438e+01
1.726484298706054688e-02,5.679284286499023438e+01
1.727747917175292969e-02,1.383233886718750000e+03
3.290176391601562500e-02,2.983986511230468750e+02
3.289508819580078125e-02,1.657435150146484375e+02
1.726794242858886719e-02,-7.243746185302734375e+01
1.727056503295898438e-02,5.885843658447265625e+01
1.727604866027832031e-02,4.485275268554687500e+02
1.730513572692871094e-02,1.815424560546875000e+03
1.727581024169921875e-02,1.094371704101562500e+03
1.722717285156250000e-02,2.398554420471191406e+01
1.729512214660644531e-02,3.531689147949218750e+02
1.728630065917968750e-02,1.786416625976562500e+03
2.129697799682617188e-02,4.135651550292968750e+02
1.818919181823730469e-02,1.065646850585937500e+03
1.810765266418457031e-02,8.636344909667968750e+01
3.135824203491210938e-02,4.326838073730468750e+02
5.556106567382812500e-03,1.868499908447265625e+02
2.877616882324218750e-02,3.874995803833007812e+01
2.412581443786621094e-02,1.840150878906250000e+03
1.730513572692871094e-02,7.257191162109375000e+02
1.726579666137695312e-02,1.503688201904296875e+02
3.290843963623046875e-02,5.749559936523437500e+02
2.268457412719726562e-02,1.254922241210937500e+03
1.729679107666015625e-02,8.661441650390625000e+02
1.727771759033203125e-02,2.755171298980712891e+00
1.727342605590820312e-02,5.819374389648437500e+02
1.654386520385742188e-03,2.035058959960937500e+03
1.725530624389648438e-02,3.410548400878906250e+02
1.727509498596191406e-02,2.677448486328125000e+03
1.730823516845703125e-02,1.226890136718750000e+03
1.727557182312011719e-02,8.915491333007812500e+02
1.850223541259765625e-02,4.440035705566406250e+02
1.731014251708984375e-02,4.260361938476562500e+02
1.727700233459472656e-02,1.825661468505859375e+01
3.289318084716796875e-02,7.856966552734375000e+02
1.727485656738281250e-02,7.065316772460937500e+02
3.290009498596191406e-02,1.477519287109375000e+03
1.727223396301269531e-02,5.290737304687500000e+02
1.724791526794433594e-02,1.422929199218750000e+03
1.729559898376464844e-02,1.579748535156250000e+03
1.728725433349609375e-02,0.000000000000000000e+00
1.724433898925781250e-02,1.769610473632812500e+03
1.833081245422363281e-02,2.824741699218750000e+03
1.729846000671386719e-02,7.012235717773437500e+02
1.727557182312011719e-02,3.482635879516601562e+01
1.727676391601562500e-02,1.223167602539062500e+03
2.490377426147460938e-02,7.332670288085937500e+02
1.654386520385742188e-03,6.591425781250000000e+02
3.360390663146972656e-02,1.389140930175781250e+02
2.764225006103515625e-03,9.838233032226562500e+02
3.033423423767089844e-02,9.132034301757812500e+01
1.859617233276367188e-02,2.113676269531250000e+03
7.106542587280273438e-03,5.269779663085937500e+02
1.727700233459472656e-02,1.134925903320312500e+03
1.729536056518554688e-02,1.244844360351562500e+03
1.728630065917968750e-02,9.254647827148437500e+02
1.727700233459472656e-02,1.873953491210937500e+03
1.848697662353515625e-02,1.243803787231445312e+02
1.728463172912597656e-02,5.134350585937500000e+01
3.288531303405761719e-02,4.793983840942382812e+01
1.727771759033203125e-02,2.606054687500000000e+02
1.727628707885742188e-02,2.297117919921875000e+02
1.724410057067871094e-02,1.181268798828125000e+03
1.732563972473144531e-02,1.564298095703125000e+03
1.722478866577148438e-02,7.570062866210937500e+02
1.729726791381835938e-02,1.231331787109375000e+03
1.727533340454101562e-02,7.241408081054687500e+02
1.725554466247558594e-02,1.040898559570312500e+03
1.838970184326171875e-02,1.697960327148437500e+03
1.728653907775878906e-02,6.563648681640625000e+02
1.726913452148437500e-02,1.572704345703125000e+03
1.735925674438476562e-02,1.317597778320312500e+03
3.290390968322753906e-02,1.566771118164062500e+03
1.728153228759765625e-02,2.249818847656250000e+03
3.289103507995605469e-02,1.028309535980224609e+01
1.727581024169921875e-02,1.601038665771484375e+02
1.727533340454101562e-02,3.572013244628906250e+02
1.141309738159179688e-02,3.393767395019531250e+02
2.439475059509277344e-02,1.010876586914062500e+03
1.201581954956054688e-02,2.067542480468750000e+03
1.769948005676269531e-02,7.094738769531250000e+02
1.807165145874023438e-02,1.094612045288085938e+02
1.954030990600585938e-02,3.963259277343750000e+02
1.816606521606445312e-02,1.843654541015625000e+03
2.934741973876953125e-02,1.267540512084960938e+02
1.611495018005371094e-02,3.737795104980468750e+02
9.215593338012695312e-03,3.180900268554687500e+02
1.729679107666015625e-02,1.037827636718750000e+03
1.727557182312011719e-02,1.228940429687500000e+03
1.727795600891113281e-02,1.146014770507812500e+03
1.727318763732910156e-02,5.706487426757812500e+02
3.290867805480957031e-02,1.433444091796875000e+03
1.724481582641601562e-02,8.747834472656250000e+02
3.292798995971679688e-02,5.245897216796875000e+02
1.727175712585449219e-02,5.461902236938476562e+01
1.725172996520996094e-02,1.110919876098632812e+02
3.292274475097656250e-02,4.922152099609375000e+02
1.726698875427246094e-02,1.352450317382812500e+03
1.727509498596191406e-02,1.381571655273437500e+03
1.729297637939453125e-02,2.079713592529296875e+02
3.289031982421875000e-02,5.478367919921875000e+02
1.727914810180664062e-02,2.783770179748535156e+01
1.727342605590820312e-02,2.524771118164062500e+01
3.289961814880371094e-02,3.370570556640625000e+03
1.727008819580078125e-02,1.133716552734375000e+03
2.704668045043945312e-02,2.292836904525756836e-01
4.124498367309570312e-02,5.775377807617187500e+02
1.106333732604980469e-02,2.347076263427734375e+02
3.292560577392578125e-02,7.581953125000000000e+02
1.727509498596191406e-02,4.336897659301757812e+01
1.727914810180664062e-02,1.791556030273437500e+03
1.727604866027832031e-02,1.269005371093750000e+03
1.727509498596191406e-02,9.463466796875000000e+02
1.727628707885742188e-02,1.132324462890625000e+03
2.878379821777343750e-02,2.435132568359375000e+03
1.836514472961425781e-02,1.489523468017578125e+02
1.520490646362304688e-02,1.398315063476562500e+03
1.838922500610351562e-02,5.956447753906250000e+02
1.730871200561523438e-02,2.459027404785156250e+02
1.727771759033203125e-02,2.284223876953125000e+03
3.289532661437988281e-02,2.104652862548828125e+02
1.727509498596191406e-02,-5.789950942993164062e+01
1.727843284606933594e-02,5.459410476684570312e+01
1.726531982421875000e-02,1.535690673828125000e+03
3.290867805480957031e-02,2.873310546875000000e+02
1.726913452148437500e-02,7.126760101318359375e+01
1.728105545043945312e-02,3.407352539062500000e+03
1.727652549743652344e-02,1.037360458374023438e+02
1.727485656738281250e-02,1.001037292480468750e+03
1.727652549743652344e-02,9.026488647460937500e+02
1.727604866027832031e-02,4.568723144531250000e+02
1.724433898925781250e-02,1.354631591796875000e+03
3.292346000671386719e-02,2.067887268066406250e+02
2.684903144836425781e-02,1.791656616210937500e+03
2.169275283813476562e-02,1.650748779296875000e+03
8.752822875976562500e-03,1.508745574951171875e+02
1.730251312255859375e-02,4.974302673339843750e+02
3.290271759033203125e-02,8.145400238037109375e+01
1.727104187011718750e-02,7.578053588867187500e+02
1.724839210510253906e-02,9.341668090820312500e+02
3.289723396301269531e-02,8.240471649169921875e+01
1.729536056518554688e-02,2.911393165588378906e+01
1.727914810180664062e-02,5.175960083007812500e+02
1.727247238159179688e-02,1.088910400390625000e+03
1.255130767822265625e-02,2.910108757019042969e+01
3.536081314086914062e-02,1.473161376953125000e+03
2.554917335510253906e-02,1.474437011718750000e+03
1.864051818847656250e-02,3.043847167968750000e+03
1.020240783691406250e-02,2.960449981689453125e+01
1.730012893676757812e-02,1.087223876953125000e+03
1.727199554443359375e-02,2.105125244140625000e+03
1.727581024169921875e-02,1.178184448242187500e+03
3.290796279907226562e-02,1.038237426757812500e+03
1.728439331054687500e-02,8.214476013183593750e+01
1.723599433898925781e-02,1.967895812988281250e+02
1.729655265808105469e-02,3.266505432128906250e+02
1.727485656738281250e-02,5.047402954101562500e+02
1.727628707885742188e-02,1.536516357421875000e+03
1.725530624389648438e-02,1.556263549804687500e+03
3.196215629577636719e-02,1.725713867187500000e+03
1.730346679687500000e-02,3.702886962890625000e+02
1.724767684936523438e-02,1.172952636718750000e+03
3.512549400329589844e-02,7.600083923339843750e+01
1.838111877441406250e-02,1.562055816650390625e+02
1.563763618469238281e-02,1.298970825195312500e+03
4.261493682861328125e-03,8.167515258789062500e+02
1.730728149414062500e-02,1.112599487304687500e+03
1.727581024169921875e-02,9.632955932617187500e+02
1.727604866027832031e-02,1.490038696289062500e+03
1.727581024169921875e-02,8.786586914062500000e+02
1.727604866027832031e-02,9.992662353515625000e+02
1.727533340454101562e-02,8.853665161132812500e+02
1.727795600891113281e-02,6.280360794067382812e+01
1.726317405700683594e-02,8.894779052734375000e+02
1.727557182312011719e-02,1.602634155273437500e+03
1.728606224060058594e-02,1.086182128906250000e+03
1.727581024169921875e-02,2.489500427246093750e+02
1.727604866027832031e-02,1.879723266601562500e+03
1.727509498596191406e-02,2.213366455078125000e+03
1.727867126464843750e-02,2.150464355468750000e+03
3.287887573242187500e-02,3.906403503417968750e+02
2.648282051086425781e-02,6.063690795898437500e+02
2.490091323852539062e-02,6.075665893554687500e+02
1.960802078247070312e-02,2.084055633544921875e+02
1.727986335754394531e-02,4.778652343750000000e+02
1.727461814880371094e-02,1.108441772460937500e+02
1.728868484497070312e-02,3.148048339843750000e+03
3.288006782531738281e-02,1.127450637817382812e+02
1.726984977722167969e-02,3.087750549316406250e+02
1.728129386901855469e-02,4.646896972656250000e+02
1.728391647338867188e-02,1.166762313842773438e+02
1.726961135864257812e-02,8.655008544921875000e+02
1.257514953613281250e-02,1.229071273803710938e+02
3.371119499206542969e-02,1.714945983886718750e+02
1.458835601806640625e-02,1.392037719726562500e+03
6.240606307983398438e-03,5.047616271972656250e+02
1.730728149414062500e-02,4.504845886230468750e+02
1.727652549743652344e-02,4.540299682617187500e+02
1.727628707885742188e-02,3.382502136230468750e+02
3.289628028869628906e-02,7.247149658203125000e+02
1.724457740783691406e-02,7.080848999023437500e+02
1.729607582092285156e-02,2.211000732421875000e+03
1.727604866027832031e-02,3.189090576171875000e+02
3.290891647338867188e-02,6.939568481445312500e+02
1.724314689636230469e-02,1.808944091796875000e+03
1.732492446899414062e-02,9.158190917968750000e+02
1.725721359252929688e-02,1.876065429687500000e+03
3.290009498596191406e-02,4.181589355468750000e+02
1.725530624389648438e-02,5.921562671661376953e+00
1.726794242858886719e-02,6.095552978515625000e+02
1.981830596923828125e-02,6.628998565673828125e+01
1.838994026184082031e-02,3.443679809570312500e+02
1.832914352416992188e-02,1.262472167968750000e+03
1.914906501770019531e-02,7.805433959960937500e+02
3.383874893188476562e-02,1.566854248046875000e+03
1.862335205078125000e-02,1.267456909179687500e+03
1.730465888977050781e-02,8.386132812500000000e+01
1.727604866027832031e-02,1.065780517578125000e+03
1.727676391601562500e-02,1.110302810668945312e+02
1.727604866027832031e-02,4.295403747558593750e+02
1.727652549743652344e-02,5.656988525390625000e+02
2.458453178405761719e-02,2.403642883300781250e+02
3.394794464111328125e-02,2.377891387939453125e+02
1.661443710327148438e-02,2.433612442016601562e+01
1.894736289978027344e-02,5.885830688476562500e+02
1.727247238159179688e-02,1.119909301757812500e+03
3.290271759033203125e-02,1.333862915039062500e+03
1.727032661437988281e-02,1.240775146484375000e+03
3.289985656738281250e-02,2.873132629394531250e+02
1.724958419799804688e-02,1.371729980468750000e+03
1.729011535644531250e-02,1.871781860351562500e+03
1.734328269958496094e-02,2.191248046875000000e+03
1.729321479797363281e-02,2.532559967041015625e+02
1.717114448547363281e-02,6.335028076171875000e+01
1.729607582092285156e-02,1.319638061523437500e+03
1.728630065917968750e-02,1.414590209960937500e+03
1.726508140563964844e-02,1.093406860351562500e+03
1.727747917175292969e-02,7.655307617187500000e+02
1.728487014770507812e-02,9.691679687500000000e+02
1.729011535644531250e-02,1.167587768554687500e+03
3.288006782531738281e-02,8.811147460937500000e+02
1.729083061218261719e-02,9.014086914062500000e+02
1.726126670837402344e-02,5.331495971679687500e+02
1.727747917175292969e-02,1.580385498046875000e+03
1.727676391601562500e-02,3.268235168457031250e+02
2.742338180541992188e-02,1.486984252929687500e+03
2.100348472595214844e-02,1.457899536132812500e+03
1.751685142517089844e-02,1.561065917968750000e+03
1.615524291992187500e-02,1.859494750976562500e+03
1.872849464416503906e-02,1.464094085693359375e+02
2.617907524108886719e-02,2.448254394531250000e+02
2.277922630310058594e-02,7.156633911132812500e+02
2.122187614440917969e-02,1.268726806640625000e+03
1.727056503295898438e-02,1.131572509765625000e+03
1.728105545043945312e-02,7.055129394531250000e+02
2.009987831115722656e-02,9.428675079345703125e+01
1.729917526245117188e-02,1.229622192382812500e+03
1.730513572692871094e-02,9.899999618530273438e+00
1.726841926574707031e-02,9.162187500000000000e+02
1.726222038269042969e-02,6.224078369140625000e+02
3.288769721984863281e-02,9.585859375000000000e+02
1.727557182312011719e-02,1.071858398437500000e+03
1.654386520385742188e-03,1.822657592773437500e+03
1.727628707885742188e-02,2.225812500000000000e+03
1.728630065917968750e-02,5.221549987792968750e+01
1.727581024169921875e-02,1.072220916748046875e+02
1.727557182312011719e-02,2.275924377441406250e+02
1.727557182312011719e-02,1.113401947021484375e+02
1.839399337768554688e-02,5.072409973144531250e+02
3.293180465698242188e-02,2.488052520751953125e+02
1.727223396301269531e-02,9.785583496093750000e+01
1.995539665222167969e-02,8.557604370117187500e+02
1.727628707885742188e-02,1.324624267578125000e+03
1.729846000671386719e-02,6.374450683593750000e+01
1.728725433349609375e-02,4.163722839355468750e+02
3.289437294006347656e-02,5.195761718750000000e+02
2.266860008239746094e-02,6.676364898681640625e+01
1.882600784301757812e-02,8.056639099121093750e+01
1.772642135620117188e-02,3.423419189453125000e+02
1.864719390869140625e-02,1.157470458984375000e+03
3.780913352966308594e-02,4.383152465820312500e+02
1.512789726257324219e-02,2.136131744384765625e+02
1.730060577392578125e-02,1.339653686523437500e+03
1.727199554443359375e-02,1.363959503173828125e+02
1.727604866027832031e-02,1.449150024414062500e+03
1.727485656738281250e-02,8.258936767578125000e+02
1.727604866027832031e-02,4.124539184570312500e+02
1.725530624389648438e-02,1.235395629882812500e+03
1.730728149414062500e-02,8.314620971679687500e+02
1.728963851928710938e-02,7.172255249023437500e+02
3.287982940673828125e-02,8.448568725585937500e+02
1.729083061218261719e-02,6.339659423828125000e+02
3.288817405700683594e-02,1.905824584960937500e+02
1.726984977722167969e-02,2.589616699218750000e+02
3.288102149963378906e-02,2.431115150451660156e+01
1.729178428649902344e-02,1.179056320190429688e+02
1.727819442749023438e-02,1.375541748046875000e+03
3.289556503295898438e-02,1.413386962890625000e+03
1.727366447448730469e-02,1.019787216186523438e+01
3.290295600891113281e-02,1.613926879882812500e+03
1.727104187011718750e-02,1.297562713623046875e+02
3.289937973022460938e-02,3.499664001464843750e+02
1.728487014770507812e-02,9.140108032226562500e+02
1.725673675537109375e-02,-2.702503776550292969e+01
1.726698875427246094e-02,1.062324340820312500e+03
1.728391647338867188e-02,4.753101196289062500e+02
1.727557182312011719e-02,6.774009399414062500e+02
1.819181442260742188e-02,5.597790527343750000e+02
3.197026252746582031e-02,7.167775878906250000e+02
2.165603637695312500e-02,8.305977172851562500e+02
1.770210266113281250e-02,8.712835083007812500e+02
1.563787460327148438e-02,1.229170166015625000e+03
4.416704177856445312e-03,1.050932128906250000e+03
3.293633460998535156e-02,2.337328643798828125e+02
1.726603507995605469e-02,2.083114814758300781e+01
3.290247917175292969e-02,1.025322143554687500e+03
1.726984977722167969e-02,7.412248535156250000e+02
1.728057861328125000e-02,1.175224487304687500e+03
1.727390289306640625e-02,4.654231567382812500e+02
1.727724075317382812e-02,1.325694702148437500e+03
1.727390289306640625e-02,2.969831542968750000e+02
1.724457740783691406e-02,2.716807556152343750e+01
3.293061256408691406e-02,1.899989843368530273e+00
1.678323745727539062e-02,6.365693359375000000e+02
1.730632781982421875e-02,1.826723022460937500e+03
1.727604866027832031e-02,1.118874755859375000e+03
1.727581024169921875e-02,2.338734588623046875e+02
1.727604866027832031e-02,3.223717529296875000e+03
3.597426414489746094e-02,6.211234741210937500e+02
1.731419563293457031e-02,1.661886840820312500e+03
1.724147796630859375e-02,2.004526824951171875e+02
1.727581024169921875e-02,1.348707733154296875e+02
1.727604866027832031e-02,4.711262512207031250e+01
1.727509498596191406e-02,1.383182983398437500e+03
3.289723396301269531e-02,7.545973205566406250e+01
1.127958297729492188e-02,1.388986694335937500e+03
2.582931518554687500e-02,2.619739723205566406e+01
1.838517189025878906e-02,5.328121566772460938e+01
1.028537750244140625e-02,1.311583709716796875e+02
1.727533340454101562e-02,2.887273864746093750e+02
2.132511138916015625e-02,6.021557006835937500e+02
1.661729812622070312e-02,1.167344116210937500e+03
1.852154731750488281e-02,4.074299316406250000e+02
2.521872520446777344e-02,2.032109985351562500e+03
1.834583282470703125e-02,5.464257812500000000e+02
1.094961166381835938e-02,2.450623168945312500e+02
3.292870521545410156e-02,1.096645641326904297e+01
1.728868484497070312e-02,8.894393310546875000e+02
1.725220680236816406e-02,1.106954345703125000e+03
3.290462493896484375e-02,1.732176971435546875e+02
1.729822158813476562e-02,2.928787708282470703e+00
1.724600791931152344e-02,1.642419067382812500e+03
1.728892326354980469e-02,6.710537109375000000e+02
1.728105545043945312e-02,1.052043334960937500e+03
1.733851432800292969e-02,9.697573852539062500e+01
2.926754951477050781e-02,9.253458862304687500e+02
1.724386215209960938e-02,9.473099975585937500e+02
1.729559898376464844e-02,1.686102172851562500e+03
1.727604866027832031e-02,2.144533935546875000e+03
1.727509498596191406e-02,5.098845214843750000e+02
3.290462493896484375e-02,2.971024169921875000e+02
1.727890968322753906e-02,1.860923461914062500e+03
1.727795600891113281e-02,4.341636962890625000e+02
1.728606224060058594e-02,9.755256958007812500e+02
2.898550033569335938e-02,2.088406494140625000e+03
2.378463745117187500e-02,4.107899856567382812e+01
1.860761642456054688e-02,1.651952362060546875e+02
1.228356361389160156e-02,2.003272827148437500e+03
1.727628707885742188e-02,1.911967163085937500e+03
1.730823516845703125e-02,7.069604492187500000e+02
1.727461814880371094e-02,6.984226074218750000e+02
1.727533340454101562e-02,8.674749755859375000e+02
1.724362373352050781e-02,2.411475067138671875e+02
1.654386520385742188e-03,8.546495971679687500e+02
1.727724075317382812e-02,5.453319091796875000e+02
3.291678428649902344e-02,1.492309936523437500e+03
1.727604866027832031e-02,4.852926330566406250e+02
2.533698081970214844e-02,6.947583618164062500e+02
2.193474769592285156e-02,1.136865844726562500e+03
1.727819442749023438e-02,8.456996154785156250e+01
3.292346000671386719e-02,7.835274505615234375e+01
1.654386520385742188e-03,4.515592041015625000e+02
1.726746559143066406e-02,6.071753540039062500e+02
1.728653907775878906e-02,1.640954467773437500e+03
3.289413452148437500e-02,8.472705078125000000e+02
8.132696151733398438e-03,1.489003295898437500e+03
3.292989730834960938e-02,9.801760864257812500e+02
1.727104187011718750e-02,3.713715515136718750e+02
3.290104866027832031e-02,1.263795776367187500e+03
1.727247238159179688e-02,3.102150878906250000e+02
1.726746559143066406e-02,8.522532348632812500e+02
1.727604866027832031e-02,9.929208374023437500e+02
1.728677749633789062e-02,1.701119232177734375e+01
1.727557182312011719e-02,1.344690795898437500e+03
1.727843284606933594e-02,8.063337402343750000e+02
1.336550712585449219e-02,2.440908966064453125e+02
2.443385124206542969e-02,1.320065551757812500e+03
2.497529983520507812e-02,1.002001892089843750e+03
2.080821990966796875e-02,1.338477661132812500e+03
1.729249954223632812e-02,1.393488281250000000e+03
3.288340568542480469e-02,9.380579833984375000e+02
1.727461814880371094e-02,-2.642006397247314453e+00
3.290224075317382812e-02,5.478526611328125000e+02
2.024912834167480469e-02,1.527065063476562500e+03
1.727795600891113281e-02,1.344002197265625000e+03
1.729631423950195312e-02,1.049812545776367188e+02
9.422779083251953125e-03,-7.247000122070312500e+01
1.833105087280273438e-02,9.591683959960937500e+01
3.476881980895996094e-02,5.898002929687500000e+02
2.247762680053710938e-02,2.781946533203125000e+03
1.457905769348144531e-02,8.970285034179687500e+02
3.292441368103027344e-02,7.121662139892578125e+01
1.729011535644531250e-02,1.023489807128906250e+03
1.726078987121582031e-02,5.807446899414062500e+02
3.396010398864746094e-02,1.041370117187500000e+03
1.727104187011718750e-02,3.921448974609375000e+02
3.289699554443359375e-02,8.297138061523437500e+02
1.727509498596191406e-02,5.540630493164062500e+02
1.728129386901855469e-02,1.318912315368652344e+01
1.727294921875000000e-02,1.222925048828125000e+03
1.727843284606933594e-02,1.116380249023437500e+03
1.727318763732910156e-02,6.051768188476562500e+02
1.548528671264648438e-02,3.665950927734375000e+02
3.891110420227050781e-02,1.221883789062500000e+03
1.402473449707031250e-02,1.141034667968750000e+03
3.292942047119140625e-02,2.543046875000000000e+02
1.727294921875000000e-02,8.698583984375000000e+02
3.290200233459472656e-02,3.954853210449218750e+02
1.726937294006347656e-02,1.078519515991210938e+02
1.729488372802734375e-02,1.009558776855468750e+03
2.706336975097656250e-02,6.514396362304687500e+02
1.727986335754394531e-02,8.708228759765625000e+02
3.292131423950195312e-02,2.107278320312500000e+03
1.726770401000976562e-02,3.327956848144531250e+02
1.727676391601562500e-02,8.145503540039062500e+02
1.654386520385742188e-03,3.320591735839843750e+02
1.725411415100097656e-02,1.214449539184570312e+02
1.727557182312011719e-02,5.232259368896484375e+01
3.292751312255859375e-02,6.539408111572265625e+01
3.054738044738769531e-02,4.185697937011718750e+02
1.427483558654785156e-02,8.765175628662109375e+01
1.730799674987792969e-02,7.886997222900390625e+00
1.726484298706054688e-02,9.816738891601562500e+02
1.727581024169921875e-02,2.571178222656250000e+03
1.727604866027832031e-02,1.382140197753906250e+02
1.728034019470214844e-02,9.685250244140625000e+02
1.728224754333496094e-02,1.325659790039062500e+02
1.727509498596191406e-02,2.582209968566894531e+01
1.728940010070800781e-02,1.856549987792968750e+02
2.734780311584472656e-02,1.767141723632812500e+01
2.362871170043945312e-02,1.367709838867187500e+03
1.760482788085937500e-02,1.493548950195312500e+03
1.317930221557617188e-02,1.538535400390625000e+03
1.732206344604492188e-02,3.144034179687500000e+03
3.287982940673828125e-02,1.019335388183593750e+03
1.727700233459472656e-02,1.098213867187500000e+03
1.727461814880371094e-02,2.433784912109375000e+03
3.290224075317382812e-02,2.671210021972656250e+02
1.727056503295898438e-02,1.221847412109375000e+03
3.431272506713867188e-02,9.681355590820312500e+02
1.727199554443359375e-02,1.387097656250000000e+03
1.728010177612304688e-02,1.491357788085937500e+03
1.319074630737304688e-02,5.279575195312500000e+02
1.727581024169921875e-02,1.127760696411132812e+02
3.292655944824218750e-02,9.061173095703125000e+02
1.727914810180664062e-02,1.220436859130859375e+01
1.727342605590820312e-02,1.946192016601562500e+03
1.727700233459472656e-02,8.231056213378906250e+01
2.454924583435058594e-02,2.580115722656250000e+03
1.832079887390136719e-02,2.137923126220703125e+02
1.852822303771972656e-02,1.288239624023437500e+03
2.686572074890136719e-02,2.107985076904296875e+02
2.280950546264648438e-02,5.535798339843750000e+02
4.905939102172851562e-03,1.123650283813476562e+02
1.730966567993164062e-02,-7.247000122070312500e+01
1.852607727050781250e-02,2.796343994140625000e+02
3.293204307556152344e-02,1.961678466796875000e+03
2.169346809387207031e-02,1.472869628906250000e+03
2.826118469238281250e-02,9.999828491210937500e+02
2.305078506469726562e-02,8.615100097656250000e+01
3.272056579589843750e-03,8.097447509765625000e+02
1.729679107666015625e-02,9.385647583007812500e+02
1.725435256958007812e-02,2.860841674804687500e+02
1.729726791381835938e-02,2.193693084716796875e+02
2.296996116638183594e-02,3.994237518310546875e+01
1.727581024169921875e-02,1.024800781250000000e+03
1.838541030883789062e-02,5.245939331054687500e+02
1.813960075378417969e-02,1.341216674804687500e+03
3.293681144714355469e-02,1.057676010131835938e+02
1.728844642639160156e-02,4.318258972167968750e+02
3.287816047668457031e-02,1.232959079742431641e+01
1.727604866027832031e-02,1.308588378906250000e+03
1.724314689636230469e-02,8.437760009765625000e+02
1.739859580993652344e-02,2.873793125152587891e+00
1.715159416198730469e-02,1.595836791992187500e+03
1.729679107666015625e-02,2.158827667236328125e+02
1.725888252258300781e-02,1.434042968750000000e+03
3.292083740234375000e-02,3.911884460449218750e+02
1.727390289306640625e-02,1.111019287109375000e+03
1.727056503295898438e-02,1.038484008789062500e+03
1.726031303405761719e-02,7.201236572265625000e+02
3.292179107666015625e-02,1.133086059570312500e+03
1.727509498596191406e-02,4.905850219726562500e+02
3.232645988464355469e-02,6.515366821289062500e+02
1.793074607849121094e-02,1.020952224731445312e+02
1.779866218566894531e-02,7.916057739257812500e+02
1.550030708312988281e-02,5.405778808593750000e+02
1.137161254882812500e-02,5.216342926025390625e+01
3.293418884277343750e-02,1.147060623168945312e+02
1.727890968322753906e-02,1.300950073242187500e+03
3.288555145263671875e-02,3.506209945678710938e+01
1.725459098815917969e-02,3.105287170410156250e+02
3.291821479797363281e-02,1.420863189697265625e+02
1.728367805480957031e-02,7.798887939453125000e+02
1.727104187011718750e-02,6.333347778320312500e+02
1.727747917175292969e-02,1.160135742187500000e+03
1.727437973022460938e-02,9.734252166748046875e+01
1.726412773132324219e-02,1.775077629089355469e+01
1.727628707885742188e-02,1.745429687500000000e+03
1.727509498596191406e-02,8.771771850585937500e+02
1.654386520385742188e-03,2.919830627441406250e+02
1.726269721984863281e-02,9.286670532226562500e+02
3.291702270507812500e-02,7.534749145507812500e+02
1.726889610290527344e-02,1.188266235351562500e+03
1.727604866027832031e-02,6.639118041992187500e+02
1.728510856628417969e-02,5.918907546997070312e+01
1.727819442749023438e-02,1.174746459960937500e+03
3.289651870727539062e-02,1.698971679687500000e+03
1.727437973022460938e-02,1.764519042968750000e+03
3.289651870727539062e-02,1.492368896484375000e+03
1.727414131164550781e-02,9.390543823242187500e+02
1.727890968322753906e-02,1.407463455200195312e+01
1.726460456848144531e-02,1.005621398925781250e+03
1.727724075317382812e-02,8.733015136718750000e+02
1.796436309814453125e-02,7.115012207031250000e+02
1.854944229125976562e-02,6.487869262695312500e+01
2.024364471435546875e-02,1.457439208984375000e+03
1.799011230468750000e-02,7.460629940032958984e+00
1.739048957824707031e-02,6.247608642578125000e+02
1.727700233459472656e-02,7.984917602539062500e+02
1.729559898376464844e-02,2.164632873535156250e+02
1.728653907775878906e-02,1.078505096435546875e+02
1.727628707885742188e-02,1.645739257812500000e+03
1.728081703186035156e-02,9.816270141601562500e+02
1.727080345153808594e-02,1.698539916992187500e+03
1.727724075317382812e-02,4.268300476074218750e+02
1.727318763732910156e-02,6.165197372436523438e+01
1.729702949523925781e-02,2.104060302734375000e+03
3.287220001220703125e-02,7.412545084953308105e-01
1.842141151428222656e-02,1.262230300903320312e+02
1.654386520385742188e-03,6.002896118164062500e+02
3.293395042419433594e-02,3.074861450195312500e+02
1.727008819580078125e-02,1.128676452636718750e+02
1.727390289306640625e-02,3.094580268859863281e+01
3.287434577941894531e-02,1.992520019531250000e+03
1.732158660888671875e-02,3.048462524414062500e+02
1.724624633789062500e-02,3.918903198242187500e+02
1.728653907775878906e-02,2.433029541015625000e+03
1.727604866027832031e-02,1.809559814453125000e+03
1.728749275207519531e-02,1.064234619140625000e+03
3.396034240722656250e-02,1.861043548583984375e+02
1.732468605041503906e-02,8.706525268554687500e+02
3.287839889526367188e-02,7.067216796875000000e+02
1.654386520385742188e-03,4.859637145996093750e+02
2.827215194702148438e-02,2.361592285156250000e+03
2.922272682189941406e-02,2.895653686523437500e+02
2.213430404663085938e-02,2.061334716796875000e+03
1.875710487365722656e-02,9.510842895507812500e+01
1.727581024169921875e-02,1.621939575195312500e+03
1.727604866027832031e-02,1.293398315429687500e+03
1.847147941589355469e-02,2.421388183593750000e+03
2.214217185974121094e-02,4.736423110961914062e+01
3.292703628540039062e-02,1.010581726074218750e+03
1.727247238159179688e-02,5.761746826171875000e+02
1.726770401000976562e-02,5.439248046875000000e+02
1.725578308105468750e-02,1.341150512695312500e+03
1.732611656188964844e-02,3.952779846191406250e+02
3.287482261657714844e-02,1.712640136718750000e+03
1.729178428649902344e-02,5.839453735351562500e+02
3.288173675537109375e-02,9.091170654296875000e+02
1.729035377502441406e-02,3.734690856933593750e+01
1.726198196411132812e-02,1.064718139648437500e+03
3.291392326354980469e-02,1.116226684570312500e+03
1.725769042968750000e-02,3.391342544555664062e+01
1.727724075317382812e-02,1.974801513671875000e+03
1.727724075317382812e-02,7.791056518554687500e+02
1.727557182312011719e-02,2.684149475097656250e+02
1.727581024169921875e-02,6.236092529296875000e+02
1.727628707885742188e-02,1.070910034179687500e+02
1.727843284606933594e-02,1.345144409179687500e+03
1.726222038269042969e-02,1.830415893554687500e+03
1.728701591491699219e-02,5.347845458984375000e+02
2.724933624267578125e-02,1.599174072265625000e+03
2.917194366455078125e-02,1.516588867187500000e+03
2.339386940002441406e-02,1.039875610351562500e+03
1.730251312255859375e-02,9.392333374023437500e+02
1.726937294006347656e-02,4.285207824707031250e+02
1.727509498596191406e-02,1.772360229492187500e+01
2.204227447509765625e-02,3.774385681152343750e+02
1.787614822387695312e-02,0.000000000000000000e+00
1.839923858642578125e-02,5.415216674804687500e+02
3.231072425842285156e-02,1.892442169189453125e+02
1.617813110351562500e-02,1.000744628906250000e+02
6.237268447875976562e-03,8.344807128906250000e+02
1.730990409851074219e-02,1.080833251953125000e+03
1.727294921875000000e-02,1.533151611328125000e+03
1.727604866027832031e-02,5.016883850097656250e+02
3.289484977722167969e-02,1.517455688476562500e+03
1.727509498596191406e-02,3.477251892089843750e+02
3.290534019470214844e-02,1.904771240234375000e+03
1.727008819580078125e-02,3.269104003906250000e+03
3.289675712585449219e-02,3.127681274414062500e+02
3.289771080017089844e-02,9.557934570312500000e+01
1.728415489196777344e-02,5.447761840820312500e+02
3.285694122314453125e-02,7.455319976806640625e+01
1.729607582092285156e-02,1.360820617675781250e+02
1.654386520385742188e-03,5.394229507446289062e+01
1.728677749633789062e-02,9.915744018554687500e+01
1.726579666137695312e-02,1.084915924072265625e+02
2.208566665649414062e-02,1.885951423645019531e+01
3.869462013244628906e-02,1.157690917968750000e+03
1.455545425415039062e-02,9.715342712402343750e+01
3.293919563293457031e-02,1.088844360351562500e+03
1.726126670837402344e-02,-7.247000122070312500e+01
1.727461814880371094e-02,2.277790039062500000e+03
1.727867126464843750e-02,1.793711853027343750e+02
1.727581024169921875e-02,2.218694824218750000e+03
1.727819442749023438e-02,4.492910766601562500e+02
1.727318763732910156e-02,1.940075561523437500e+03
1.727819442749023438e-02,9.507095947265625000e+02
1.727342605590820312e-02,7.352500915527343750e+01
3.401017189025878906e-02,2.563781005859375000e+03
2.549839019775390625e-02,4.264804687500000000e+02
1.869606971740722656e-02,4.273282775878906250e+02
5.474090576171875000e-03,8.602305908203125000e+02
1.730751991271972656e-02,2.302270507812500000e+02
1.727581024169921875e-02,6.890369262695312500e+02
3.286623954772949219e-02,1.286881591796875000e+03
1.730346679687500000e-02,3.703740234375000000e+02
1.727795600891113281e-02,3.527008533477783203e+00
3.289818763732910156e-02,1.488185214996337891e+01
3.289747238159179688e-02,3.343593750000000000e+02
1.727223396301269531e-02,9.532038574218750000e+02
1.727437973022460938e-02,8.913854980468750000e+02
1.727581024169921875e-02,1.893270019531250000e+03
1.681065559387207031e-02,8.602082252502441406e+00
1.727652549743652344e-02,1.337839355468750000e+03
1.825714111328125000e-02,3.799634399414062500e+02
2.322340011596679688e-02,1.023347549438476562e+02
1.624941825866699219e-02,7.249686889648437500e+02
1.518964767456054688e-02,7.827630615234375000e+01
1.729559898376464844e-02,1.934160278320312500e+03
1.727747917175292969e-02,9.171449584960937500e+02
1.727485656738281250e-02,8.714533691406250000e+02
1.727581024169921875e-02,1.793333129882812500e+02
1.729893684387207031e-02,1.217785400390625000e+03
1.726150512695312500e-02,1.780632080078125000e+03
3.289699554443359375e-02,7.371197509765625000e+02
1.727724075317382812e-02,1.177432128906250000e+03
3.290414810180664062e-02,1.228962280273437500e+03
1.726627349853515625e-02,8.387028808593750000e+02
1.727771759033203125e-02,1.849000854492187500e+03
3.261256217956542969e-02,1.830157637596130371e-01
1.810431480407714844e-02,7.451755981445312500e+02
2.172708511352539062e-02,-7.247000122070312500e+01
1.870274543762207031e-02,5.722299804687500000e+02
1.426100730895996094e-02,9.127656936645507812e+00
1.730990409851074219e-02,1.116104736328125000e+03
1.726317405700683594e-02,5.447999954223632812e+00
1.727581024169921875e-02,2.324839019775390625e+02
1.654386520385742188e-03,9.626544952392578125e+01
1.727533340454101562e-02,9.342023925781250000e+02
3.292012214660644531e-02,1.052158935546875000e+03
1.726031303405761719e-02,1.321980834960937500e+03
3.289794921875000000e-02,2.545073974609375000e+03
1.727581024169921875e-02,1.425592895507812500e+03
1.727652549743652344e-02,7.226647949218750000e+01
3.823614120483398438e-02,-4.553630447387695312e+01
2.680182456970214844e-02,8.130186767578125000e+02
1.730251312255859375e-02,8.816308593750000000e+02
1.727294921875000000e-02,8.802863159179687500e+02
1.727032661437988281e-02,-6.728660583496093750e+00
3.290820121765136719e-02,1.084619506835937500e+03
1.727271080017089844e-02,1.508390808105468750e+02
1.729750633239746094e-02,2.144244873046875000e+03
1.727557182312011719e-02,9.046517333984375000e+02
1.727581024169921875e-02,9.509678344726562500e+02
3.287768363952636719e-02,1.537100585937500000e+03
1.727652549743652344e-02,1.760753662109375000e+03
1.727676391601562500e-02,3.441437988281250000e+02
1.726365089416503906e-02,9.228483276367187500e+02
1.729893684387207031e-02,3.544459533691406250e+01
1.723337173461914062e-02,1.069160461425781250e+02
1.727485656738281250e-02,9.313294677734375000e+02
3.418970108032226562e-02,1.298204833984375000e+03
1.727628707885742188e-02,7.383283691406250000e+02
1.654386520385742188e-03,6.662507934570312500e+02
3.130555152893066406e-02,1.312438110351562500e+03
1.824522018432617188e-02,8.839970092773437500e+02
2.546882629394531250e-02,2.773439697265625000e+03
1.730251312255859375e-02,2.060350189208984375e+02
1.729559898376464844e-02,1.793824584960937500e+03
1.726078987121582031e-02,2.475941276550292969e+01
3.289818763732910156e-02,8.265785522460937500e+02
2.629733085632324219e-02,3.353890991210937500e+02
2.174377441406250000e-02,1.948847167968750000e+03
1.513528823852539062e-02,8.722481689453125000e+02
1.519322395324707031e-02,1.727058105468750000e+03
1.729726791381835938e-02,6.806283569335937500e+02
1.654386520385742188e-03,1.245470458984375000e+03
3.290987014770507812e-02,1.476646850585937500e+03
1.727247238159179688e-02,1.627785400390625000e+03
3.289794921875000000e-02,3.146620788574218750e+02
1.727533340454101562e-02,1.387735229492187500e+03
1.727962493896484375e-02,1.327917236328125000e+03
1.727199554443359375e-02,2.367961181640625000e+03
1.727581024169921875e-02,4.798839111328125000e+02
1.727724075317382812e-02,1.277098510742187500e+03
3.289318084716796875e-02,5.244306945800781250e+01
1.727485656738281250e-02,1.317534423828125000e+03
3.288912773132324219e-02,3.371230773925781250e+02
1.729559898376464844e-02,1.579311401367187500e+03
1.725578308105468750e-02,1.219294067382812500e+03
3.290724754333496094e-02,1.848107147216796875e+02
1.726603507995605469e-02,1.563092041015625000e+03
1.728153228759765625e-02,2.486771728515625000e+03
8.456945419311523438e-03,1.098566650390625000e+03
1.835179328918457031e-02,9.672691040039062500e+02
3.533816337585449219e-02,3.329263916015625000e+02
2.286386489868164062e-02,2.077598876953125000e+03
1.339602470397949219e-02,9.912857666015625000e+02
1.727700233459472656e-02,5.073376464843750000e+02
1.965332031250000000e-02,2.406484375000000000e+03
2.098369598388671875e-02,4.364210510253906250e+02
2.573418617248535156e-02,1.178819824218750000e+03
7.917881011962890625e-03,1.680632019042968750e+01
3.293156623840332031e-02,3.826187133789062500e+02
1.726961135864257812e-02,4.325681457519531250e+02
3.290271759033203125e-02,4.261284790039062500e+02
1.727008819580078125e-02,1.167918090820312500e+03
1.727795600891113281e-02,6.119220581054687500e+02
1.727747917175292969e-02,7.167711181640625000e+02
1.727437973022460938e-02,1.671569366455078125e+02
3.290081024169921875e-02,4.627868347167968750e+02
1.724147796630859375e-02,4.796465759277343750e+02
1.727581024169921875e-02,1.022412597656250000e+03
1.729559898376464844e-02,7.443562622070312500e+02
1.727032661437988281e-02,2.242469238281250000e+03
1.726102828979492188e-02,1.781382568359375000e+03
1.729559898376464844e-02,1.197554321289062500e+03
1.727604866027832031e-02,8.232913818359375000e+02
1.728868484497070312e-02,3.392153549194335938e+01
2.221226692199707031e-02,1.998999977111816406e+01
1.796054840087890625e-02,4.388617324829101562e+01
1.731896400451660156e-02,1.548114624023437500e+03
1.726055145263671875e-02,4.391141052246093750e+02
1.727652549743652344e-02,5.769704589843750000e+02
1.726698875427246094e-02,4.618354797363281250e+01
3.289866447448730469e-02,1.989683837890625000e+03
1.727509498596191406e-02,2.963303833007812500e+02
1.729798316955566406e-02,4.573510742187500000e+02
3.260946273803710938e-02,1.708688598632812500e+03
1.307559013366699219e-02,2.709117187500000000e+03
2.277946472167968750e-02,1.015049255371093750e+03
1.924061775207519531e-02,9.665451049804687500e+01
1.225662231445312500e-02,2.819822692871093750e+02
1.729655265808105469e-02,6.383067626953125000e+02
1.727938652038574219e-02,1.677980957031250000e+03
1.883983612060546875e-02,2.250124053955078125e+02
1.730799674987792969e-02,3.671337127685546875e+00
1.728081703186035156e-02,6.438071441650390625e+01
1.727557182312011719e-02,9.088375854492187500e+02
1.726365089416503906e-02,1.036625976562500000e+03
1.728844642639160156e-02,2.367565429687500000e+03
1.724338531494140625e-02,1.064771972656250000e+03
1.730728149414062500e-02,3.871378173828125000e+02
1.727628707885742188e-02,1.613361328125000000e+03
1.727533340454101562e-02,1.920779663085937500e+03
1.727581024169921875e-02,9.788576049804687500e+02
1.726460456848144531e-02,2.899089660644531250e+02
1.727557182312011719e-02,1.361280761718750000e+03
3.405594825744628906e-02,6.246062622070312500e+02
1.727294921875000000e-02,3.026469116210937500e+02
3.290104866027832031e-02,5.801885223388671875e+01
1.727032661437988281e-02,1.865639953613281250e+02
1.727533340454101562e-02,6.453346557617187500e+02
1.726913452148437500e-02,5.720148315429687500e+02
1.727581024169921875e-02,1.270067138671875000e+02
2.426433563232421875e-02,3.218331909179687500e+01
2.087116241455078125e-03,8.614555053710937500e+02
3.291797637939453125e-02,1.782909393310546875e+02
1.727652549743652344e-02,1.047571105957031250e+02
2.187228202819824219e-02,5.895682373046875000e+02
2.595090866088867188e-02,1.322640502929687500e+03
2.739524841308593750e-02,6.706995391845703125e+01
2.102589607238769531e-02,6.778743896484375000e+02
1.494288444519042969e-02,8.895733642578125000e+02
1.731944084167480469e-02,1.890736694335937500e+03
3.288054466247558594e-02,6.040433502197265625e+01
1.726984977722167969e-02,1.773006225585937500e+03
1.654386520385742188e-03,2.721585998535156250e+02
1.727509498596191406e-02,9.409125366210937500e+02
1.728749275207519531e-02,1.055335083007812500e+03
1.727485656738281250e-02,1.006501586914062500e+03
1.727557182312011719e-02,1.087838867187500000e+03
1.727604866027832031e-02,8.564069366455078125e+01
3.289461135864257812e-02,8.199060058593750000e+02
1.727819442749023438e-02,1.995868896484375000e+03
3.289818763732910156e-02,8.402852783203125000e+02
1.769685745239257812e-02,8.082428588867187500e+02
1.730823516845703125e-02,6.509472656250000000e+02
1.727509498596191406e-02,1.769721801757812500e+03
1.727557182312011719e-02,3.472408142089843750e+02
1.726555824279785156e-02,1.633290039062500000e+03
1.727437973022460938e-02,5.274934692382812500e+02
1.727581024169921875e-02,1.034162475585937500e+03
1.728749275207519531e-02,8.072674560546875000e+02
1.724386215209960938e-02,4.397414855957031250e+02
1.732015609741210938e-02,4.166101684570312500e+02
3.287982940673828125e-02,1.281134765625000000e+03
1.729273796081542969e-02,6.852835693359375000e+02
3.037023544311523438e-02,1.276558837890625000e+03
2.798032760620117188e-02,8.481533813476562500e+01
2.264094352722167969e-02,1.809245239257812500e+03
1.919913291931152344e-02,2.380118751525878906e+01
1.727557182312011719e-02,2.413591003417968750e+02
1.727843284606933594e-02,2.146173095703125000e+01
1.726508140563964844e-02,2.492685302734375000e+03
2.970552444458007812e-02,6.847767944335937500e+02
1.540613174438476562e-02,1.302488861083984375e+02
1.425290107727050781e-02,4.286454467773437500e+02
1.730990409851074219e-02,4.234658203125000000e+02
1.726603507995605469e-02,6.720191955566406250e+01
1.728582382202148438e-02,4.636875152587890625e+00
1.727437973022460938e-02,3.303985595703125000e+02
1.727271080017089844e-02,7.542288970947265625e+01
1.727771759033203125e-02,1.417453002929687500e+03
1.726460456848144531e-02,6.389196014404296875e+01
1.729106903076171875e-02,1.677117675781250000e+03
1.726031303405761719e-02,1.294195434570312500e+03
1.855826377868652344e-02,5.385902786254882812e+01
1.727986335754394531e-02,2.577391113281250000e+03
1.729655265808105469e-02,8.422285156250000000e+02
3.290843963623046875e-02,5.186098022460937500e+02
1.724457740783691406e-02,1.070188476562500000e+03
1.730871200561523438e-02,1.688495178222656250e+02
1.724267005920410156e-02,8.828154907226562500e+02
1.727914810180664062e-02,6.268385009765625000e+02
3.292655944824218750e-02,4.482546997070312500e+02
1.728630065917968750e-02,1.021362060546875000e+03
3.288030624389648438e-02,1.701437988281250000e+03
8.541822433471679688e-03,1.315125488281250000e+03
2.894759178161621094e-02,5.283598632812500000e+02
2.391052246093750000e-02,3.734463500976562500e+02
1.730275154113769531e-02,1.359228515625000000e+03
1.837754249572753906e-02,2.686256408691406250e+01
3.290510177612304688e-02,5.609687500000000000e+02
1.727032661437988281e-02,3.321682617187500000e+03
2.269101142883300781e-02,1.393330078125000000e+03
1.826381683349609375e-02,2.066453369140625000e+03
1.843285560607910156e-02,1.062368774414062500e+02
3.570985794067382812e-02,1.655395629882812500e+03
1.863646507263183594e-02,7.326354217529296875e+01
1.727557182312011719e-02,1.986112548828125000e+03
1.727557182312011719e-02,1.653132080078125000e+03
1.727652549743652344e-02,1.214150024414062500e+03
3.289651870727539062e-02,4.435671615600585938e+01
1.727581024169921875e-02,3.822635650634765625e+01
1.727533340454101562e-02,1.680305786132812500e+03
1.728558540344238281e-02,2.963997802734375000e+03
1.726746559143066406e-02,9.825689697265625000e+02
1.729321479797363281e-02,1.084571044921875000e+03
1.725697517395019531e-02,1.500601074218750000e+03
1.730656623840332031e-02,4.075819396972656250e+02
3.289675712585449219e-02,5.252053833007812500e+02
1.727342605590820312e-02,1.485296630859375000e+02
3.287053108215332031e-02,3.754916076660156250e+02
3.441858291625976562e-02,6.405823974609375000e+02
2.303910255432128906e-02,1.249173828125000000e+03
1.425647735595703125e-02,1.041713989257812500e+03
1.730680465698242188e-02,9.244663696289062500e+02
1.728105545043945312e-02,1.443326293945312500e+03
1.727128028869628906e-02,3.533278503417968750e+02
1.727557182312011719e-02,1.019680725097656250e+03
1.727581024169921875e-02,1.418668334960937500e+03
1.728987693786621094e-02,1.343583374023437500e+03
3.287959098815917969e-02,2.292573730468750000e+03
1.729178428649902344e-02,1.053314086914062500e+03
3.288006782531738281e-02,4.535403442382812500e+02
1.654386520385742188e-03,3.557604370117187500e+02
1.726889610290527344e-02,1.286465698242187500e+03
3.287982940673828125e-02,9.689395751953125000e+02
3.095436096191406250e-02,6.469401855468750000e+02
1.765561103820800781e-02,1.859704467773437500e+03
4.547595977783203125e-03,1.166340942382812500e+03
1.729369163513183594e-02,5.726171875000000000e+02
1.727795600891113281e-02,1.172915161132812500e+03
3.642654418945312500e-02,1.596113525390625000e+03
1.727104187011718750e-02,2.921249389648437500e+02
3.289818763732910156e-02,3.195577087402343750e+02
1.727843284606933594e-02,6.307389068603515625e+01
1.724457740783691406e-02,6.068295288085937500e+02
1.730728149414062500e-02,4.743049926757812500e+02
1.727533340454101562e-02,1.300863037109375000e+03
1.727533340454101562e-02,1.566884918212890625e+02
1.727652549743652344e-02,1.518282104492187500e+03
1.727533340454101562e-02,1.228578979492187500e+03
1.329874992370605469e-02,1.060234375000000000e+03
2.197504043579101562e-02,1.341881103515625000e+03
1.838231086730957031e-02,3.131479797363281250e+02
1.425981521606445312e-02,1.189037231445312500e+03
1.731991767883300781e-02,1.221479736328125000e+03
3.288078308105468750e-02,9.013642578125000000e+02
1.726818084716796875e-02,5.133398818969726562e+01
1.727604866027832031e-02,3.162328796386718750e+02
1.727962493896484375e-02,5.872649002075195312e+01
1.727247238159179688e-02,1.179314453125000000e+03
1.179957389831542969e-02,2.552847412109375000e+03
1.769709587097167969e-02,9.783156738281250000e+02
1.724529266357421875e-02,3.378499267578125000e+03
1.727223396301269531e-02,3.109996604919433594e+01
1.729106903076171875e-02,4.285716247558593750e+01
1.729273796081542969e-02,2.952661743164062500e+02
3.759336471557617188e-02,9.353037261962890625e+01
1.801323890686035156e-02,1.100202026367187500e+03
1.846265792846679688e-02,3.157380676269531250e+02
2.551054954528808594e-02,2.498620605468750000e+03
2.654767036437988281e-02,2.687390136718750000e+03
1.936793327331542969e-02,1.476782714843750000e+03
1.732444763183593750e-02,1.049499435424804688e+02
3.289461135864257812e-02,6.479235229492187500e+02
3.288102149963378906e-02,3.466982421875000000e+02
1.728200912475585938e-02,3.395719909667968750e+01
1.727056503295898438e-02,2.227076110839843750e+02
2.616572380065917969e-02,1.622342529296875000e+03
3.016781806945800781e-02,2.099290618896484375e+02
2.112317085266113281e-02,1.215727905273437500e+03
3.229618072509765625e-03,8.880905151367187500e+01
3.293204307556152344e-02,9.272731781005859375e+01
1.727128028869628906e-02,3.998914184570312500e+02
1.727604866027832031e-02,9.136554718017578125e+01
1.727700233459472656e-02,5.234705200195312500e+02
1.727581024169921875e-02,1.202552185058593750e+02
1.727604866027832031e-02,8.079515838623046875e+01
1.727747917175292969e-02,7.124434204101562500e+02
3.289747238159179688e-02,1.609394653320312500e+03
1.727056503295898438e-02,9.088753051757812500e+02
3.289985656738281250e-02,6.043727416992187500e+02
1.727771759033203125e-02,9.721807861328125000e+02
1.726222038269042969e-02,1.519553100585937500e+03
1.725482940673828125e-02,6.184227294921875000e+02
1.728034019470214844e-02,4.187324829101562500e+02
3.292179107666015625e-02,1.673793823242187500e+03
1.726770401000976562e-02,2.327352050781250000e+03
1.654386520385742188e-03,3.993842163085937500e+02
1.725506782531738281e-02,1.222179687500000000e+03
1.729679107666015625e-02,1.611759399414062500e+03
2.993822097778320312e-02,1.038135742187500000e+03
1.745128631591796875e-02,1.657340942382812500e+03
1.425004005432128906e-02,1.015054260253906250e+03
1.732468605041503906e-02,1.551663041114807129e+00
3.289222717285156250e-02,1.345196166992187500e+03
1.726269721984863281e-02,9.292504272460937500e+02
2.289271354675292969e-02,1.056584716796875000e+03
3.585362434387207031e-02,1.533089355468750000e+03
1.714229583740234375e-02,1.876743888854980469e+01
1.727557182312011719e-02,9.728658447265625000e+02
3.292870521545410156e-02,8.810223388671875000e+01
1.727628707885742188e-02,9.834713134765625000e+02
6.941080093383789062e-03,9.327675170898437500e+02
1.727700233459472656e-02,1.295752429962158203e+01
3.292512893676757812e-02,7.340261840820312500e+02
1.727604866027832031e-02,8.560860595703125000e+02
1.727676391601562500e-02,3.665568847656250000e+02
3.289794921875000000e-02,1.706856689453125000e+03
1.727342605590820312e-02,1.846539062500000000e+03
1.726818084716796875e-02,7.498093261718750000e+02
1.727604866027832031e-02,2.417277832031250000e+03
3.290820121765136719e-02,1.825609375000000000e+03
1.724362373352050781e-02,1.135975097656250000e+03
1.732301712036132812e-02,4.549830017089843750e+02
3.287649154663085938e-02,9.837789306640625000e+02
1.726102828979492188e-02,1.017881591796875000e+03
1.728367805480957031e-02,1.501585083007812500e+03
1.727628707885742188e-02,5.713455200195312500e+02
2.114105224609375000e-02,2.187014160156250000e+03
1.798033714294433594e-02,6.556900634765625000e+02
3.538942337036132812e-02,1.348800903320312500e+03
2.720808982849121094e-02,1.826376220703125000e+03
2.216339111328125000e-02,3.961458740234375000e+02
2.189469337463378906e-02,3.170932312011718750e+02
1.730322837829589844e-02,1.779637527465820312e+01
3.289961814880371094e-02,8.891464843750000000e+02
1.727533340454101562e-02,1.024421508789062500e+03
3.290557861328125000e-02,-7.522871971130371094e+00
1.727628707885742188e-02,1.858685791015625000e+03
1.723623275756835938e-02,3.835730285644531250e+02
3.400325775146484375e-02,4.197039489746093750e+02
1.730847358703613281e-02,6.362578735351562500e+02
1.724410057067871094e-02,3.233413330078125000e+03
1.728582382202148438e-02,1.150067871093750000e+03
1.726651191711425781e-02,3.066095581054687500e+02
1.732587814331054688e-02,1.900169311523437500e+03
1.655364036560058594e-02,1.830518188476562500e+03
1.732587814331054688e-02,1.397382324218750000e+03
3.287577629089355469e-02,1.242936279296875000e+03
1.726794242858886719e-02,1.034173706054687500e+03
1.727771759033203125e-02,9.523049163818359375e+01
1.729893684387207031e-02,6.938418579101562500e+02
3.287863731384277344e-02,1.064181030273437500e+03
1.726913452148437500e-02,4.860910339355468750e+02
1.727533340454101562e-02,1.200039794921875000e+03
1.727581024169921875e-02,8.123556518554687500e+02
1.728677749633789062e-02,1.573367919921875000e+03
1.724457740783691406e-02,7.383079223632812500e+02
1.731896400451660156e-02,1.646981445312500000e+03
3.285384178161621094e-02,1.847733459472656250e+02
1.922035217285156250e-02,3.050708923339843750e+02
2.940630912780761719e-02,2.252266357421875000e+03
1.636576652526855469e-02,1.784808044433593750e+02
2.516269683837890625e-02,9.053224487304687500e+02
1.731467247009277344e-02,1.621732055664062500e+03
1.723527908325195312e-02,4.199111328125000000e+02
1.727557182312011719e-02,6.027515258789062500e+02
1.727747917175292969e-02,1.027245361328125000e+03
2.257156372070312500e-02,2.114456542968750000e+03
1.735281944274902344e-02,9.090661621093750000e+01
1.730346679687500000e-02,9.246296386718750000e+02
1.719307899475097656e-02,1.015934020996093750e+03
1.731896400451660156e-02,1.367239379882812500e+03
1.724290847778320312e-02,3.316038513183593750e+01
1.726555824279785156e-02,2.147638183593750000e+03
1.727461814880371094e-02,5.422715454101562500e+02
1.727581024169921875e-02,9.147717895507812500e+02
1.727604866027832031e-02,1.054424743652343750e+02
1.729893684387207031e-02,3.872247314453125000e+02
1.725268363952636719e-02,1.428590454101562500e+03
1.725482940673828125e-02,9.584573974609375000e+02
1.729583740234375000e-02,-8.128787875175476074e-01
1.729488372802734375e-02,7.563582153320312500e+02
1.726841926574707031e-02,2.924662780761718750e+02
1.724934577941894531e-02,2.804464111328125000e+02
3.291916847229003906e-02,1.666050537109375000e+03
1.729154586791992188e-02,1.293466064453125000e+03
1.726222038269042969e-02,3.392710571289062500e+02
1.724505424499511719e-02,4.886947937011718750e+02
1.730704307556152344e-02,1.232577285766601562e+02
2.516603469848632812e-02,1.638388549804687500e+03
2.291584014892578125e-02,6.634226226806640625e+01
1.771116256713867188e-02,1.290181884765625000e+03
1.418375968933105469e-02,3.135352294921875000e+03
1.833176612854003906e-02,1.264152099609375000e+03
1.836395263671875000e-02,2.082170166015625000e+03
1.853036880493164062e-02,4.778580017089843750e+02
1.793313026428222656e-02,5.720497436523437500e+02
1.819825172424316406e-02,3.267497253417968750e+02
1.727604866027832031e-02,4.240382690429687500e+02
1.729750633239746094e-02,1.137577758789062500e+03
1.725411415100097656e-02,3.158481201171875000e+03
1.730322837829589844e-02,1.452158203125000000e+03
1.726889610290527344e-02,4.017380523681640625e+01
1.728391647338867188e-02,6.517848510742187500e+02
1.727342605590820312e-02,4.403261718750000000e+02
1.931571960449218750e-02,5.635316772460937500e+02
3.293085098266601562e-02,1.388703857421875000e+03
1.726937294006347656e-02,1.100727172851562500e+03
1.727080345153808594e-02,7.830187377929687500e+02
1.730561256408691406e-02,6.915552520751953125e+01
1.722574234008789062e-02,7.772523498535156250e+01
1.732635498046875000e-02,1.583799682617187500e+03
1.724576950073242188e-02,1.451163940429687500e+02
3.290796279907226562e-02,4.032157897949218750e+02
1.724815368652343750e-02,2.366678466796875000e+03
3.401684761047363281e-02,1.296415771484375000e+03
1.730751991271972656e-02,2.155176269531250000e+03
1.724839210510253906e-02,1.975450683593750000e+03
1.654386520385742188e-03,8.553967285156250000e+01
1.730132102966308594e-02,1.954421142578125000e+03
2.519345283508300781e-02,2.376916015625000000e+03
3.779530525207519531e-02,7.961302490234375000e+02
1.449751853942871094e-02,1.961679931640625000e+03
3.292274475097656250e-02,1.236301757812500000e+03
1.726841926574707031e-02,1.347455200195312500e+03
1.654386520385742188e-03,4.851119384765625000e+02
3.290677070617675781e-02,1.861876220703125000e+02
1.727771759033203125e-02,5.439492797851562500e+01
3.254055976867675781e-02,4.942559814453125000e+01
1.830363273620605469e-02,1.300145263671875000e+02
2.588868141174316406e-02,2.395289802551269531e+01
1.728296279907226562e-02,2.931326293945312500e+02
1.725721359252929688e-02,6.459283447265625000e+02
1.730680465698242188e-02,3.465797729492187500e+02
1.728081703186035156e-02,3.294525756835937500e+02
1.724004745483398438e-02,2.019710998535156250e+02
1.728200912475585938e-02,1.893153686523437500e+03
1.724886894226074219e-02,1.022141174316406250e+03
1.727581024169921875e-02,6.688966674804687500e+02
3.293108940124511719e-02,8.965247192382812500e+02
1.727032661437988281e-02,1.328513793945312500e+03
1.729130744934082031e-02,1.229815826416015625e+02
3.288364410400390625e-02,3.935353698730468750e+02
1.724934577941894531e-02,8.382014160156250000e+02
3.292012214660644531e-02,5.513421630859375000e+02
1.654386520385742188e-03,7.199351196289062500e+02
1.724863052368164062e-02,1.439127807617187500e+03
3.917241096496582031e-02,1.577150535583496094e+01
2.452945709228515625e-02,1.292945068359375000e+03
2.504277229309082031e-02,1.655311645507812500e+03
2.036976814270019531e-02,3.042253723144531250e+02
1.654386520385742188e-03,1.037566406250000000e+03
1.725602149963378906e-02,9.258344726562500000e+02
1.729559898376464844e-02,2.952077636718750000e+02
1.728725433349609375e-02,7.716307983398437500e+02
1.727533340454101562e-02,7.137371063232421875e+01
2.394199371337890625e-02,4.658638763427734375e+01
1.818847656250000000e-02,3.202999877929687500e+01
1.831889152526855469e-02,1.229707763671875000e+03
1.729798316955566406e-02,3.003343811035156250e+02
1.832056045532226562e-02,2.139889831542968750e+02
2.885580062866210938e-03,5.541821289062500000e+02
3.243732452392578125e-02,7.265311431884765625e+01
2.062439918518066406e-02,2.142741851806640625e+02
3.292894363403320312e-02,2.148758850097656250e+02
1.727008819580078125e-02,6.438606262207031250e+01
1.728034019470214844e-02,1.782660034179687500e+03
1.727437973022460938e-02,9.680618286132812500e+02
3.290176391601562500e-02,1.490612426757812500e+03
1.727056503295898438e-02,6.312369995117187500e+02
1.726531982421875000e-02,8.873823242187500000e+02
1.835799217224121094e-02,1.637536499023437500e+03
1.727843284606933594e-02,7.178499755859375000e+02
1.730751991271972656e-02,3.931474914550781250e+02
1.438951492309570312e-02,3.932420969009399414e+00
1.727628707885742188e-02,7.837229003906250000e+02
1.735377311706542969e-02,6.865442504882812500e+02
1.957058906555175781e-02,7.316072998046875000e+02
4.180479049682617188e-02,9.495383453369140625e+01
2.673697471618652344e-02,5.871519165039062500e+02
1.727485656738281250e-02,1.136941909790039062e+01
1.735997200012207031e-02,6.764156494140625000e+02
3.280663490295410156e-02,5.904065551757812500e+02
1.727366447448730469e-02,1.015943237304687500e+03
1.727771759033203125e-02,1.473519531250000000e+03
1.727461814880371094e-02,2.075760955810546875e+02
1.654386520385742188e-03,0.000000000000000000e+00
1.728630065917968750e-02,1.595222045898437500e+03
1.727914810180664062e-02,1.712928222656250000e+03
3.289365768432617188e-02,1.793649291992187500e+02
1.837468147277832031e-02,1.463253295898437500e+03
1.729893684387207031e-02,1.397042480468750000e+03
3.287863731384277344e-02,1.832932250976562500e+03
2.317953109741210938e-02,3.227064208984375000e+02
1.778578758239746094e-02,3.956806335449218750e+02
1.315283775329589844e-02,1.813206176757812500e+02
1.730799674987792969e-02,8.820032958984375000e+02
1.727938652038574219e-02,4.588467102050781250e+02
1.727175712585449219e-02,1.885754547119140625e+02
1.727724075317382812e-02,1.098107421875000000e+03
1.727509498596191406e-02,1.738327514648437500e+03
1.726436614990234375e-02,1.092810546875000000e+03
1.729846000671386719e-02,7.262585449218750000e+02
3.288078308105468750e-02,1.081086349487304688e+02
1.729202270507812500e-02,6.570442199707031250e+01
3.288674354553222656e-02,1.296715087890625000e+02
1.486706733703613281e-02,7.775723266601562500e+01
2.082824707031250000e-02,2.785436035156250000e+03
1.537394523620605469e-02,1.318587799072265625e+02
1.682829856872558594e-02,1.462099121093750000e+03
3.037691116333007812e-03,3.925665527343750000e+03
1.727628707885742188e-02,1.092269165039062500e+03
1.730704307556152344e-02,1.193223632812500000e+03
1.724481582641601562e-02,8.253809204101562500e+02
1.729559898376464844e-02,8.561190795898437500e+02
1.728892326354980469e-02,2.706839752197265625e+01
3.289818763732910156e-02,1.175245361328125000e+03
1.726984977722167969e-02,1.100407226562500000e+03
3.290224075317382812e-02,3.445599365234375000e+02
1.724219322204589844e-02,1.357251831054687500e+03
1.733303070068359375e-02,1.424859130859375000e+03
3.286910057067871094e-02,3.657280883789062500e+02
1.726651191711425781e-02,2.274553955078125000e+03
1.824927330017089844e-02,1.872544677734375000e+03
1.781606674194335938e-02,7.889087677001953125e+01
3.548240661621093750e-02,1.138069686889648438e+02
2.776741981506347656e-02,3.448219299316406250e+02
1.735329627990722656e-02,2.745984802246093750e+02
9.254455566406250000e-03,5.153311157226562500e+02
1.729631423950195312e-02,3.034788818359375000e+02
1.727604866027832031e-02,2.746047851562500000e+03
1.727652549743652344e-02,5.695929565429687500e+02
1.730442047119140625e-02,5.266120605468750000e+02
1.722598075866699219e-02,1.264764526367187500e+03
1.727581024169921875e-02,1.849604370117187500e+03
1.729822158813476562e-02,1.447837036132812500e+03
3.190326690673828125e-02,3.380590820312500000e+03
2.213621139526367188e-02,1.305502319335937500e+03
8.355617523193359375e-03,1.404330566406250000e+03
1.729726791381835938e-02,4.141284179687500000e+02
1.725506782531738281e-02,1.126356567382812500e+03
1.727557182312011719e-02,8.677005615234375000e+02
3.292942047119140625e-02,2.177848358154296875e+02
1.727223396301269531e-02,2.519329833984375000e+02
1.727890968322753906e-02,2.533378982543945312e+01
1.727747917175292969e-02,5.296286010742187500e+02
1.727390289306640625e-02,1.836249847412109375e+02
1.727509498596191406e-02,1.699274444580078125e+01
1.727747917175292969e-02,9.357554931640625000e+02
1.729369163513183594e-02,5.137858886718750000e+02
1.730728149414062500e-02,5.694093627929687500e+02
1.724410057067871094e-02,8.286682128906250000e+02
3.287363052368164062e-02,1.132823371887207031e+01
1.729893684387207031e-02,9.244047546386718750e+01
1.852679252624511719e-02,2.089340782165527344e+01
3.290033340454101562e-02,1.261209228515625000e+03
1.654386520385742188e-03,2.630841064453125000e+03
3.292679786682128906e-02,1.047869140625000000e+03
1.727437973022460938e-02,1.528468994140625000e+03
1.727747917175292969e-02,1.061514404296875000e+03
2.674078941345214844e-02,2.185457031250000000e+03
1.561665534973144531e-02,3.986295166015625000e+02
1.815700531005859375e-02,2.307100067138671875e+02
3.450870513916015625e-03,8.942722778320312500e+02
1.729679107666015625e-02,1.318806171417236328e+01
1.728749275207519531e-02,7.686973876953125000e+02
2.150130271911621094e-02,7.997514648437500000e+02
2.334141731262207031e-02,5.967994995117187500e+02
1.746392250061035156e-02,8.131321716308593750e+01
1.350355148315429688e-02,7.465254974365234375e+01
1.730322837829589844e-02,1.084406738281250000e+02
1.728010177612304688e-02,5.019966888427734375e+01
1.727747917175292969e-02,2.281175781250000000e+03
1.727437973022460938e-02,1.823879882812500000e+03
1.726579666137695312e-02,2.652891540527343750e+02
1.727557182312011719e-02,6.009368896484375000e+02
1.727485656738281250e-02,8.009304199218750000e+02
1.654386520385742188e-03,4.945414123535156250e+02
1.728844642639160156e-02,4.735955200195312500e+02
1.727342605590820312e-02,3.952489929199218750e+02
1.726531982421875000e-02,6.212048950195312500e+02
1.727509498596191406e-02,2.274538116455078125e+02
1.727604866027832031e-02,8.651918945312500000e+02
1.841783523559570312e-02,6.092677612304687500e+02
1.730918884277343750e-02,1.231942138671875000e+03
1.724839210510253906e-02,1.093626342773437500e+03
3.292083740234375000e-02,1.487300659179687500e+03
1.929593086242675781e-02,1.804111938476562500e+03
1.727652549743652344e-02,8.707156372070312500e+01
1.730513572692871094e-02,7.923999023437500000e+02
1.727437973022460938e-02,7.154851074218750000e+02
1.727604866027832031e-02,3.469013977050781250e+02
1.724743843078613281e-02,1.958768615722656250e+02
3.291702270507812500e-02,1.053127563476562500e+03
1.727628707885742188e-02,7.413721923828125000e+02
9.175539016723632812e-03,9.987698364257812500e+01
1.821398735046386719e-02,3.995039367675781250e+02
1.853203773498535156e-02,1.585920166015625000e+03
1.871967315673828125e-02,1.017587585449218750e+03
3.418922424316406250e-02,3.546340026855468750e+02
1.848292350769042969e-02,1.489057617187500000e+03
1.730775833129882812e-02,1.474832031250000000e+03
1.726484298706054688e-02,6.150653686523437500e+02
1.727581024169921875e-02,6.165206909179687500e+02
1.654386520385742188e-03,8.651470336914062500e+02
1.727533340454101562e-02,2.285823974609375000e+02
1.727628707885742188e-02,1.018141403198242188e+02
1.728892326354980469e-02,5.695674438476562500e+02
3.289628028869628906e-02,1.312521118164062500e+03
1.727151870727539062e-02,8.872879638671875000e+02
3.290176391601562500e-02,2.260664306640625000e+03
1.727080345153808594e-02,1.220258300781250000e+03
1.727747917175292969e-02,5.747895431518554688e+01
1.727652549743652344e-02,1.324966552734375000e+03
3.286600112915039062e-02,2.582659912109375000e+03
1.730418205261230469e-02,6.260726318359375000e+02
1.726746559143066406e-02,2.067344970703125000e+02
1.727604866027832031e-02,1.429447631835937500e+03
1.727485656738281250e-02,4.382703781127929688e+01
3.290557861328125000e-02,2.002740936279296875e+02
1.728105545043945312e-02,1.190882202148437500e+03
1.728630065917968750e-02,6.080263671875000000e+02
3.288459777832031250e-02,7.529719848632812500e+02
1.728773117065429688e-02,2.913684570312500000e+03
3.288054466247558594e-02,3.272236633300781250e+02
1.727747917175292969e-02,1.573504516601562500e+03
1.727557182312011719e-02,1.415496978759765625e+02
3.961920738220214844e-02,1.310649658203125000e+03
1.321792602539062500e-02,6.362500000000000000e+02
2.619504928588867188e-02,3.381315307617187500e+02
2.642774581909179688e-02,9.281512260437011719e+00
2.078723907470703125e-02,1.073918334960937500e+03
3.292989730834960938e-02,8.685208129882812500e+02
1.728224754333496094e-02,2.546711883544921875e+02
1.727032661437988281e-02,3.558353515625000000e+03
1.727771759033203125e-02,1.719471740722656250e+02
3.290057182312011719e-02,3.986096801757812500e+02
1.726961135864257812e-02,3.225731658935546875e+01
1.727819442749023438e-02,1.374150390625000000e+03
3.289818763732910156e-02,5.412250976562500000e+02
1.287865638732910156e-02,2.426358886718750000e+03
1.730895042419433594e-02,1.275955078125000000e+03
1.838374137878417969e-02,6.552542114257812500e+02
1.730990409851074219e-02,1.786326904296875000e+03
1.727581024169921875e-02,1.408742187500000000e+03
1.724410057067871094e-02,4.894950561523437500e+02
1.727581024169921875e-02,9.197312011718750000e+02
1.727581024169921875e-02,5.274437332153320312e+01
1.729607582092285156e-02,8.555348968505859375e+01
1.725602149963378906e-02,6.064202499389648438e+01
1.727509498596191406e-02,9.233754272460937500e+02
3.292441368103027344e-02,8.367986450195312500e+02
1.728105545043945312e-02,5.970391845703125000e+02
1.728677749633789062e-02,1.451262969970703125e+02
3.169083595275878906e-02,7.574981079101562500e+02
3.492522239685058594e-02,8.156962280273437500e+02
1.753330230712890625e-02,1.838546508789062500e+03
1.654386520385742188e-03,3.654857254028320312e+01
3.533673286437988281e-02,4.009352111816406250e+01
1.799058914184570312e-02,1.077266845703125000e+03
3.494215011596679688e-02,2.157238922119140625e+02
1.813077926635742188e-02,8.970913696289062500e+02
1.732587814331054688e-02,8.978997802734375000e+01
3.287887573242187500e-02,4.265305480957031250e+02
1.724457740783691406e-02,3.501990478515625000e+03
1.729559898376464844e-02,1.214972656250000000e+03
3.290557861328125000e-02,1.201414428710937500e+03
1.729726791381835938e-02,1.880272827148437500e+02
3.287434577941894531e-02,8.727601318359375000e+02
1.729130744934082031e-02,1.665649566650390625e+02
3.288125991821289062e-02,4.293851928710937500e+02
1.726841926574707031e-02,2.231395874023437500e+02
1.729941368103027344e-02,2.845368408203125000e+03
1.725006103515625000e-02,2.220466003417968750e+02
1.728820800781250000e-02,0.000000000000000000e+00
1.728057861328125000e-02,3.762945938110351562e+01
2.105450630187988281e-02,1.118571411132812500e+03
1.731181144714355469e-02,9.590116577148437500e+02
1.727128028869628906e-02,1.015795471191406250e+03
3.700852394104003906e-02,1.425133666992187500e+03
2.230739593505859375e-02,5.117915344238281250e+01
2.856492996215820312e-02,6.838282012939453125e+01
1.958227157592773438e-02,9.279894409179687500e+02
1.727604866027832031e-02,7.226036987304687500e+02
1.727557182312011719e-02,9.134079589843750000e+02
1.727461814880371094e-02,6.944950561523437500e+02
1.727962493896484375e-02,2.309532226562500000e+03
3.289651870727539062e-02,7.326471557617187500e+02
1.727366447448730469e-02,2.221054315567016602e+00
3.182387351989746094e-02,1.992362060546875000e+02
1.871490478515625000e-02,9.769232177734375000e+02
1.314091682434082031e-02,1.009810974121093750e+03
3.292322158813476562e-02,1.198679565429687500e+03
1.726865768432617188e-02,4.412429504394531250e+02
1.727604866027832031e-02,2.140660762786865234e+00
1.654386520385742188e-03,7.019177246093750000e+02
1.725459098815917969e-02,6.160186157226562500e+02
1.729631423950195312e-02,3.019760498046875000e+03
1.725506782531738281e-02,1.761669311523437500e+02
1.727581024169921875e-02,2.115631256103515625e+02
3.292655944824218750e-02,1.199349975585937500e+03
1.975417137145996094e-02,2.223328971862792969e+01
1.727819442749023438e-02,9.379622192382812500e+02
3.293323516845703125e-02,9.744265136718750000e+02
1.727461814880371094e-02,5.776298828125000000e+02
1.726150512695312500e-02,2.396275146484375000e+03
1.728057861328125000e-02,1.591272460937500000e+03
1.727104187011718750e-02,1.099990997314453125e+02
3.470730781555175781e-02,1.511153564453125000e+03
2.329397201538085938e-02,4.927428283691406250e+02
1.324319839477539062e-02,1.777715492248535156e+01
1.729679107666015625e-02,4.273453674316406250e+02
1.837992668151855469e-02,4.772004089355468750e+02
1.654386520385742188e-03,1.112637207031250000e+03
1.730942726135253906e-02,1.887085723876953125e+02
1.727604866027832031e-02,1.395887573242187500e+03
1.727628707885742188e-02,8.398970947265625000e+02
1.727437973022460938e-02,5.686866760253906250e+01
1.727890968322753906e-02,3.238287353515625000e+02
1.727294921875000000e-02,4.491849670410156250e+02
1.727914810180664062e-02,4.955485229492187500e+02
1.727318763732910156e-02,1.790651733398437500e+03
1.135754585266113281e-02,5.820378417968750000e+02
1.820850372314453125e-02,2.701112304687500000e+03
1.863265037536621094e-02,1.589755004882812500e+03
3.104972839355468750e-02,6.054760131835937500e+02
1.795029640197753906e-02,4.871601867675781250e+02
5.544662475585937500e-03,6.049284057617187500e+02
1.730751991271972656e-02,9.599736938476562500e+02
1.727652549743652344e-02,4.331736145019531250e+02
1.726746559143066406e-02,2.405159301757812500e+02
1.727271080017089844e-02,1.094714721679687500e+03
3.289771080017089844e-02,5.304419708251953125e+01
1.727533340454101562e-02,1.655654296875000000e+03
1.727962493896484375e-02,9.403678131103515625e+01
1.727104187011718750e-02,1.494218017578125000e+03
1.727652549743652344e-02,1.063266235351562500e+03
1.725459098815917969e-02,3.501496582031250000e+02
1.727747917175292969e-02,2.944483947753906250e+02
1.732468605041503906e-02,1.095474975585937500e+03
1.727652549743652344e-02,2.128862548828125000e+03
3.414988517761230469e-02,7.826750946044921875e+01
1.736187934875488281e-02,9.850140991210937500e+02
1.845836639404296875e-02,1.284977416992187500e+03
1.730394363403320312e-02,6.858577270507812500e+02
1.727342605590820312e-02,8.846708984375000000e+02
1.728010177612304688e-02,1.161230163574218750e+02
3.289532661437988281e-02,3.979360961914062500e+02
3.289651870727539062e-02,9.840300292968750000e+02
2.615785598754882812e-02,5.417934417724609375e+01
1.726913452148437500e-02,2.311168945312500000e+03
1.654386520385742188e-03,1.847150726318359375e+02
1.727557182312011719e-02,8.803931884765625000e+02
1.728677749633789062e-02,9.140115356445312500e+02
1.727533340454101562e-02,8.017590942382812500e+02
3.289580345153808594e-02,1.029625732421875000e+03
1.727461814880371094e-02,7.855388183593750000e+02
3.290390968322753906e-02,1.010052001953125000e+03
2.725601196289062500e-02,1.441009887695312500e+03
1.836419105529785156e-02,1.345869598388671875e+02
1.729702949523925781e-02,7.951660919189453125e+01
1.727604866027832031e-02,6.956383514404296875e+01
1.729917526245117188e-02,2.340372848510742188e+01
1.726150512695312500e-02,1.911240722656250000e+03
3.290104866027832031e-02,1.393941772460937500e+03
1.727032661437988281e-02,3.240777206420898438e+01
1.727509498596191406e-02,1.754475097656250000e+03
2.712583541870117188e-02,1.030392456054687500e+03
2.294778823852539062e-02,3.795896606445312500e+02
2.565598487854003906e-02,7.907407226562500000e+02
6.001949310302734375e-03,2.093321289062500000e+03
1.730680465698242188e-02,2.324843750000000000e+03
1.726436614990234375e-02,1.162320800781250000e+03
1.728749275207519531e-02,1.370378173828125000e+03
3.289723396301269531e-02,1.671637725830078125e+02
1.727175712585449219e-02,1.561193725585937500e+03
3.290557861328125000e-02,7.449019165039062500e+02
1.868391036987304688e-02,4.175227661132812500e+02
1.731371879577636719e-02,9.804089355468750000e+01
1.727223396301269531e-02,7.397838134765625000e+02
1.727533340454101562e-02,5.680342407226562500e+02
1.727938652038574219e-02,1.006724975585937500e+03
1.726102828979492188e-02,6.679117431640625000e+02
1.654386520385742188e-03,1.434076049804687500e+03
1.728725433349609375e-02,3.113862304687500000e+02
3.286862373352050781e-02,1.591056976318359375e+02
1.730442047119140625e-02,2.552797317504882812e+01
1.937246322631835938e-02,1.124452636718750000e+03
1.844239234924316406e-02,3.281896057128906250e+02
1.884078979492187500e-02,5.071611938476562500e+02
4.414153099060058594e-02,1.102590332031250000e+03
2.230119705200195312e-02,1.174683715820312500e+03
2.009344100952148438e-02,1.157649993896484375e+01
1.727533340454101562e-02,4.428941040039062500e+02
1.728534698486328125e-02,8.593020629882812500e+02
1.723718643188476562e-02,2.670513000488281250e+02
2.253413200378417969e-02,6.639245605468750000e+02
1.838493347167968750e-02,3.662929687500000000e+02
1.770782470703125000e-02,2.581801757812500000e+02
1.739430427551269531e-02,9.048597412109375000e+02
1.885533332824707031e-02,7.651395874023437500e+02
1.727366447448730469e-02,2.429534454345703125e+02
2.224087715148925781e-02,1.226274414062500000e+03
1.730322837829589844e-02,9.077054443359375000e+02
1.728034019470214844e-02,1.152757690429687500e+03
1.726484298706054688e-02,3.003711547851562500e+02
1.727557182312011719e-02,5.697298583984375000e+02
1.728463172912597656e-02,2.179928588867187500e+02
1.726722717285156250e-02,5.192904663085937500e+02
1.727581024169921875e-02,1.582983520507812500e+03
1.727533340454101562e-02,7.927593994140625000e+01
8.431911468505859375e-03,2.193599853515625000e+03
1.731228828430175781e-02,1.335333007812500000e+03
1.727104187011718750e-02,-5.913649749755859375e+01
1.727628707885742188e-02,1.479881103515625000e+03
1.727867126464843750e-02,9.709406738281250000e+02
1.838517189025878906e-02,7.479058837890625000e+01
3.293156623840332031e-02,8.467642974853515625e+01
1.727700233459472656e-02,2.019397338867187500e+03
3.289604187011718750e-02,6.856056518554687500e+02
1.729846000671386719e-02,1.335783447265625000e+03
1.724195480346679688e-02,1.509543701171875000e+03
1.725482940673828125e-02,4.036852111816406250e+02
1.730251312255859375e-02,4.526741409301757812e+01
2.691221237182617188e-02,1.018646118164062500e+03
2.334094047546386719e-02,4.813613891601562500e+02
1.869487762451171875e-02,3.331000137329101562e+01
2.440595626831054688e-02,2.579281005859375000e+03
1.818132400512695312e-02,1.705396118164062500e+03
1.198983192443847656e-02,2.557819366455078125e+02
1.729702949523925781e-02,7.263878631591796875e+01
1.729822158813476562e-02,2.846376037597656250e+02
3.288793563842773438e-02,2.628885498046875000e+02
1.727151870727539062e-02,2.382194091796875000e+03
1.727604866027832031e-02,1.577117553710937500e+03
1.727676391601562500e-02,3.582775573730468750e+02
1.727557182312011719e-02,1.140552734375000000e+03
1.727604866027832031e-02,5.971117496490478516e+00
3.289532661437988281e-02,1.203728881835937500e+03
1.727414131164550781e-02,3.483890380859375000e+03
3.290009498596191406e-02,6.322523498535156250e+01
1.724767684936523438e-02,1.950858917236328125e+02
3.292560577392578125e-02,3.036473632812500000e+03
1.731514930725097656e-02,1.935489959716796875e+02
1.725625991821289062e-02,2.883250976562500000e+03
3.287410736083984375e-02,2.256566467285156250e+02
1.727867126464843750e-02,5.253566284179687500e+02
1.727581024169921875e-02,1.653459350585937500e+03
1.727628707885742188e-02,9.566376495361328125e+01
1.726484298706054688e-02,3.896174621582031250e+01
1.654386520385742188e-03,1.213315673828125000e+03
1.728010177612304688e-02,6.637347412109375000e+02
1.727056503295898438e-02,7.844315338134765625e+01
1.728892326354980469e-02,1.086322509765625000e+03
1.849532127380371094e-02,8.537393188476562500e+02
1.491212844848632812e-02,1.003471496582031250e+03
4.052543640136718750e-02,2.544424438476562500e+02
2.041196823120117188e-02,-7.247000122070312500e+01
1.144671440124511719e-02,4.224242553710937500e+02
1.727604866027832031e-02,5.771277465820312500e+02
3.292512893676757812e-02,6.469975585937500000e+02
1.728129386901855469e-02,3.344470825195312500e+02
1.727342605590820312e-02,6.364925765991210938e+01
1.728010177612304688e-02,7.614337158203125000e+01
1.727151870727539062e-02,8.022448730468750000e+02
1.847839355468750000e-02,6.493105468750000000e+02
1.731014251708984375e-02,4.516556701660156250e+02
1.727366447448730469e-02,2.932961669921875000e+03
3.290343284606933594e-02,5.583412551879882812e+01
1.726841926574707031e-02,5.268109893798828125e+01
1.727986335754394531e-02,1.015939331054687500e+03
1.727676391601562500e-02,4.314073181152343750e+02
1.727843284606933594e-02,1.072755004882812500e+03
1.727294921875000000e-02,5.764880371093750000e+02
1.724481582641601562e-02,6.693825683593750000e+02
3.292560577392578125e-02,9.086996459960937500e+02
1.727271080017089844e-02,3.346560058593750000e+02
1.728034019470214844e-02,1.697499755859375000e+03
1.727652549743652344e-02,7.273354492187500000e+02
1.727557182312011719e-02,8.092213439941406250e+01
1.727819442749023438e-02,1.706096557617187500e+03
1.726245880126953125e-02,1.666752807617187500e+03
1.727676391601562500e-02,6.944409179687500000e+01
1.725435256958007812e-02,2.744104614257812500e+02
3.293061256408691406e-02,7.925044555664062500e+02
1.728177070617675781e-02,1.180487304687500000e+03
1.575040817260742188e-02,9.591478881835937500e+02
3.243207931518554688e-02,1.140696533203125000e+03
2.310681343078613281e-02,1.551575805664062500e+03
2.599573135375976562e-02,7.891011352539062500e+02
8.074760437011718750e-03,4.095842285156250000e+02
3.291749954223632812e-02,2.707334899902343750e+02
1.727581024169921875e-02,6.070076293945312500e+02
1.727581024169921875e-02,6.993840942382812500e+02
1.654386520385742188e-03,5.423602294921875000e+02
1.727604866027832031e-02,1.048822174072265625e+02
1.848506927490234375e-02,1.602099761962890625e+02
3.293418884277343750e-02,7.156624145507812500e+02
1.726984977722167969e-02,8.491854858398437500e+02
2.691078186035156250e-02,2.698190116882324219e+01
1.730871200561523438e-02,8.195874023437500000e+02
1.727557182312011719e-02,3.675921020507812500e+02
1.724362373352050781e-02,9.218810424804687500e+02
1.730918884277343750e-02,1.081983642578125000e+03
1.727414131164550781e-02,3.187442321777343750e+02
1.727962493896484375e-02,1.387022338867187500e+03
1.726150512695312500e-02,1.754359130859375000e+03
1.654386520385742188e-03,2.808115959167480469e+00
1.725435256958007812e-02,2.161492431640625000e+03
1.838374137878417969e-02,3.234994384765625000e+03
3.293108940124511719e-02,2.046124755859375000e+03
1.724457740783691406e-02,8.805562744140625000e+02
1.730489730834960938e-02,3.102127197265625000e+03
3.289961814880371094e-02,9.091575927734375000e+02
1.727223396301269531e-02,9.823381347656250000e+02
1.847529411315917969e-02,4.485428619384765625e+01
1.804828643798828125e-02,1.846401489257812500e+03
3.330039978027343750e-02,1.492820739746093750e+02
1.913118362426757812e-02,3.460498046875000000e+02
1.730608940124511719e-02,5.233247070312500000e+02
1.939272880554199219e-02,1.504106323242187500e+03
1.833057403564453125e-02,1.214150024414062500e+03
1.849389076232910156e-02,5.717267227172851562e+01
2.633023262023925781e-02,4.171361999511718750e+02
1.605939865112304688e-02,4.178638076782226562e+01
1.231455802917480469e-02,8.784038085937500000e+02
1.730799674987792969e-02,7.669564208984375000e+02
1.727771759033203125e-02,5.498727416992187500e+02
1.727414131164550781e-02,8.060570526123046875e+01
1.726531982421875000e-02,1.000092529296875000e+03
1.654386520385742188e-03,5.333771362304687500e+02
1.851963996887207031e-02,1.142168457031250000e+03
1.727867126464843750e-02,1.557817016601562500e+03
3.293561935424804688e-02,1.260920181274414062e+02
1.726579666137695312e-02,7.846691894531250000e+02
1.727914810180664062e-02,9.415114135742187500e+02
3.289675712585449219e-02,3.076990051269531250e+02
1.727581024169921875e-02,1.460008300781250000e+03
3.289675712585449219e-02,5.470748901367187500e+02
1.729464530944824219e-02,2.416294189453125000e+03
1.723527908325195312e-02,4.226115722656250000e+02
1.843547821044921875e-02,9.262673950195312500e+01
1.727819442749023438e-02,2.873059272766113281e+01
1.729679107666015625e-02,9.075373535156250000e+02
1.725459098815917969e-02,2.631342773437500000e+02
2.185893058776855469e-02,1.550261352539062500e+03
2.721619606018066406e-02,1.570431640625000000e+03
2.106022834777832031e-02,2.127931396484375000e+03
6.290674209594726562e-03,1.001176086425781250e+03
3.293633460998535156e-02,3.978395996093750000e+02
1.726889610290527344e-02,1.859492645263671875e+02
1.727700233459472656e-02,1.439495483398437500e+03
1.727414131164550781e-02,4.881545104980468750e+02
1.727557182312011719e-02,3.430261230468750000e+02
3.290200233459472656e-02,8.543647460937500000e+02
1.727414131164550781e-02,2.256950927734375000e+03
1.726841926574707031e-02,6.609327392578125000e+02
2.614402770996093750e-02,2.100641601562500000e+03
1.841378211975097656e-02,1.295494232177734375e+02
4.310846328735351562e-03,5.400000214576721191e-01
3.292703628540039062e-02,8.732456054687500000e+02
1.724672317504882812e-02,3.305324951171875000e+03
1.730823516845703125e-02,4.219872131347656250e+02
1.727437973022460938e-02,1.726147094726562500e+03
1.727581024169921875e-02,1.376909423828125000e+03
1.727533340454101562e-02,1.149235839843750000e+03
1.727628707885742188e-02,2.877917785644531250e+02
1.726436614990234375e-02,2.787544433593750000e+03
1.727533340454101562e-02,1.555673828125000000e+03
1.725602149963378906e-02,6.787044677734375000e+02
1.728296279907226562e-02,1.831888183593750000e+03
1.728868484497070312e-02,2.279549865722656250e+02
1.675701141357421875e-02,1.360661376953125000e+03
1.765990257263183594e-02,1.792554077148437500e+03
1.821804046630859375e-02,2.451271247863769531e+01
1.864337921142578125e-02,6.433963623046875000e+02
2.935171127319335938e-02,6.273470306396484375e+01
1.604747772216796875e-02,1.991291870117187500e+03
9.534120559692382812e-03,2.502476318359375000e+03
1.805329322814941406e-02,1.172218505859375000e+03
1.830172538757324219e-02,1.621753295898437500e+03
1.833629608154296875e-02,2.643369140625000000e+02
1.848936080932617188e-02,4.421801452636718750e+02
3.383159637451171875e-02,3.788443603515625000e+02
1.938867568969726562e-02,1.571019897460937500e+03
1.836967468261718750e-02,7.343795776367187500e+01
1.835131645202636719e-02,7.573790893554687500e+02
1.924061775207519531e-02,1.496346069335937500e+03
1.756620407104492188e-02,1.386528808593750000e+03
1.840281486511230469e-02,7.769063110351562500e+02
1.811981201171875000e-02,1.283725952148437500e+03
3.606629371643066406e-02,1.391793212890625000e+03
3.351235389709472656e-02,2.026768798828125000e+02
1.812148094177246094e-02,1.633185302734375000e+03
1.730799674987792969e-02,7.532343750000000000e+02
1.727628707885742188e-02,2.411459960937500000e+02
1.724362373352050781e-02,4.611936950683593750e+01
1.730370521545410156e-02,1.185326293945312500e+03
3.290271759033203125e-02,1.027839813232421875e+02
1.727032661437988281e-02,7.502927246093750000e+02
1.727724075317382812e-02,4.461710739135742188e+01
1.724624633789062500e-02,3.015773010253906250e+02
3.289699554443359375e-02,4.500581359863281250e+02
3.065729141235351562e-02,1.882608276367187500e+03
2.370142936706542969e-02,5.652095947265625000e+02
1.555681228637695312e-02,9.573629760742187500e+02
1.513338088989257812e-02,1.671501708984375000e+03
1.731991767883300781e-02,9.801989746093750000e+01
3.288149833679199219e-02,4.934589843750000000e+02
1.727890968322753906e-02,5.967395401000976562e+01
1.727676391601562500e-02,1.315228881835937500e+03
1.727509498596191406e-02,4.440010452270507812e+01
8.237361907958984375e-03,2.437051086425781250e+02
3.786706924438476562e-02,2.249876708984375000e+02
2.008652687072753906e-02,5.681566772460937500e+02
2.262687683105468750e-02,1.651259765625000000e+03
1.856040954589843750e-02,2.975586853027343750e+02
8.910179138183593750e-03,1.578187866210937500e+03
1.730322837829589844e-02,2.836818359375000000e+03
1.728034019470214844e-02,3.517634765625000000e+03
1.727557182312011719e-02,8.751422119140625000e+02
1.727795600891113281e-02,1.716183959960937500e+03
1.724171638488769531e-02,2.172498626708984375e+02
1.729607582092285156e-02,5.256643066406250000e+02
1.725530624389648438e-02,1.943527954101562500e+03
1.731038093566894531e-02,7.027365722656250000e+02
1.799750328063964844e-02,6.838137207031250000e+02
1.636433601379394531e-02,1.685206665039062500e+03
1.239204406738281250e-02,7.543826293945312500e+01
1.729726791381835938e-02,9.045893096923828125e+01
1.730418205261230469e-02,4.530658264160156250e+02
3.288412094116210938e-02,1.069574127197265625e+02
1.726841926574707031e-02,5.074030685424804688e+01
1.727700233459472656e-02,4.264078369140625000e+02
1.727604866027832031e-02,2.337813568115234375e+02
1.727652549743652344e-02,2.453364257812500000e+03
3.289914131164550781e-02,9.238052368164062500e+01
1.727080345153808594e-02,1.008700637817382812e+02
1.728987693786621094e-02,2.310885253906250000e+03
1.725292205810546875e-02,4.491504821777343750e+02
1.727557182312011719e-02,2.224695800781250000e+03
1.727604866027832031e-02,1.249650634765625000e+03
1.725554466247558594e-02,1.404071411132812500e+03
1.729559898376464844e-02,6.579042968750000000e+02
1.725697517395019531e-02,2.762649414062500000e+03
1.730585098266601562e-02,3.236566467285156250e+02
3.289461135864257812e-02,1.024580478668212891e+00
1.725435256958007812e-02,1.480796752929687500e+03
3.291749954223632812e-02,5.631697998046875000e+02
1.726865768432617188e-02,1.391448364257812500e+03
1.729822158813476562e-02,9.621782226562500000e+02
3.285384178161621094e-02,2.072473716735839844e+01
1.654386520385742188e-03,2.826252197265625000e+03
1.729559898376464844e-02,2.530903015136718750e+02
1.728844642639160156e-02,3.557323608398437500e+02
2.767682075500488281e-02,1.017940673828125000e+03
1.853489875793457031e-02,3.413299255371093750e+02
7.174491882324218750e-03,9.460267333984375000e+02
1.730751991271972656e-02,-7.247000122070312500e+01
1.726436614990234375e-02,5.519931640625000000e+02
1.727581024169921875e-02,8.324318847656250000e+02
1.727652549743652344e-02,1.351865844726562500e+03
1.725625991821289062e-02,4.153093566894531250e+02
1.730203628540039062e-02,1.102772216796875000e+02
1.729917526245117188e-02,3.180076904296875000e+02
1.722574234008789062e-02,1.359189331054687500e+03
1.730632781982421875e-02,2.467162353515625000e+03
1.727938652038574219e-02,6.167287597656250000e+02
1.726126670837402344e-02,5.771710205078125000e+01
1.727509498596191406e-02,2.054663391113281250e+02
1.727628707885742188e-02,6.484325561523437500e+02
1.727628707885742188e-02,1.729205444335937500e+03
1.729726791381835938e-02,1.307089111328125000e+03
3.288340568542480469e-02,2.002628936767578125e+02
1.727581024169921875e-02,6.198292236328125000e+02
1.727509498596191406e-02,1.593918212890625000e+03
1.727628707885742188e-02,1.045198974609375000e+03
1.726603507995605469e-02,2.187589111328125000e+03
1.727604866027832031e-02,3.400349044799804688e+01
1.727604866027832031e-02,1.117861572265625000e+03
1.728653907775878906e-02,3.803892822265625000e+02
1.727795600891113281e-02,1.969043090820312500e+03
1.727437973022460938e-02,7.603075561523437500e+02
1.727461814880371094e-02,2.548537292480468750e+02
1.727676391601562500e-02,2.129197753906250000e+03
2.894902229309082031e-02,1.630183227539062500e+03
2.058267593383789062e-02,1.341370117187500000e+03
1.730298995971679688e-02,2.595500732421875000e+03
1.727700233459472656e-02,1.390981811523437500e+03
3.290057182312011719e-02,1.701951293945312500e+03
1.727032661437988281e-02,6.826076049804687500e+02
3.290033340454101562e-02,8.625173950195312500e+01
1.729464530944824219e-02,5.354916381835937500e+02
1.724553108215332031e-02,6.874236450195312500e+02
1.728773117065429688e-02,1.440528320312500000e+03
1.727509498596191406e-02,1.265714477539062500e+03
1.837682723999023438e-02,1.380887222290039062e+01
1.730537414550781250e-02,5.827767944335937500e+01
1.654386520385742188e-03,2.661582031250000000e+03
1.725149154663085938e-02,1.786005004882812500e+03
3.291511535644531250e-02,2.136859375000000000e+03
1.727581024169921875e-02,1.093474609375000000e+03
1.728415489196777344e-02,3.914277343750000000e+02
1.727557182312011719e-02,1.017380187988281250e+03
3.289794921875000000e-02,1.298155517578125000e+03
1.729583740234375000e-02,5.778592300415039062e+01
1.722598075866699219e-02,2.412755737304687500e+02
1.729583740234375000e-02,1.118408935546875000e+03
1.727628707885742188e-02,3.727571105957031250e+02
1.727533340454101562e-02,1.292050719261169434e+00
1.727890968322753906e-02,5.058727645874023438e+01
1.725220680236816406e-02,1.382235107421875000e+03
3.292942047119140625e-02,1.633470336914062500e+03
1.725721359252929688e-02,5.427310180664062500e+01
1.728200912475585938e-02,1.275102905273437500e+03
1.725554466247558594e-02,7.859844360351562500e+02
1.727557182312011719e-02,7.950183715820312500e+02
1.730704307556152344e-02,9.312799835205078125e+01
1.727581024169921875e-02,8.170639038085937500e+02
1.727628707885742188e-02,7.767709350585937500e+02
1.729202270507812500e-02,1.482215576171875000e+02
1.725983619689941406e-02,2.055686523437500000e+03
1.727080345153808594e-02,1.531450561523437500e+03
1.728177070617675781e-02,2.434188690185546875e+02
3.289246559143066406e-02,6.420065917968750000e+02
1.727628707885742188e-02,9.124833984375000000e+02
1.724696159362792969e-02,1.746466522216796875e+02
1.727437973022460938e-02,5.934494018554687500e+02
2.245402336120605469e-02,1.745482788085937500e+03
1.573944091796875000e-02,1.423935058593750000e+03
1.430106163024902344e-02,5.427954101562500000e+02
1.730704307556152344e-02,5.105887451171875000e+02
3.288030624389648438e-02,2.122805786132812500e+02
1.724934577941894531e-02,8.615108489990234375e+01
1.729583740234375000e-02,5.309906005859375000e+02
1.730513572692871094e-02,1.664315185546875000e+02
1.727604866027832031e-02,1.275741333007812500e+03
1.722574234008789062e-02,9.304976806640625000e+02
3.292512893676757812e-02,6.872941284179687500e+02
1.729154586791992188e-02,1.400518066406250000e+03
3.454351425170898438e-02,1.328584716796875000e+03
2.505993843078613281e-02,1.496646362304687500e+03
7.047414779663085938e-03,1.214233276367187500e+03
1.727461814880371094e-02,2.175881103515625000e+03
1.727676391601562500e-02,1.026144531250000000e+03
3.292679786682128906e-02,5.697465820312500000e+02
3.289699554443359375e-02,2.613402748107910156e+01
1.727581024169921875e-02,2.357443046569824219e+01
1.727652549743652344e-02,1.382720214843750000e+03
1.727700233459472656e-02,6.689409637451171875e+01
1.727724075317382812e-02,1.705817382812500000e+03
1.726269721984863281e-02,5.811245117187500000e+02
3.291034698486328125e-02,8.480783104896545410e-01
1.724243164062500000e-02,2.388355255126953125e+01
1.729607582092285156e-02,3.978917541503906250e+02
2.491378784179687500e-02,2.448661804199218750e+02
1.816368103027343750e-02,7.991745605468750000e+02
1.170921325683593750e-02,3.026149902343750000e+02
1.730847358703613281e-02,8.238633422851562500e+02
1.727581024169921875e-02,4.663619995117187500e+02
1.868796348571777344e-02,6.689523315429687500e+01
1.727843284606933594e-02,5.609898071289062500e+02
1.729679107666015625e-02,4.554842529296875000e+02
1.654386520385742188e-03,2.082129516601562500e+02
1.727485656738281250e-02,1.229797286987304688e+02
1.727628707885742188e-02,1.662091979980468750e+02
1.727485656738281250e-02,7.565783691406250000e+01
1.726174354553222656e-02,2.821195800781250000e+03
1.729083061218261719e-02,1.279907592773437500e+03
3.290486335754394531e-02,3.603110839843750000e+03
1.727557182312011719e-02,1.291085205078125000e+02
3.288507461547851562e-02,1.012813949584960938e+02
1.841568946838378906e-02,1.564023193359375000e+03
3.293204307556152344e-02,7.458460693359375000e+02
1.729750633239746094e-02,5.831052856445312500e+02
3.287482261657714844e-02,2.699654541015625000e+02
1.727867126464843750e-02,6.787665405273437500e+02
1.724100112915039062e-02,1.506317901611328125e+02
1.739764213562011719e-02,9.179066772460937500e+02
1.717400550842285156e-02,7.624805297851562500e+02
1.730751991271972656e-02,1.608718872070312500e+03
1.727390289306640625e-02,1.495843383789062500e+03
1.725649833679199219e-02,3.739447265625000000e+03
1.725721359252929688e-02,2.164516845703125000e+03
1.726341247558593750e-02,2.445000000000000000e+02
1.866412162780761719e-02,-4.047394561767578125e+01
1.732182502746582031e-02,1.224281005859375000e+03
1.725912094116210938e-02,1.528401336669921875e+02
1.726984977722167969e-02,1.164322875976562500e+03
1.727485656738281250e-02,3.176062011718750000e+02
1.727557182312011719e-02,3.647217102050781250e+02
1.727724075317382812e-02,2.414979362487792969e+01
1.728796958923339844e-02,9.921557617187500000e+02
3.289484977722167969e-02,1.390426147460937500e+03
1.726436614990234375e-02,3.822572326660156250e+01
1.654386520385742188e-03,1.164203643798828125e+02
1.727700233459472656e-02,9.346408843994140625e+01
3.324174880981445312e-02,6.129591064453125000e+02
2.558612823486328125e-02,7.051020507812500000e+02
1.727604866027832031e-02,2.454752929687500000e+03
1.727890968322753906e-02,5.278937377929687500e+02
1.724886894226074219e-02,5.109992370605468750e+02
3.291821479797363281e-02,7.372344360351562500e+02
1.726698875427246094e-02,1.269304565429687500e+03
1.728773117065429688e-02,1.974631118774414062e+01
1.726460456848144531e-02,1.655145019531250000e+03
1.727509498596191406e-02,3.078727294921875000e+03
1.728653907775878906e-02,1.001286254882812500e+03
1.727294921875000000e-02,1.480115844726562500e+03
1.727795600891113281e-02,-8.012248229980468750e+01
3.289532661437988281e-02,-2.342202377319335938e+01
1.727533340454101562e-02,1.223416259765625000e+03
1.727724075317382812e-02,1.034932022094726562e+02
1.727867126464843750e-02,1.769278930664062500e+03
1.727366447448730469e-02,-6.522469520568847656e+00
1.726794242858886719e-02,8.565726470947265625e+01
1.725268363952636719e-02,2.003056793212890625e+02
1.729583740234375000e-02,4.327876586914062500e+02
1.727581024169921875e-02,1.905520820617675781e+01
1.727604866027832031e-02,3.435023193359375000e+03
1.727509498596191406e-02,5.158313598632812500e+02
1.730561256408691406e-02,1.420911743164062500e+03
3.287744522094726562e-02,9.216569900512695312e+00
1.725077629089355469e-02,7.073609924316406250e+01
3.292012214660644531e-02,7.431973266601562500e+02
1.729083061218261719e-02,4.419999084472656250e+02
1.723289489746093750e-02,2.351225585937500000e+02
1.727533340454101562e-02,1.272057739257812500e+03
1.728224754333496094e-02,-5.875249385833740234e+00
3.292179107666015625e-02,1.868639648437500000e+03
1.727223396301269531e-02,1.767188720703125000e+03
1.726818084716796875e-02,3.356437301635742188e+01
1.728677749633789062e-02,5.657157592773437500e+02
1.727509498596191406e-02,4.674308395385742188e+01
1.727628707885742188e-02,4.304022827148437500e+02
1.727819442749023438e-02,4.517349548339843750e+02
1.727366447448730469e-02,8.763580322265625000e+02
1.961421966552734375e-02,2.682651367187500000e+02
2.659082412719726562e-03,8.588104858398437500e+02
1.727795600891113281e-02,7.697401123046875000e+02
3.292679786682128906e-02,8.479604339599609375e+01
2.906465530395507812e-02,3.697748107910156250e+02
1.896858215332031250e-02,1.603964424133300781e+01
4.280805587768554688e-03,1.749215942382812500e+03
1.727557182312011719e-02,3.015866088867187500e+02
3.292775154113769531e-02,1.712432373046875000e+03
1.727414131164550781e-02,2.818072753906250000e+03
3.289771080017089844e-02,3.338442993164062500e+02
1.727747917175292969e-02,2.583012207031250000e+03
1.727437973022460938e-02,1.661836181640625000e+03
1.727771759033203125e-02,8.635244369506835938e+00
3.289699554443359375e-02,9.418214416503906250e+01
2.586531639099121094e-02,1.828503173828125000e+03
1.880216598510742188e-02,1.194450195312500000e+03
5.349159240722656250e-03,2.621842041015625000e+03
1.730680465698242188e-02,6.524145507812500000e+01
1.727652549743652344e-02,6.895738601684570312e+00
3.289437294006347656e-02,1.408269287109375000e+03
1.727318763732910156e-02,6.116923904418945312e+01
1.727962493896484375e-02,7.083717651367187500e+02
3.289842605590820312e-02,1.956654357910156250e+02
1.724433898925781250e-02,9.305758056640625000e+02
1.729583740234375000e-02,8.997801513671875000e+02
1.727819442749023438e-02,7.130653858184814453e+00
1.727342605590820312e-02,1.400769897460937500e+03
1.725530624389648438e-02,3.092194519042968750e+02
1.729607582092285156e-02,4.670677185058593750e+02
1.727628707885742188e-02,1.623495971679687500e+03
1.727581024169921875e-02,9.338922119140625000e+02
1.730346679687500000e-02,3.280366516113281250e+02
3.287625312805175781e-02,2.613251037597656250e+02
1.729154586791992188e-02,1.148856567382812500e+03
3.288030624389648438e-02,1.892166870117187500e+03
1.727771759033203125e-02,8.074204711914062500e+02
1.893091201782226562e-02,1.471243530273437500e+03
1.730895042419433594e-02,1.974426879882812500e+03
3.290057182312011719e-02,2.220962829589843750e+02
1.727056503295898438e-02,1.507456542968750000e+03
1.728320121765136719e-02,6.940398559570312500e+02
1.726698875427246094e-02,1.672493041992187500e+03
1.727581024169921875e-02,7.304036254882812500e+02
1.727747917175292969e-02,1.001767959594726562e+02
1.727414131164550781e-02,3.019969558715820312e+01
1.724863052368164062e-02,-4.695912170410156250e+01
1.729559898376464844e-02,2.152781738281250000e+03
1.729559898376464844e-02,1.099933227539062500e+03
1.840233802795410156e-02,1.260859130859375000e+03
1.731491088867187500e-02,1.161533447265625000e+03
3.288435935974121094e-02,1.009819213867187500e+03
1.654386520385742188e-03,1.142939147949218750e+02
1.727533340454101562e-02,-5.328623580932617188e+01
1.727509498596191406e-02,2.554828643798828125e+01
1.725554466247558594e-02,1.702766601562500000e+03
1.729536056518554688e-02,1.374449707031250000e+03
3.290605545043945312e-02,5.921035156250000000e+02
1.727533340454101562e-02,1.803965087890625000e+03
3.290319442749023438e-02,1.020079650878906250e+03
1.726961135864257812e-02,1.703887573242187500e+03
1.726770401000976562e-02,1.563821601867675781e+01
1.728701591491699219e-02,1.523798828125000000e+03
1.726412773132324219e-02,1.368056762695312500e+03
1.727628707885742188e-02,5.629361572265625000e+02
3.290843963623046875e-02,1.507518310546875000e+03
1.724386215209960938e-02,1.519659912109375000e+03
1.732540130615234375e-02,5.227866821289062500e+02
1.724624633789062500e-02,2.403801757812500000e+03
1.729893684387207031e-02,5.209429550170898438e+01
3.587341308593750000e-02,1.446711547851562500e+03
1.134538650512695312e-02,4.003730773925781250e+02
1.730990409851074219e-02,1.397090942382812500e+03
1.727581024169921875e-02,2.202365112304687500e+02
1.728582382202148438e-02,2.857236328125000000e+02
3.328084945678710938e-02,8.401489257812500000e+02
2.687931060791015625e-03,7.414229736328125000e+02
3.292894363403320312e-02,1.407918643951416016e+01
1.727509498596191406e-02,3.274461364746093750e+02
1.727700233459472656e-02,5.830654907226562500e+02
1.727724075317382812e-02,3.382045745849609375e+01
3.289961814880371094e-02,1.781716918945312500e+03
1.726818084716796875e-02,5.697705688476562500e+02
1.730513572692871094e-02,2.017470336914062500e+03
1.725125312805175781e-02,1.089503540039062500e+03
1.727628707885742188e-02,4.745189208984375000e+02
1.726412773132324219e-02,8.866344604492187500e+02
1.848363876342773438e-02,7.833793334960937500e+02
1.731061935424804688e-02,6.478724365234375000e+02
1.729393005371093750e-02,2.181091308593750000e+03
1.725745201110839844e-02,9.248276977539062500e+02
3.289651870727539062e-02,6.460606689453125000e+02
1.727294921875000000e-02,2.551194152832031250e+02
1.727271080017089844e-02,4.582572326660156250e+02
1.728177070617675781e-02,4.789079589843750000e+02
1.727557182312011719e-02,1.501565307617187500e+03
1.728081703186035156e-02,7.239592285156250000e+02
1.727032661437988281e-02,1.029177490234375000e+03
1.654386520385742188e-03,-7.247000122070312500e+01
1.724481582641601562e-02,9.472434997558593750e+01
1.730632781982421875e-02,5.473240966796875000e+02
1.727652549743652344e-02,1.502399169921875000e+03
1.727581024169921875e-02,1.617935638427734375e+02
1.724386215209960938e-02,1.293545043945312500e+03
1.730728149414062500e-02,7.287696533203125000e+02
1.727724075317382812e-02,1.442961547851562500e+03
1.726365089416503906e-02,1.155233276367187500e+03
1.654386520385742188e-03,0.000000000000000000e+00
1.727485656738281250e-02,1.925894897460937500e+03
1.728796958923339844e-02,1.982358398437500000e+03
1.727461814880371094e-02,1.516884918212890625e+02
1.724433898925781250e-02,1.069652221679687500e+03
1.727604866027832031e-02,9.451436767578125000e+02
1.730775833129882812e-02,1.156715927124023438e+02
1.726388931274414062e-02,5.439057006835937500e+02
1.727628707885742188e-02,1.082765258789062500e+03
1.727509498596191406e-02,9.447313690185546875e+01
1.727604866027832031e-02,6.275498046875000000e+02
1.725530624389648438e-02,3.296860656738281250e+02
1.732134819030761719e-02,1.987591796875000000e+03
3.252506256103515625e-02,2.985621032714843750e+02
1.621198654174804688e-02,6.585882568359375000e+01
5.332946777343750000e-03,6.825143432617187500e+02
1.730751991271972656e-02,1.055790634155273438e+02
1.724457740783691406e-02,7.853755493164062500e+02
1.729607582092285156e-02,8.270001220703125000e+01
1.727962493896484375e-02,1.044606811523437500e+03
1.727175712585449219e-02,1.963213256835937500e+03
1.725912094116210938e-02,1.634207519531250000e+03
3.292131423950195312e-02,2.046191558837890625e+02
1.729130744934082031e-02,2.502082824707031250e+02
3.384637832641601562e-02,2.195292282104492188e+01
1.233386993408203125e-02,1.159772216796875000e+03
1.732611656188964844e-02,2.035957336425781250e+02
1.729488372802734375e-02,2.631446044921875000e+03
1.722788810729980469e-02,9.341218872070312500e+02
1.728558540344238281e-02,5.108980102539062500e+02
1.729559898376464844e-02,1.151536987304687500e+03
1.725482940673828125e-02,9.924789428710937500e+01
3.289079666137695312e-02,8.904294586181640625e+01
1.654386520385742188e-03,1.146056762695312500e+03
1.727867126464843750e-02,5.177428817749023438e+01
3.289961814880371094e-02,1.782970336914062500e+03
1.727509498596191406e-02,4.632077941894531250e+02
3.289937973022460938e-02,1.345926391601562500e+03
1.727390289306640625e-02,2.180744934082031250e+02
3.289914131164550781e-02,3.230042648315429688e+01
3.289771080017089844e-02,6.151220703125000000e+02
1.726436614990234375e-02,1.448212890625000000e+02
1.727819442749023438e-02,6.078646469116210938e+01
1.727318763732910156e-02,1.581730102539062500e+03
1.654386520385742188e-03,3.611419067382812500e+02
1.728653907775878906e-02,3.561337890625000000e+02
1.727581024169921875e-02,7.182193603515625000e+02
1.727604866027832031e-02,2.335327453613281250e+02
1.727533340454101562e-02,3.901308593750000000e+02
1.727581024169921875e-02,1.792650451660156250e+02
3.524351119995117188e-02,2.477725219726562500e+02
1.727914810180664062e-02,5.109470825195312500e+02
1.726722717285156250e-02,1.317859344482421875e+02
1.727461814880371094e-02,6.757346801757812500e+02
1.727581024169921875e-02,8.457849121093750000e+02
1.728701591491699219e-02,1.693149291992187500e+03
1.728081703186035156e-02,5.165621337890625000e+02
1.727056503295898438e-02,1.160570190429687500e+03
1.727795600891113281e-02,6.401963710784912109e+00
1.726222038269042969e-02,1.151811523437500000e+03
1.654386520385742188e-03,3.210692382812500000e+03
1.725578308105468750e-02,6.408776092529296875e+01
1.729607582092285156e-02,4.012990722656250000e+02
1.840281486511230469e-02,1.877157897949218750e+02
1.730942726135253906e-02,4.892243957519531250e+02
3.289747238159179688e-02,6.769993896484375000e+02
1.726984977722167969e-02,1.222973388671875000e+03
1.727032661437988281e-02,7.980833740234375000e+02
1.728630065917968750e-02,1.339725830078125000e+03
1.727747917175292969e-02,1.792091674804687500e+03
1.727414131164550781e-02,5.796077880859375000e+02
1.727628707885742188e-02,2.916824951171875000e+03
1.726460456848144531e-02,1.745691162109375000e+03
1.727557182312011719e-02,2.530675659179687500e+02
1.727628707885742188e-02,2.403883743286132812e+01
1.654386520385742188e-03,-7.247000122070312500e+01
1.727509498596191406e-02,6.193640747070312500e+02
1.727581024169921875e-02,-2.052883148193359375e+00
3.290510177612304688e-02,1.125720092773437500e+03
1.727533340454101562e-02,2.599478271484375000e+03
3.290247917175292969e-02,9.255355224609375000e+02
1.727008819580078125e-02,9.734075317382812500e+02
2.217221260070800781e-02,4.073621215820312500e+02
1.788926124572753906e-02,2.074786987304687500e+02
9.276390075683593750e-03,1.470812744140625000e+03
1.729583740234375000e-02,1.326535339355468750e+02
1.727676391601562500e-02,1.427882934570312500e+03
1.728773117065429688e-02,1.089086059570312500e+03
1.727461814880371094e-02,3.551646423339843750e+02
1.727557182312011719e-02,1.989661743164062500e+03
1.727557182312011719e-02,7.181898193359375000e+02
1.728796958923339844e-02,2.078322265625000000e+03
3.288149833679199219e-02,1.349732208251953125e+02
1.728844642639160156e-02,6.783682250976562500e+01
1.726555824279785156e-02,3.220423583984375000e+02
1.727151870727539062e-02,1.337484741210937500e+03
1.727056503295898438e-02,1.606028076171875000e+03
1.728677749633789062e-02,1.163503173828125000e+03
1.727509498596191406e-02,1.869882080078125000e+03
3.289699554443359375e-02,3.427922973632812500e+02
1.727557182312011719e-02,9.941671142578125000e+02
1.726555824279785156e-02,1.149383300781250000e+03
1.730585098266601562e-02,4.259116210937500000e+02
3.287482261657714844e-02,1.100983154296875000e+03
1.727938652038574219e-02,1.535234008789062500e+03
1.728677749633789062e-02,2.097510498046875000e+03
3.288173675537109375e-02,4.651876068115234375e+01
1.729798316955566406e-02,7.561235961914062500e+02
3.287363052368164062e-02,2.551669189453125000e+03
1.728272438049316406e-02,1.171688232421875000e+03
1.727032661437988281e-02,6.545184326171875000e+02
3.290224075317382812e-02,3.209257324218750000e+03
1.727032661437988281e-02,2.234628662109375000e+03
3.289747238159179688e-02,1.155117431640625000e+03
1.727557182312011719e-02,1.353592407226562500e+03
1.726818084716796875e-02,8.461267089843750000e+02
1.727509498596191406e-02,1.335925659179687500e+03
1.727509498596191406e-02,3.965501403808593750e+02
1.728034019470214844e-02,1.588689422607421875e+02
1.728463172912597656e-02,1.056536483764648438e+02
1.727342605590820312e-02,7.104724731445312500e+02
1.727700233459472656e-02,3.292192687988281250e+02
1.727437973022460938e-02,9.664498291015625000e+02
1.727581024169921875e-02,7.152250366210937500e+02
1.727581024169921875e-02,4.553016662597656250e+01
1.726508140563964844e-02,2.036034912109375000e+03
1.727533340454101562e-02,5.197698211669921875e+01
1.727557182312011719e-02,4.979795455932617188e+01
1.654386520385742188e-03,1.873051757812500000e+02
3.310728073120117188e-02,1.874678466796875000e+03
2.210474014282226562e-02,2.924539550781250000e+03
1.726913452148437500e-02,1.589637298583984375e+02
1.728153228759765625e-02,2.216296142578125000e+03
1.727247238159179688e-02,9.912181854248046875e+01
1.727676391601562500e-02,1.166734008789062500e+03
1.727509498596191406e-02,4.821465301513671875e+01
3.290224075317382812e-02,9.523723144531250000e+02
1.726841926574707031e-02,2.633833740234375000e+03
2.603006362915039062e-02,1.126861801147460938e+02
1.651549339294433594e-02,3.053555175781250000e+03
5.193710327148437500e-03,1.547193725585937500e+03
1.730990409851074219e-02,4.202018737792968750e+01
3.289437294006347656e-02,4.283622741699218750e+02
1.727485656738281250e-02,6.866366577148437500e+02
1.728105545043945312e-02,1.019261264801025391e+01
3.289437294006347656e-02,3.965060729980468750e+02
1.727271080017089844e-02,1.366416015625000000e+03
1.726841926574707031e-02,1.708294433593750000e+03
1.727890968322753906e-02,1.832622558593750000e+03
1.725244522094726562e-02,5.868892211914062500e+02
1.730751991271972656e-02,6.138825683593750000e+02
1.729536056518554688e-02,3.582240295410156250e+01
1.727390289306640625e-02,1.185628906250000000e+03
1.727509498596191406e-02,5.216109619140625000e+02
1.731204986572265625e-02,6.377461547851562500e+02
1.723980903625488281e-02,8.712878417968750000e+02
1.722478866577148438e-02,1.269130172729492188e+02
1.730775833129882812e-02,1.012883853912353516e+01
1.729440689086914062e-02,1.841799316406250000e+03
1.727557182312011719e-02,2.665129280090332031e+01
3.288006782531738281e-02,2.153119049072265625e+02
1.728630065917968750e-02,1.026801147460937500e+03
1.725292205810546875e-02,9.124954833984375000e+02
1.727604866027832031e-02,1.066162597656250000e+03
1.728606224060058594e-02,2.616457824707031250e+02
3.289747238159179688e-02,1.415655670166015625e+02
1.727604866027832031e-02,-5.205410385131835938e+01
1.727533340454101562e-02,9.028539428710937500e+02
1.728081703186035156e-02,7.074427490234375000e+02
1.727056503295898438e-02,1.371391967773437500e+03
1.727509498596191406e-02,6.391893920898437500e+02
1.727628707885742188e-02,3.816878890991210938e+01
1.727557182312011719e-02,2.174980926513671875e+01
1.727795600891113281e-02,3.049210815429687500e+02
1.724243164062500000e-02,1.190459106445312500e+03
1.730728149414062500e-02,7.921757202148437500e+02
3.286767005920410156e-02,1.225523681640625000e+03
1.730203628540039062e-02,1.149219360351562500e+03
3.290033340454101562e-02,4.723263854980468750e+02
1.726889610290527344e-02,9.283397216796875000e+02
3.290319442749023438e-02,1.247023468017578125e+02
1.727271080017089844e-02,5.993085937500000000e+02
3.290009498596191406e-02,3.716590270996093750e+02
1.728487014770507812e-02,1.426315917968750000e+03
1.725554466247558594e-02,3.839414978027343750e+01
1.725983619689941406e-02,1.498416259765625000e+03
3.292107582092285156e-02,1.831609863281250000e+03
1.726841926574707031e-02,3.203994140625000000e+02
1.728153228759765625e-02,3.069642333984375000e+02
1.726913452148437500e-02,0.000000000000000000e+00
1.727604866027832031e-02,6.186311340332031250e+01
1.729893684387207031e-02,4.824389343261718750e+02
3.288435935974121094e-02,6.804324984550476074e-01
1.908397674560546875e-02,1.340000033378601074e+00
1.753401756286621094e-02,9.739134521484375000e+02
1.662158966064453125e-02,1.468197753906250000e+03
2.300262451171875000e-03,1.373064086914062500e+03
1.729655265808105469e-02,8.279565429687500000e+02
1.727557182312011719e-02,1.447722045898437500e+03
1.727628707885742188e-02,3.181626129150390625e+01
3.290581703186035156e-02,1.324754028320312500e+03
1.727461814880371094e-02,1.279138183593750000e+03
1.727747917175292969e-02,4.621293334960937500e+02
1.727724075317382812e-02,8.843591308593750000e+02
1.871681213378906250e-02,8.075034790039062500e+02
1.731300354003906250e-02,1.210150878906250000e+03
1.726126670837402344e-02,1.928731842041015625e+02
1.728177070617675781e-02,3.006612243652343750e+02
1.727676391601562500e-02,1.505555664062500000e+03
1.726865768432617188e-02,2.608458557128906250e+02
1.727581024169921875e-02,1.475995117187500000e+03
1.727581024169921875e-02,3.995964813232421875e+01
1.727557182312011719e-02,1.226344970703125000e+03
1.654386520385742188e-03,3.361636352539062500e+02
1.727533340454101562e-02,1.644874023437500000e+03
1.727628707885742188e-02,1.313530639648437500e+03
1.727557182312011719e-02,-3.339134216308593750e+01
1.727604866027832031e-02,9.927667846679687500e+02
1.835751533508300781e-02,6.602109375000000000e+02
1.731061935424804688e-02,3.214383850097656250e+02
1.727700233459472656e-02,1.002172790527343750e+03
1.726293563842773438e-02,1.128016601562500000e+03
1.728725433349609375e-02,1.152188720703125000e+03
1.728010177612304688e-02,1.273380249023437500e+03
1.725959777832031250e-02,1.115290527343750000e+03
1.725912094116210938e-02,2.866163940429687500e+02
1.729679107666015625e-02,6.562716674804687500e+02
1.727342605590820312e-02,2.800566101074218750e+02
1.728701591491699219e-02,6.382422256469726562e+01
1.729035377502441406e-02,1.261270385742187500e+03
3.287649154663085938e-02,5.892108154296875000e+02
1.729583740234375000e-02,8.879971313476562500e+02
1.725602149963378906e-02,7.828606567382812500e+02
1.727533340454101562e-02,1.253365234375000000e+03
3.289842605590820312e-02,8.193646850585937500e+02
1.727652549743652344e-02,1.317281799316406250e+02
1.727581024169921875e-02,3.865739822387695312e+01
1.727724075317382812e-02,3.032341766357421875e+01
3.289675712585449219e-02,5.189692993164062500e+02
1.727199554443359375e-02,8.431439819335937500e+02
1.726865768432617188e-02,1.247777343750000000e+03
1.727604866027832031e-02,9.646956634521484375e+01
2.083349227905273438e-02,3.185897216796875000e+03
1.820230484008789062e-02,2.506297492980957031e+01
1.917791366577148438e-02,9.042359008789062500e+02
1.325058937072753906e-02,9.405271911621093750e+01
1.729655265808105469e-02,1.140542968750000000e+03
1.730537414550781250e-02,7.268905029296875000e+02
1.724600791931152344e-02,8.191240844726562500e+02
1.730537414550781250e-02,2.427368927001953125e+01
1.727533340454101562e-02,1.248487548828125000e+03
3.287506103515625000e-02,1.701665496826171875e+02
1.727771759033203125e-02,1.723058349609375000e+03
1.798009872436523438e-02,3.479843139648437500e+01
1.824212074279785156e-02,2.027389068603515625e+02
1.055383682250976562e-02,1.191816162109375000e+03
1.727628707885742188e-02,1.119906982421875000e+03
1.732611656188964844e-02,1.215320190429687500e+03
1.722478866577148438e-02,3.271967773437500000e+03
1.729726791381835938e-02,1.259444458007812500e+03
1.727676391601562500e-02,8.769835815429687500e+02
1.727390289306640625e-02,2.443910408020019531e+01
1.730537414550781250e-02,6.009660034179687500e+02
1.724672317504882812e-02,9.913323974609375000e+02
1.725649833679199219e-02,1.424407226562500000e+03
1.730608940124511719e-02,5.483376979827880859e-01
1.727557182312011719e-02,1.535807647705078125e+02
1.726484298706054688e-02,1.455305786132812500e+03
1.727747917175292969e-02,6.727817993164062500e+02
1.728487014770507812e-02,4.608101806640625000e+02
1.726436614990234375e-02,1.427884368896484375e+02
1.728034019470214844e-02,9.912323608398437500e+02
1.729345321655273438e-02,1.939398193359375000e+02
1.726269721984863281e-02,1.465322723388671875e+02
3.289651870727539062e-02,6.349080276489257812e+01
1.726746559143066406e-02,3.504282836914062500e+02
1.729679107666015625e-02,1.490676391601562500e+03
1.726579666137695312e-02,1.291068603515625000e+03
1.727724075317382812e-02,7.393332672119140625e+01
1.727461814880371094e-02,4.138892517089843750e+02
1.724410057067871094e-02,1.207677307128906250e+02
1.730585098266601562e-02,2.942127380371093750e+02
1.732277870178222656e-02,7.303067016601562500e+02
3.284716606140136719e-02,4.685941162109375000e+02
1.726818084716796875e-02,-5.933399963378906250e+01
1.727938652038574219e-02,6.099284744262695312e+01
1.727819442749023438e-02,3.876608581542968750e+02
1.911997795104980469e-02,2.034602355957031250e+02
1.726913452148437500e-02,1.753225708007812500e+03
3.290224075317382812e-02,2.344791412353515625e+01
1.727271080017089844e-02,7.257438354492187500e+02
3.290176391601562500e-02,2.303812713623046875e+02
1.724076271057128906e-02,1.040787719726562500e+03
1.729536056518554688e-02,8.716863250732421875e+01
1.727581024169921875e-02,8.504633789062500000e+02
1.728725433349609375e-02,8.804743194580078125e+01
1.727557182312011719e-02,5.129204711914062500e+02
1.833844184875488281e-02,2.008284423828125000e+03
1.730966567993164062e-02,1.774979400634765625e+02
1.726508140563964844e-02,1.718159103393554688e+01
1.725530624389648438e-02,1.256431121826171875e+02
1.727700233459472656e-02,5.334911499023437500e+02
3.292942047119140625e-02,7.206062316894531250e+01
3.289413452148437500e-02,6.194727706909179688e+01
1.727247238159179688e-02,9.449000244140625000e+02
3.290081024169921875e-02,1.130091064453125000e+03
1.727199554443359375e-02,2.263998779296875000e+03
1.724839210510253906e-02,1.190716552734375000e+03
1.729726791381835938e-02,1.150932617187500000e+02
1.727437973022460938e-02,8.806555786132812500e+02
3.399634361267089844e-02,5.989227905273437500e+02
1.437234878540039062e-02,1.401115234375000000e+03
1.729679107666015625e-02,7.359500885009765625e+01
1.727676391601562500e-02,1.059964523315429688e+02
1.728892326354980469e-02,1.976565429687500000e+03
1.727294921875000000e-02,1.800126953125000000e+03
1.727509498596191406e-02,1.266059570312500000e+03
1.726603507995605469e-02,2.447884559631347656e+01
1.730298995971679688e-02,1.426256103515625000e+02
1.725912094116210938e-02,4.431274719238281250e+02
1.727032661437988281e-02,2.868072509765625000e+03
1.728177070617675781e-02,1.218567626953125000e+03
1.727390289306640625e-02,1.179395141601562500e+03
1.727581024169921875e-02,-2.949980735778808594e+01
1.727604866027832031e-02,1.921181640625000000e+03
1.727533340454101562e-02,3.944166870117187500e+02
1.727676391601562500e-02,1.069448120117187500e+03
1.727509498596191406e-02,1.061372558593750000e+03
1.727724075317382812e-02,4.458415222167968750e+02
1.724267005920410156e-02,6.109077148437500000e+02
1.731657981872558594e-02,2.299154815673828125e+02
1.726675033569335938e-02,1.749917968750000000e+03
1.726412773132324219e-02,8.595504150390625000e+02
1.728677749633789062e-02,7.065791625976562500e+02
1.727676391601562500e-02,2.169007812500000000e+03
1.727700233459472656e-02,4.460159301757812500e+02
1.727557182312011719e-02,4.017262268066406250e+02
1.726317405700683594e-02,4.297054748535156250e+02
1.727509498596191406e-02,1.134631591796875000e+03
1.727581024169921875e-02,1.349681396484375000e+03
1.727652549743652344e-02,3.583788299560546875e+01
1.654386520385742188e-03,1.697509277343750000e+03
3.289628028869628906e-02,2.134174194335937500e+02
1.654386520385742188e-03,2.902484863281250000e+03
1.728868484497070312e-02,5.692041015625000000e+02
1.726245880126953125e-02,1.049079956054687500e+03
1.727604866027832031e-02,3.141675292968750000e+03
1.727557182312011719e-02,1.515391113281250000e+03
1.728725433349609375e-02,4.037399902343750000e+02
3.289651870727539062e-02,5.235401000976562500e+02
1.727247238159179688e-02,3.245935302734375000e+03
1.728153228759765625e-02,1.490702514648437500e+03
1.726293563842773438e-02,9.122370147705078125e+01
1.727485656738281250e-02,5.922888183593750000e+01
1.729440689086914062e-02,6.027953338623046875e+01
1.654386520385742188e-03,1.838540039062500000e+02
3.288745880126953125e-02,6.382311248779296875e+01
1.727581024169921875e-02,1.934659057617187500e+03
3.289699554443359375e-02,4.513565540313720703e+00
1.727151870727539062e-02,4.293634338378906250e+02
3.290390968322753906e-02,4.922477722167968750e+02
2.417612075805664062e-02,1.795109497070312500e+03
1.638412475585937500e-02,5.047344970703125000e+02
1.731920242309570312e-02,2.388681182861328125e+02
3.449392318725585938e-02,8.374611206054687500e+02
1.731061935424804688e-02,9.307056274414062500e+02
1.727724075317382812e-02,7.390930175781250000e+02
1.724219322204589844e-02,4.526790466308593750e+02
1.730704307556152344e-02,1.821179931640625000e+03
1.727604866027832031e-02,8.625077514648437500e+02
3.133058547973632812e-02,2.290051757812500000e+03
1.211190223693847656e-02,1.792647094726562500e+03
3.292226791381835938e-02,7.465936279296875000e+01
1.727247238159179688e-02,1.251327148437500000e+03
1.728296279907226562e-02,7.952357482910156250e+01
1.726484298706054688e-02,2.301847381591796875e+02
1.837348937988281250e-02,1.355312500000000000e+02
1.731181144714355469e-02,2.915627441406250000e+02
3.289747238159179688e-02,5.160966796875000000e+02
1.727032661437988281e-02,1.757632812500000000e+03
1.727724075317382812e-02,1.826956665039062500e+03
1.727724075317382812e-02,1.958180999755859375e+01
1.727795600891113281e-02,5.534659423828125000e+02
1.726222038269042969e-02,1.036712890625000000e+03
1.727628707885742188e-02,1.566945678710937500e+03
3.290820121765136719e-02,8.052020263671875000e+01
1.725769042968750000e-02,4.273473510742187500e+02
3.291487693786621094e-02,9.560569458007812500e+02
1.727533340454101562e-02,9.353587036132812500e+02
1.726484298706054688e-02,5.972077026367187500e+02
1.727533340454101562e-02,8.390347290039062500e+02
1.727604866027832031e-02,2.869999885559082031e+00
1.727557182312011719e-02,5.455373764038085938e+01
1.654386520385742188e-03,2.072106445312500000e+03
1.725554466247558594e-02,2.386915771484375000e+03
1.727557182312011719e-02,9.021101074218750000e+02
1.730728149414062500e-02,2.423582763671875000e+03
1.727581024169921875e-02,6.915460205078125000e+02
3.289723396301269531e-02,1.372683837890625000e+03
1.727175712585449219e-02,3.305829101562500000e+03
3.290033340454101562e-02,8.044049072265625000e+02
1.724600791931152344e-02,4.872511596679687500e+02
1.729965209960937500e-02,9.154676055908203125e+01
1.725029945373535156e-02,6.891500854492187500e+02
1.729607582092285156e-02,1.084839553833007812e+02
1.727557182312011719e-02,1.786583709716796875e+02
1.730465888977050781e-02,1.378997070312500000e+03
3.287529945373535156e-02,1.000884887695312500e+03
1.654386520385742188e-03,1.634654052734375000e+03
1.726889610290527344e-02,2.418015136718750000e+03
3.290653228759765625e-02,2.841138076782226562e+01
1.654386520385742188e-03,1.218891113281250000e+03
1.727700233459472656e-02,8.412284545898437500e+02
3.289961814880371094e-02,2.288402832031250000e+03
1.727080345153808594e-02,5.957424926757812500e+02
1.727843284606933594e-02,1.321327636718750000e+03
1.727581024169921875e-02,6.099451293945312500e+02
1.727557182312011719e-02,1.180084960937500000e+03
1.726555824279785156e-02,4.144006347656250000e+01
1.727628707885742188e-02,2.976376342773437500e+01
1.727485656738281250e-02,6.248728637695312500e+02
1.727533340454101562e-02,1.489384643554687500e+03
1.727652549743652344e-02,4.627254638671875000e+02
3.290700912475585938e-02,3.635335388183593750e+02
1.728439331054687500e-02,9.760922851562500000e+02
1.725649833679199219e-02,9.734481811523437500e+02
2.622318267822265625e-02,1.124966064453125000e+03
1.611495018005371094e-02,1.801816772460937500e+03
9.287118911743164062e-03,1.076300430297851562e+02
3.293228149414062500e-02,3.602757263183593750e+02
1.726913452148437500e-02,1.292506866455078125e+02
1.732349395751953125e-02,1.025654296875000000e+03
1.722049713134765625e-02,2.844113159179687500e+02
1.725554466247558594e-02,7.488768310546875000e+02
1.730871200561523438e-02,7.220194091796875000e+02
1.726245880126953125e-02,1.104928344726562500e+03
1.654386520385742188e-03,2.981303215026855469e+01
1.725482940673828125e-02,1.511817138671875000e+03
1.729655265808105469e-02,1.562094116210937500e+03
1.728749275207519531e-02,2.864935607910156250e+02
1.727557182312011719e-02,6.522367858886718750e+01
1.727557182312011719e-02,1.376899047851562500e+03
3.290033340454101562e-02,-4.574079513549804688e-01
1.849031448364257812e-02,9.393998413085937500e+02
1.730489730834960938e-02,1.387648193359375000e+03
3.290438652038574219e-02,3.676636962890625000e+02
1.729202270507812500e-02,5.031786804199218750e+02
1.724624633789062500e-02,1.498152465820312500e+03
1.729869842529296875e-02,4.494020080566406250e+02
1.725268363952636719e-02,5.990409088134765625e+01
3.290796279907226562e-02,1.310700073242187500e+02
1.728463172912597656e-02,1.032627319335937500e+03
1.725578308105468750e-02,1.434512329101562500e+03
1.728701591491699219e-02,1.447179321289062500e+03
1.840639114379882812e-02,6.286009979248046875e+01
1.729869842529296875e-02,1.232898178100585938e+02
1.654386520385742188e-03,1.716935729980468750e+02
3.289747238159179688e-02,1.029830078125000000e+03
1.727509498596191406e-02,1.196445068359375000e+03
1.729917526245117188e-02,2.168967041015625000e+03
1.725840568542480469e-02,4.027492065429687500e+02
1.724910736083984375e-02,4.525031433105468750e+02
1.730871200561523438e-02,2.323978515625000000e+03
1.727414131164550781e-02,1.194000015258789062e+02
1.727581024169921875e-02,1.847544555664062500e+03
1.727581024169921875e-02,4.258590393066406250e+02
1.727557182312011719e-02,4.101376342773437500e+02
3.289484977722167969e-02,5.525435180664062500e+02
1.724648475646972656e-02,7.390137329101562500e+02
3.293395042419433594e-02,1.727533081054687500e+03
1.726722717285156250e-02,1.586537109375000000e+03
1.728582382202148438e-02,1.610355957031250000e+03
1.726984977722167969e-02,6.671893310546875000e+01
1.727652549743652344e-02,1.574750823974609375e+02
1.727437973022460938e-02,9.637921142578125000e+02
1.727914810180664062e-02,6.856716918945312500e+02
2.703976631164550781e-02,7.341380615234375000e+02
1.230359077453613281e-02,4.479662475585937500e+02
1.727509498596191406e-02,1.033886230468750000e+03
1.730942726135253906e-02,1.880753540039062500e+03
1.728606224060058594e-02,8.757534179687500000e+02
3.288364410400390625e-02,4.116789855957031250e+02
1.726603507995605469e-02,1.364196472167968750e+02
1.654386520385742188e-03,2.086976766586303711e+00
3.649783134460449219e-02,3.708805847167968750e+02
1.774859428405761719e-02,2.091115760803222656e+01
7.087945938110351562e-03,2.515171661376953125e+02
3.292918205261230469e-02,1.900508117675781250e+02
1.727819442749023438e-02,1.569781860351562500e+03
1.724147796630859375e-02,3.148312500000000000e+03
1.729631423950195312e-02,6.237879638671875000e+02
1.728749275207519531e-02,7.339501953125000000e+02
1.728725433349609375e-02,1.685659790039062500e+03
3.288054466247558594e-02,1.772237670898437500e+03
1.726841926574707031e-02,2.696279296875000000e+03
1.727604866027832031e-02,1.318162231445312500e+03
1.729941368103027344e-02,6.417609252929687500e+02
3.288698196411132812e-02,-1.382307815551757812e+01
1.727747917175292969e-02,2.143410888671875000e+03
1.727533340454101562e-02,7.262964630126953125e+01
1.727223396301269531e-02,6.753836059570312500e+01
1.727628707885742188e-02,6.561465454101562500e+02
1.727461814880371094e-02,1.205673095703125000e+03
1.727581024169921875e-02,6.491615295410156250e+01
1.727604866027832031e-02,3.445109252929687500e+02
3.289651870727539062e-02,1.716791748046875000e+03
1.727247238159179688e-02,2.022181640625000000e+03
3.290104866027832031e-02,9.348115844726562500e+02
1.727223396301269531e-02,1.505464843750000000e+03
1.727843284606933594e-02,4.208272094726562500e+02
3.289413452148437500e-02,4.053450927734375000e+02
1.727890968322753906e-02,3.647855224609375000e+02
1.726651191711425781e-02,7.551843872070312500e+02
1.654386520385742188e-03,1.582628173828125000e+02
1.727485656738281250e-02,2.040095977783203125e+02
1.728606224060058594e-02,1.638069091796875000e+03
1.727509498596191406e-02,9.069323730468750000e+01
1.727628707885742188e-02,6.892194824218750000e+02
1.726436614990234375e-02,1.099199218750000000e+03
1.728677749633789062e-02,4.402727355957031250e+02
1.849770545959472656e-02,3.768339233398437500e+02
1.731443405151367188e-02,1.342965576171875000e+03
1.725983619689941406e-02,4.774094848632812500e+02
1.727604866027832031e-02,9.987845611572265625e+01
1.727557182312011719e-02,1.409686157226562500e+03
1.727533340454101562e-02,1.081953002929687500e+03
1.727581024169921875e-02,1.105110229492187500e+03
1.727604866027832031e-02,2.411459960937500000e+02
1.727557182312011719e-02,6.863634643554687500e+02
1.727581024169921875e-02,9.342573852539062500e+02
1.729083061218261719e-02,5.920102310180664062e+01
1.727247238159179688e-02,1.469803466796875000e+02
1.728558540344238281e-02,2.509750732421875000e+03
1.834917068481445312e-02,3.684668884277343750e+02
1.732659339904785156e-02,8.984899291992187500e+02
3.287601470947265625e-02,3.823407714843750000e+03
1.729249954223632812e-02,2.871924133300781250e+02
3.288245201110839844e-02,3.905466003417968750e+02
1.727247238159179688e-02,1.499388183593750000e+03
1.727962493896484375e-02,7.992055664062500000e+02
3.802585601806640625e-02,2.096399414062500000e+03
2.314805984497070312e-02,1.170723266601562500e+03
2.050781250000000000e-02,1.741186279296875000e+03
1.726818084716796875e-02,2.458995056152343750e+02
3.289961814880371094e-02,2.181157531738281250e+02
1.727199554443359375e-02,1.927034057617187500e+03
1.726818084716796875e-02,-7.247000122070312500e+01
1.729893684387207031e-02,9.177009887695312500e+02
3.288125991821289062e-02,1.042424560546875000e+03
1.728153228759765625e-02,9.165980834960937500e+02
1.726293563842773438e-02,2.266977783203125000e+03
1.728463172912597656e-02,8.058827514648437500e+02
1.727461814880371094e-02,1.053793106079101562e+02
1.727771759033203125e-02,1.588054077148437500e+03
1.727867126464843750e-02,1.855924415588378906e+01
1.727557182312011719e-02,1.065227539062500000e+03
1.727342605590820312e-02,8.196270751953125000e+02
1.727867126464843750e-02,5.088868103027343750e+02
3.289580345153808594e-02,2.411459960937500000e+02
1.727080345153808594e-02,2.078080078125000000e+03
1.726818084716796875e-02,1.473687744140625000e+03
1.730561256408691406e-02,-1.775247764587402344e+01
1.725721359252929688e-02,8.404373168945312500e+02
1.726460456848144531e-02,1.879738281250000000e+03
1.730346679687500000e-02,1.628980468750000000e+03
1.724791526794433594e-02,1.257734375000000000e+03
1.725554466247558594e-02,8.686582183837890625e+01
1.729607582092285156e-02,4.976353454589843750e+02
1.729893684387207031e-02,5.949431152343750000e+02
3.288125991821289062e-02,1.257035034179687500e+03
1.726889610290527344e-02,8.065519714355468750e+01
1.654386520385742188e-03,2.236074218750000000e+02
1.725482940673828125e-02,2.322871398925781250e+02
1.727557182312011719e-02,1.025203735351562500e+03
1.730704307556152344e-02,5.178631210327148438e+01
1.727557182312011719e-02,1.014077453613281250e+03
1.727581024169921875e-02,2.226626953125000000e+03
1.727652549743652344e-02,8.545120849609375000e+02
1.727700233459472656e-02,5.780825195312500000e+02
1.727342605590820312e-02,3.092342041015625000e+03
1.727843284606933594e-02,1.787994873046875000e+03
1.727724075317382812e-02,2.201281982421875000e+03
1.726031303405761719e-02,0.000000000000000000e+00
1.728725433349609375e-02,6.092033081054687500e+02
1.726555824279785156e-02,1.293099487304687500e+03
1.654386520385742188e-03,6.309302368164062500e+02
1.727581024169921875e-02,7.809620361328125000e+02
1.728868484497070312e-02,7.373609008789062500e+02
1.724100112915039062e-02,6.592895507812500000e+01
1.730608940124511719e-02,1.203424316406250000e+03
1.726627349853515625e-02,1.099095581054687500e+03
1.728653907775878906e-02,6.298793334960937500e+02
1.727628707885742188e-02,4.061268234252929688e+01
2.732658386230468750e-02,-6.694954681396484375e+01
1.542758941650390625e-02,1.402735229492187500e+03
1.845407485961914062e-02,1.483803955078125000e+03
1.730179786682128906e-02,8.493904418945312500e+02
1.727271080017089844e-02,3.651499938964843750e+02
1.727724075317382812e-02,4.178288879394531250e+02
1.654386520385742188e-03,2.610931396484375000e+03
1.728487014770507812e-02,1.654090087890625000e+03
1.727628707885742188e-02,1.887120117187500000e+03
2.551436424255371094e-02,2.851871337890625000e+03
1.623225212097167969e-02,5.113038024902343750e+02
1.732254028320312500e-02,3.009837951660156250e+02
3.287887573242187500e-02,8.386782226562500000e+02
1.654386520385742188e-03,7.768649902343750000e+02
3.289890289306640625e-02,1.592163208007812500e+03
1.727581024169921875e-02,2.604379882812500000e+02
1.727628707885742188e-02,4.303999023437500000e+02
1.724600791931152344e-02,2.571895141601562500e+02
3.294014930725097656e-02,2.531907501220703125e+02
1.726198196411132812e-02,6.137843627929687500e+02
1.727318763732910156e-02,9.726705322265625000e+02
3.289866447448730469e-02,1.390429931640625000e+03
1.727581024169921875e-02,1.499311157226562500e+03
1.728177070617675781e-02,2.227802978515625000e+03
1.727676391601562500e-02,1.437615844726562500e+03
1.832246780395507812e-02,5.460279541015625000e+02
1.729893684387207031e-02,3.693463439941406250e+02
1.727581024169921875e-02,1.408737304687500000e+03
3.290820121765136719e-02,-5.325236511230468750e+01
1.724457740783691406e-02,3.504278564453125000e+01
1.729559898376464844e-02,2.105921783447265625e+02
1.727533340454101562e-02,1.254601806640625000e+03
1.727604866027832031e-02,4.510558471679687500e+02
1.654386520385742188e-03,1.048462890625000000e+03
1.727628707885742188e-02,3.266015625000000000e+03
1.728582382202148438e-02,4.849063873291015625e+01
1.728010177612304688e-02,5.241052856445312500e+02
1.727294921875000000e-02,6.723209228515625000e+02
1.727461814880371094e-02,1.213175048828125000e+03
1.724433898925781250e-02,6.623171997070312500e+02
1.727557182312011719e-02,5.348199462890625000e+02
1.728987693786621094e-02,3.392598571777343750e+02
3.291463851928710938e-02,6.826654663085937500e+02
1.724410057067871094e-02,7.375672607421875000e+02
1.729559898376464844e-02,6.468217163085937500e+02
1.726436614990234375e-02,1.490075439453125000e+03
1.726698875427246094e-02,7.051121826171875000e+02
1.729583740234375000e-02,1.975989501953125000e+03
1.728725433349609375e-02,3.006016601562500000e+03
1.726460456848144531e-02,6.320297241210937500e+02
1.654386520385742188e-03,1.229854736328125000e+03
1.725506782531738281e-02,5.268400573730468750e+01
1.731467247009277344e-02,3.754744720458984375e+01
1.726818084716796875e-02,1.645591430664062500e+02
3.289508819580078125e-02,9.949495697021484375e+01
1.724672317504882812e-02,2.875397033691406250e+02
1.730704307556152344e-02,1.078503173828125000e+03
1.725721359252929688e-02,1.527342163085937500e+03
1.728963851928710938e-02,3.381342285156250000e+03
3.289914131164550781e-02,5.350440063476562500e+02
1.727819442749023438e-02,1.082607543945312500e+03
1.727557182312011719e-02,3.743242492675781250e+02
1.726436614990234375e-02,1.013502597808837891e+01
1.725602149963378906e-02,6.891566467285156250e+01
1.729583740234375000e-02,3.751594848632812500e+02
1.727604866027832031e-02,1.425850830078125000e+03
1.727533340454101562e-02,6.801777648925781250e+01
2.481412887573242188e-02,2.152419433593750000e+03
1.863479614257812500e-02,2.104476928710937500e+01
8.345603942871093750e-03,2.188099365234375000e+03
3.293466567993164062e-02,1.091878414154052734e+01
1.726865768432617188e-02,2.085529296875000000e+03
3.289842605590820312e-02,2.074307060241699219e+01
1.727271080017089844e-02,3.215909729003906250e+02
1.726818084716796875e-02,7.419676513671875000e+02
1.728844642639160156e-02,3.524426269531250000e+02
1.724362373352050781e-02,1.088235107421875000e+03
1.731061935424804688e-02,3.495308837890625000e+02
1.727151870727539062e-02,3.957323608398437500e+02
1.726436614990234375e-02,4.978804626464843750e+02
1.728701591491699219e-02,4.559218139648437500e+02
1.727485656738281250e-02,2.878382873535156250e+02
1.726531982421875000e-02,2.653411254882812500e+02
1.728701591491699219e-02,2.844027587890625000e+03
1.727867126464843750e-02,9.793783569335937500e+02
1.727604866027832031e-02,9.323895874023437500e+02
1.727247238159179688e-02,7.579934692382812500e+02
1.729178428649902344e-02,8.827347564697265625e+01
3.410506248474121094e-02,1.574711547851562500e+03
1.729917526245117188e-02,1.980296508789062500e+03
1.726293563842773438e-02,3.198207275390625000e+03
1.727914810180664062e-02,1.983493408203125000e+03
1.727271080017089844e-02,2.217340850830078125e+02
1.727867126464843750e-02,7.261185913085937500e+02
1.726174354553222656e-02,7.229758911132812500e+02
1.727581024169921875e-02,7.019223632812500000e+02
1.728749275207519531e-02,5.150513305664062500e+02
3.289365768432617188e-02,1.806606323242187500e+03
1.724743843078613281e-02,2.934875488281250000e+02
1.839780807495117188e-02,7.134501953125000000e+02
1.729917526245117188e-02,7.894537963867187500e+02
1.730632781982421875e-02,1.491645874023437500e+03
1.725673675537109375e-02,3.525700759887695312e+01
1.726317405700683594e-02,1.453891849517822266e+01
1.728725433349609375e-02,1.424987411499023438e+01
1.726484298706054688e-02,1.108579345703125000e+03
1.727700233459472656e-02,7.759535522460937500e+02
1.727533340454101562e-02,9.036985778808593750e+01
1.727509498596191406e-02,1.666162597656250000e+03
1.729822158813476562e-02,3.736118774414062500e+02
1.726269721984863281e-02,1.377429809570312500e+03
1.727342605590820312e-02,6.230411376953125000e+02
3.289842605590820312e-02,3.104536437988281250e+02
1.727485656738281250e-02,3.001786132812500000e+03
1.727771759033203125e-02,5.959657669067382812e+01
1.727724075317382812e-02,5.915311813354492188e+01
1.727509498596191406e-02,3.437716979980468750e+02
1.727843284606933594e-02,1.785819580078125000e+03
1.726245880126953125e-02,8.655515747070312500e+02
2.810764312744140625e-02,1.549706787109375000e+03
1.330471038818359375e-02,2.270063323974609375e+02
1.729631423950195312e-02,1.291062377929687500e+03
1.727652549743652344e-02,3.171504211425781250e+02
1.728630065917968750e-02,5.978112182617187500e+02
1.727819442749023438e-02,4.434677429199218750e+02
1.728677749633789062e-02,8.178330688476562500e+02
3.453063964843750000e-02,7.846015014648437500e+02
7.423400878906250000e-03,9.901499633789062500e+02
1.730728149414062500e-02,5.126374511718750000e+02
3.289771080017089844e-02,-4.048613739013671875e+01
1.729583740234375000e-02,1.212900634765625000e+03
1.727437973022460938e-02,2.987542480468750000e+03
1.724576950073242188e-02,8.064890747070312500e+02
1.728916168212890625e-02,1.126641113281250000e+03
1.727294921875000000e-02,6.811361083984375000e+02
1.726531982421875000e-02,6.297281265258789062e+01
1.727938652038574219e-02,1.107607910156250000e+03
1.728272438049316406e-02,1.420479278564453125e+02
1.728749275207519531e-02,3.752328186035156250e+02
3.287792205810546875e-02,5.934666061401367188e+01
1.725196838378906250e-02,3.812027740478515625e+01
1.730394363403320312e-02,1.565237731933593750e+02
1.727914810180664062e-02,9.061011352539062500e+02
1.727533340454101562e-02,2.281695709228515625e+02
1.729297637939453125e-02,1.957750091552734375e+02
3.287649154663085938e-02,3.677770495414733887e-01
1.729154586791992188e-02,-2.169046020507812500e+01
3.288078308105468750e-02,3.536280517578125000e+02
1.727771759033203125e-02,9.283555908203125000e+02
1.727509498596191406e-02,6.785869598388671875e+01
1.727342605590820312e-02,1.841020141601562500e+03
1.726937294006347656e-02,3.778167724609375000e+02
3.291034698486328125e-02,8.588021850585937500e+01
1.727056503295898438e-02,2.304724853515625000e+03
3.290367126464843750e-02,2.215925781250000000e+03
1.724076271057128906e-02,2.122432861328125000e+03
1.729583740234375000e-02,4.791573486328125000e+02
1.728749275207519531e-02,1.022213684082031250e+03
1.727461814880371094e-02,8.593862304687500000e+02
1.726508140563964844e-02,2.669678710937500000e+03
1.727867126464843750e-02,2.239053497314453125e+02
1.725316047668457031e-02,2.911068603515625000e+03
1.727461814880371094e-02,4.391189880371093750e+02
1.730322837829589844e-02,0.000000000000000000e+00
1.729798316955566406e-02,6.302882690429687500e+02
1.876354217529296875e-02,1.124024291992187500e+03
1.727890968322753906e-02,1.142247802734375000e+03
1.727557182312011719e-02,1.121845581054687500e+03
1.729631423950195312e-02,5.880182647705078125e+01
3.290557861328125000e-02,1.646530639648437500e+03
1.727581024169921875e-02,1.995559997558593750e+02
1.727676391601562500e-02,9.768672943115234375e+01
1.726555824279785156e-02,1.355093505859375000e+03
1.733016967773437500e-02,9.563815917968750000e+02
1.722097396850585938e-02,4.105531311035156250e+02
1.727652549743652344e-02,8.649940185546875000e+02
1.727581024169921875e-02,6.099491577148437500e+02
1.847004890441894531e-02,5.375263061523437500e+02
3.290128707885742188e-02,7.285999755859375000e+02
1.738190650939941406e-02,3.230945556640625000e+03
1.719760894775390625e-02,1.432434814453125000e+03
2.431249618530273438e-02,1.246545532226562500e+03
1.788735389709472656e-02,6.811827392578125000e+02
2.350473403930664062e-02,4.490353393554687500e+02
1.727366447448730469e-02,5.563938598632812500e+02
3.289914131164550781e-02,2.762562255859375000e+02
1.727247238159179688e-02,3.007035400390625000e+03
1.727938652038574219e-02,1.994440765380859375e+02
1.727581024169921875e-02,1.614505462646484375e+02
1.727676391601562500e-02,2.123062255859375000e+03
1.726365089416503906e-02,1.331219482421875000e+03
1.727628707885742188e-02,1.019390319824218750e+03
1.727485656738281250e-02,1.461096313476562500e+03
1.734089851379394531e-02,9.956218261718750000e+02
2.660751342773437500e-03,-8.155564117431640625e+01
1.731014251708984375e-02,-8.282052993774414062e+00
1.724433898925781250e-02,6.595436096191406250e+01
1.727628707885742188e-02,2.273325958251953125e+02
1.728463172912597656e-02,4.588355255126953125e+01
3.290748596191406250e-02,9.683084869384765625e+01
1.654386520385742188e-03,3.855598449707031250e+02
1.728773117065429688e-02,1.122113189697265625e+02
1.727700233459472656e-02,1.786950195312500000e+03
1.727390289306640625e-02,3.859085388183593750e+02
1.728057861328125000e-02,1.010503173828125000e+03
1.727080345153808594e-02,4.104277648925781250e+02
1.727581024169921875e-02,1.972011962890625000e+03
3.289484977722167969e-02,2.097092285156250000e+03
1.727485656738281250e-02,1.662037109375000000e+03
1.727819442749023438e-02,1.092565063476562500e+03
1.728129386901855469e-02,1.162986083984375000e+03
1.723909378051757812e-02,1.346447021484375000e+03
1.732516288757324219e-02,1.423852233886718750e+02
1.725792884826660156e-02,1.963982177734375000e+03
1.727581024169921875e-02,8.807949218750000000e+02
1.726555824279785156e-02,1.163549804687500000e+03
1.727485656738281250e-02,5.545307922363281250e+01
1.654386520385742188e-03,8.166191864013671875e+01
1.727533340454101562e-02,2.395770507812500000e+03
1.726675033569335938e-02,2.442054138183593750e+02
1.726531982421875000e-02,1.916373046875000000e+03
1.730608940124511719e-02,3.059569931030273438e+01
3.290438652038574219e-02,1.691403320312500000e+03
1.726579666137695312e-02,7.219110717773437500e+02
3.290510177612304688e-02,1.730239013671875000e+03
1.724100112915039062e-02,2.371312988281250000e+03
3.292727470397949219e-02,1.670159935951232910e+00
1.727199554443359375e-02,2.716996154785156250e+02
1.727890968322753906e-02,2.297398681640625000e+03
1.727604866027832031e-02,1.553289031982421875e+02
1.727080345153808594e-02,6.514341430664062500e+02
1.728272438049316406e-02,4.543731307983398438e+01
1.727366447448730469e-02,1.006711425781250000e+03
1.726388931274414062e-02,4.804263610839843750e+02
1.726102828979492188e-02,-3.913201808929443359e+00
2.848839759826660156e-02,9.662149047851562500e+02
1.525855064392089844e-02,4.982229919433593750e+02
1.731991767883300781e-02,5.209838256835937500e+02
3.288054466247558594e-02,1.571625122070312500e+03
2.448296546936035156e-02,1.514060913085937500e+03
1.519894599914550781e-02,1.642712768554687500e+03
1.729679107666015625e-02,1.142590942382812500e+02
1.727557182312011719e-02,1.420288085937500000e+02
1.727652549743652344e-02,4.597944030761718750e+02
1.862740516662597656e-02,6.572680664062500000e+02
1.732254028320312500e-02,5.740166625976562500e+02
1.726055145263671875e-02,7.056426391601562500e+02
1.724791526794433594e-02,1.737606689453125000e+03
1.730799674987792969e-02,3.051712402343750000e+03
1.727485656738281250e-02,3.594837341308593750e+02
1.727461814880371094e-02,1.461424438476562500e+03
1.727581024169921875e-02,2.545113769531250000e+03
1.727581024169921875e-02,4.689789733886718750e+02
1.727628707885742188e-02,1.186500000000000000e+03
1.727485656738281250e-02,4.902699584960937500e+02
1.727628707885742188e-02,2.889121337890625000e+03
1.727724075317382812e-02,1.716058197021484375e+02
1.727414131164550781e-02,1.958201789855957031e+01
1.727581024169921875e-02,1.405912628173828125e+02
1.727557182312011719e-02,7.108251342773437500e+02
1.835632324218750000e-02,1.889299468994140625e+02
1.730108261108398438e-02,7.912714843750000000e+02
1.727390289306640625e-02,1.014594299316406250e+03
1.728677749633789062e-02,9.071718750000000000e+02
1.727867126464843750e-02,2.992367553710937500e+01
1.728916168212890625e-02,6.418051757812500000e+02
3.287577629089355469e-02,5.871527099609375000e+02
1.654386520385742188e-03,1.789745117187500000e+03
3.289961814880371094e-02,2.892486877441406250e+02
1.727724075317382812e-02,6.743635864257812500e+02
1.727247238159179688e-02,3.349842071533203125e+01
1.728272438049316406e-02,0.000000000000000000e+00
1.726102828979492188e-02,1.293592041015625000e+03
1.730751991271972656e-02,6.372916870117187500e+02
1.726031303405761719e-02,1.674048706054687500e+03
1.727104187011718750e-02,1.773885498046875000e+03
1.727557182312011719e-02,1.505978546142578125e+02
1.726484298706054688e-02,8.535092163085937500e+02
1.727557182312011719e-02,9.485614013671875000e+02
1.727581024169921875e-02,1.046857666015625000e+03
1.729893684387207031e-02,9.136280517578125000e+02
3.288030624389648438e-02,4.153635253906250000e+02
1.729226112365722656e-02,5.915012817382812500e+02
1.726078987121582031e-02,1.494651184082031250e+02
3.289985656738281250e-02,7.458000488281250000e+02
1.727747917175292969e-02,1.515827758789062500e+03
1.727414131164550781e-02,1.452670532226562500e+03
1.724410057067871094e-02,1.472338562011718750e+02
1.727581024169921875e-02,1.946656005859375000e+03
3.292846679687500000e-02,7.990779113769531250e+01
1.727485656738281250e-02,1.245507690429687500e+03
3.290104866027832031e-02,1.592697509765625000e+03
1.726889610290527344e-02,9.332279663085937500e+02
3.290128707885742188e-02,2.462544822692871094e+01
1.727199554443359375e-02,2.915290222167968750e+02
1.727962493896484375e-02,2.234278320312500000e+03
1.726436614990234375e-02,1.309031982421875000e+03
1.654386520385742188e-03,1.245339721679687500e+03
3.148698806762695312e-02,1.833540039062500000e+02
1.782631874084472656e-02,6.429083251953125000e+02
1.786160469055175781e-02,6.816456909179687500e+02
1.654386520385742188e-03,1.116803222656250000e+03
1.725602149963378906e-02,1.077221923828125000e+03
1.727509498596191406e-02,7.811436767578125000e+02
3.292608261108398438e-02,5.472988281250000000e+02
1.727485656738281250e-02,2.580807373046875000e+03
1.727795600891113281e-02,1.972017974853515625e+02
1.727724075317382812e-02,4.145206604003906250e+02
3.289461135864257812e-02,2.809044799804687500e+02
1.727557182312011719e-02,2.230806579589843750e+02
1.727843284606933594e-02,4.496120910644531250e+02
3.289628028869628906e-02,4.410460205078125000e+02
1.727223396301269531e-02,1.652726440429687500e+03
1.726818084716796875e-02,2.414704101562500000e+03
1.727652549743652344e-02,7.489616088867187500e+02
1.725459098815917969e-02,8.787221679687500000e+02
1.729631423950195312e-02,4.462918853759765625e+01
1.727581024169921875e-02,1.023894165039062500e+03
1.730537414550781250e-02,1.276957763671875000e+03
1.727557182312011719e-02,8.366812133789062500e+01
1.724696159362792969e-02,2.583119873046875000e+03
1.728868484497070312e-02,1.581228149414062500e+03
1.726174354553222656e-02,5.765770263671875000e+02
1.727724075317382812e-02,1.797963256835937500e+03
1.654386520385742188e-03,2.310792999267578125e+02
1.852345466613769531e-02,1.864492675781250000e+03
3.293108940124511719e-02,2.497805419921875000e+03
1.727271080017089844e-02,8.992424926757812500e+02
1.728224754333496094e-02,9.851325988769531250e+01
1.727223396301269531e-02,5.929085540771484375e+01
3.291392326354980469e-02,4.307850341796875000e+02
1.725244522094726562e-02,1.523163940429687500e+03
1.728200912475585938e-02,3.389860229492187500e+02
1.727104187011718750e-02,2.389970245361328125e+02
1.726984977722167969e-02,1.268370605468750000e+03
1.727557182312011719e-02,8.422136230468750000e+02
1.839780807495117188e-02,1.623652709960937500e+03
1.729822158813476562e-02,7.492633056640625000e+02
1.728701591491699219e-02,4.583902893066406250e+02
1.730990409851074219e-02,5.401076049804687500e+02
1.727557182312011719e-02,9.806201782226562500e+02
1.728796958923339844e-02,3.596003723144531250e+01
1.725864410400390625e-02,5.420377197265625000e+02
3.289079666137695312e-02,5.435777587890625000e+02
1.654386520385742188e-03,1.430596191406250000e+03
1.727724075317382812e-02,1.222594848632812500e+03
1.728606224060058594e-02,1.222071914672851562e+02
1.727461814880371094e-02,1.756860473632812500e+03
1.727581024169921875e-02,5.282537841796875000e+02
1.727604866027832031e-02,4.632802734375000000e+02
1.727700233459472656e-02,2.252871513366699219e+00
1.834344863891601562e-02,1.487191650390625000e+03
1.727819442749023438e-02,1.336578002929687500e+03
2.698469161987304688e-02,8.026000976562500000e+02
1.533198356628417969e-02,1.800551025390625000e+03
1.730799674987792969e-02,-7.449482727050781250e+01
1.727533340454101562e-02,1.681598266601562500e+03
2.044796943664550781e-02,2.490025634765625000e+02
1.836109161376953125e-02,4.804779052734375000e+01
1.654386520385742188e-03,7.883243408203125000e+02
1.729726791381835938e-02,9.759047698974609375e+01
1.725459098815917969e-02,3.285888671875000000e+02
1.727652549743652344e-02,7.352219238281250000e+02
1.729202270507812500e-02,1.491563110351562500e+03
1.725864410400390625e-02,4.756129760742187500e+02
1.730680465698242188e-02,9.374376220703125000e+02
1.728034019470214844e-02,7.526773071289062500e+02
1.726007461547851562e-02,8.591147460937500000e+02
1.726579666137695312e-02,2.747635192871093750e+02
1.726555824279785156e-02,4.790711975097656250e+02
1.729631423950195312e-02,7.100995635986328125e+01
1.728892326354980469e-02,1.169791992187500000e+03
1.727819442749023438e-02,1.062043090820312500e+03
1.727437973022460938e-02,8.036811523437500000e+02
1.726150512695312500e-02,1.389104248046875000e+03
1.727557182312011719e-02,1.524104248046875000e+03
1.727533340454101562e-02,6.540941162109375000e+02
1.654386520385742188e-03,1.852944580078125000e+03
1.725602149963378906e-02,2.290797851562500000e+03
1.727581024169921875e-02,4.282339172363281250e+02
1.727581024169921875e-02,4.182717895507812500e+02
1.727628707885742188e-02,1.352823242187500000e+03
1.727557182312011719e-02,6.257463989257812500e+02
1.730704307556152344e-02,1.524106140136718750e+02
1.724433898925781250e-02,1.447151611328125000e+03
1.727581024169921875e-02,8.107708129882812500e+02
1.730632781982421875e-02,2.129291229248046875e+02
1.727628707885742188e-02,7.759619140625000000e+02
1.727938652038574219e-02,-2.181026935577392578e+00
1.727271080017089844e-02,2.636274414062500000e+03
1.727485656738281250e-02,3.846443176269531250e+02
1.724505424499511719e-02,1.887694740295410156e+01
1.727581024169921875e-02,3.891460571289062500e+02
1.730656623840332031e-02,1.302624877929687500e+03
1.727509498596191406e-02,1.782876129150390625e+02
1.727604866027832031e-02,2.736466552734375000e+03
1.727604866027832031e-02,2.680415039062500000e+02
1.726388931274414062e-02,2.334486572265625000e+03
3.290963172912597656e-02,1.528655395507812500e+03
1.727080345153808594e-02,1.946354736328125000e+03
3.290152549743652344e-02,1.187971923828125000e+03
1.727223396301269531e-02,1.124335937500000000e+03
1.728081703186035156e-02,5.969085083007812500e+02
1.724290847778320312e-02,7.889838409423828125e+01
1.730728149414062500e-02,1.029093383789062500e+03
1.726388931274414062e-02,3.324798965454101562e+01
1.727533340454101562e-02,1.033337402343750000e+02
1.728248596191406250e-02,2.358995819091796875e+02
1.729178428649902344e-02,2.023839111328125000e+03
1.945877075195312500e-02,2.153583984375000000e+02
3.290295600891113281e-02,1.451530742645263672e+01
1.730179786682128906e-02,1.748956604003906250e+02
3.289723396301269531e-02,1.302208557128906250e+02
1.727533340454101562e-02,1.509644775390625000e+03
3.290081024169921875e-02,7.807555541992187500e+02
1.727151870727539062e-02,6.153489990234375000e+02
1.726794242858886719e-02,1.334624633789062500e+02
1.730585098266601562e-02,4.479473114013671875e+01
2.223658561706542969e-02,5.747923583984375000e+02
1.706314086914062500e-02,-4.025065898895263672e+00
1.229667663574218750e-02,1.070127319335937500e+03
1.730823516845703125e-02,1.190946655273437500e+02
1.727843284606933594e-02,2.093699493408203125e+02
1.727247238159179688e-02,7.174962158203125000e+02
1.727986335754394531e-02,7.013346557617187500e+02
1.726150512695312500e-02,8.540144042968750000e+02
1.727437973022460938e-02,1.416474609375000000e+03
1.654386520385742188e-03,1.243773193359375000e+03
1.725578308105468750e-02,8.810662231445312500e+02
1.729559898376464844e-02,5.299761962890625000e+02
1.725673675537109375e-02,4.037399902343750000e+02
1.730632781982421875e-02,1.444856323242187500e+03
1.727819442749023438e-02,7.061796264648437500e+02
1.727437973022460938e-02,1.283515625000000000e+03
1.726317405700683594e-02,3.006554985046386719e+01
1.727581024169921875e-02,3.523583007812500000e+03
1.728725433349609375e-02,9.657394409179687500e+01
1.727557182312011719e-02,1.044223556518554688e+02
1.724410057067871094e-02,9.604165649414062500e+02
1.732444763183593750e-02,2.208643554687500000e+03
3.287720680236816406e-02,1.804576568603515625e+02
1.729011535644531250e-02,2.960387695312500000e+03
1.726293563842773438e-02,2.749480590820312500e+02
1.727747917175292969e-02,8.004965782165527344e+00
1.727890968322753906e-02,1.311340454101562500e+03
1.726102828979492188e-02,4.079457397460937500e+02
3.290963172912597656e-02,6.593461303710937500e+02
1.726984977722167969e-02,1.017509765625000000e+03
1.724863052368164062e-02,1.279704833984375000e+03
1.729631423950195312e-02,1.333058837890625000e+03
1.728034019470214844e-02,3.346022949218750000e+02
1.727104187011718750e-02,1.201730712890625000e+03
1.725411415100097656e-02,1.775818359375000000e+03
1.731038093566894531e-02,1.992556762695312500e+01
1.727366447448730469e-02,1.598031127929687500e+03
1.726508140563964844e-02,2.464280517578125000e+03
1.727604866027832031e-02,8.197422485351562500e+02
1.727509498596191406e-02,3.756422729492187500e+02
1.727604866027832031e-02,1.320169525146484375e+02
1.730298995971679688e-02,1.882292968750000000e+03
1.725745201110839844e-02,5.253176269531250000e+02
1.727676391601562500e-02,4.812386474609375000e+02
1.727771759033203125e-02,1.408603515625000000e+03
1.727414131164550781e-02,1.373439453125000000e+03
1.727509498596191406e-02,8.206840515136718750e+00
1.727867126464843750e-02,6.996649780273437500e+02
3.289771080017089844e-02,5.563508300781250000e+02
1.724934577941894531e-02,2.145531738281250000e+03
1.729106903076171875e-02,1.334327148437500000e+03
1.727318763732910156e-02,3.765549850463867188e+01
3.290748596191406250e-02,7.062329101562500000e+02
1.729440689086914062e-02,1.353068603515625000e+03
1.722764968872070312e-02,2.449178314208984375e+02
3.292298316955566406e-02,8.078326416015625000e+02
2.679967880249023438e-02,2.334833526611328125e+02
1.640582084655761719e-02,2.211332702636718750e+02
2.101850509643554688e-02,5.976533203125000000e+02
2.643942832946777344e-02,1.835884277343750000e+03
1.130962371826171875e-02,1.132974365234375000e+03
3.292584419250488281e-02,2.299946044921875000e+03
1.729726791381835938e-02,1.054348388671875000e+03
3.287863731384277344e-02,1.146008056640625000e+03
1.726508140563964844e-02,3.891707153320312500e+02
1.728701591491699219e-02,1.496456787109375000e+03
1.726436614990234375e-02,3.823543395996093750e+02
1.727557182312011719e-02,9.571172485351562500e+02
1.729869842529296875e-02,4.386006469726562500e+02
1.725697517395019531e-02,8.606892700195312500e+02
1.728153228759765625e-02,9.383880004882812500e+02
3.289604187011718750e-02,8.970989379882812500e+02
1.727485656738281250e-02,3.214676513671875000e+02
1.727843284606933594e-02,6.640119018554687500e+02
1.727557182312011719e-02,1.175494350822287508e-38
1.726508140563964844e-02,1.171122436523437500e+03
1.727533340454101562e-02,1.444547607421875000e+03
1.730775833129882812e-02,-1.335682296752929688e+01
1.724410057067871094e-02,6.707144165039062500e+02
1.728653907775878906e-02,6.419544677734375000e+02
1.837801933288574219e-02,6.261663818359375000e+01
1.729893684387207031e-02,1.662168212890625000e+03
1.729869842529296875e-02,1.146427612304687500e+03
1.726055145263671875e-02,1.368568420410156250e+02
3.286862373352050781e-02,4.094095611572265625e+01
1.730370521545410156e-02,1.761552368164062500e+03
1.728248596191406250e-02,1.773141860961914062e+01
1.724028587341308594e-02,2.701604919433593750e+02
1.727557182312011719e-02,4.320727844238281250e+02
1.727581024169921875e-02,9.180168457031250000e+02
1.729702949523925781e-02,1.347770507812500000e+03
1.729583740234375000e-02,9.928131103515625000e+02
1.728534698486328125e-02,6.297554321289062500e+02
1.724600791931152344e-02,4.503666381835937500e+02
1.728677749633789062e-02,8.162481689453125000e+02
1.727724075317382812e-02,1.217678298950195312e+02
1.727390289306640625e-02,3.123668212890625000e+02
1.727581024169921875e-02,2.228512451171875000e+03
1.727581024169921875e-02,9.923928833007812500e+02
1.727581024169921875e-02,5.226320190429687500e+02
1.727533340454101562e-02,2.521398468017578125e+02
1.726531982421875000e-02,1.487612915039062500e+03
1.727509498596191406e-02,5.299260253906250000e+02
1.727628707885742188e-02,1.284951293945312500e+03
1.654386520385742188e-03,1.576599731445312500e+03
1.725530624389648438e-02,2.177319183349609375e+02
1.727628707885742188e-02,2.464767761230468750e+02
3.292512893676757812e-02,3.699944763183593750e+02
1.728010177612304688e-02,3.225457458496093750e+02
3.289270401000976562e-02,6.083552551269531250e+01
1.727533340454101562e-02,4.911267089843750000e+02
1.728034019470214844e-02,1.954037475585937500e+03
3.289532661437988281e-02,6.906452636718750000e+02
1.727199554443359375e-02,7.294541015625000000e+02
1.726889610290527344e-02,9.558681030273437500e+02
1.725435256958007812e-02,9.816947174072265625e+01
1.729702949523925781e-02,1.186089965820312500e+03
2.210783958435058594e-02,1.395829833984375000e+03
1.837444305419921875e-02,1.491196777343750000e+03
1.239800453186035156e-02,3.717338562011718750e+01
3.292250633239746094e-02,8.571416625976562500e+02
1.913428306579589844e-02,1.588699707031250000e+03
1.728129386901855469e-02,1.139884277343750000e+03
1.730704307556152344e-02,2.691626220703125000e+03
3.289055824279785156e-02,5.708623657226562500e+02
1.727986335754394531e-02,1.568842407226562500e+03
1.727747917175292969e-02,2.003545898437500000e+03
1.727342605590820312e-02,1.213208251953125000e+03
1.727795600891113281e-02,-3.352600932121276855e-01
1.727366447448730469e-02,2.269986572265625000e+02
1.727604866027832031e-02,2.217946624755859375e+02
1.726436614990234375e-02,1.425254760742187500e+03
1.654386520385742188e-03,3.026919555664062500e+02
3.289675712585449219e-02,7.080947113037109375e+01
1.832509040832519531e-02,1.455093688964843750e+02
1.654386520385742188e-03,7.948443603515625000e+01
1.731228828430175781e-02,1.710274047851562500e+03
1.727294921875000000e-02,4.498268127441406250e+02
1.727604866027832031e-02,2.337055206298828125e+02
1.727628707885742188e-02,-8.894657135009765625e+00
1.727485656738281250e-02,1.321533569335937500e+03
1.727628707885742188e-02,8.338789062500000000e+02
1.727557182312011719e-02,1.230050537109375000e+03
1.726460456848144531e-02,2.069940338134765625e+02
1.725530624389648438e-02,1.501988891601562500e+03
1.727581024169921875e-02,1.039756591796875000e+03
1.729559898376464844e-02,2.183235595703125000e+03
1.727938652038574219e-02,4.538189086914062500e+02
1.725196838378906250e-02,1.903771728515625000e+03
1.735591888427734375e-02,8.965802001953125000e+01
1.953649520874023438e-02,3.543179321289062500e+01
1.727795600891113281e-02,8.464154663085937500e+02
1.732563972473144531e-02,7.506630859375000000e+02
3.287529945373535156e-02,4.116366195678710938e+01
1.729059219360351562e-02,1.381440673828125000e+03
1.726198196411132812e-02,1.383690429687500000e+03
1.724696159362792969e-02,1.380677612304687500e+03
1.730632781982421875e-02,5.907626342773437500e+01
1.727628707885742188e-02,2.446386260986328125e+02
1.727533340454101562e-02,1.603385009765625000e+03
1.727676391601562500e-02,9.137705230712890625e+01
1.727652549743652344e-02,2.960802917480468750e+02
1.831054687500000000e-02,1.783084472656250000e+03
1.729869842529296875e-02,1.109787231445312500e+03
1.727533340454101562e-02,5.713347778320312500e+02
1.730561256408691406e-02,4.161709976196289062e+01
1.725769042968750000e-02,1.558898559570312500e+03
1.727724075317382812e-02,6.210998535156250000e+01
1.727366447448730469e-02,7.952236328125000000e+02
1.727604866027832031e-02,1.413126831054687500e+03
1.727509498596191406e-02,6.493289794921875000e+02
1.729297637939453125e-02,1.849670767784118652e+00
3.287768363952636719e-02,2.983740234375000000e+02
1.729059219360351562e-02,1.756015014648437500e+03
3.358674049377441406e-02,7.228918457031250000e+02
1.874566078186035156e-02,4.708514709472656250e+02
6.471872329711914062e-03,2.217301025390625000e+03
2.833819389343261719e-02,8.797388458251953125e+01
8.235216140747070312e-03,2.751616516113281250e+02
1.730775833129882812e-02,2.198086181640625000e+03
1.726508140563964844e-02,1.842739990234375000e+03
1.725482940673828125e-02,3.656637954711914062e+01
3.293347358703613281e-02,4.467125854492187500e+02
1.727318763732910156e-02,1.886101562500000000e+03
1.726245880126953125e-02,1.869726867675781250e+02
3.290438652038574219e-02,9.411959228515625000e+02
1.729798316955566406e-02,2.929269042968750000e+03
1.723790168762207031e-02,3.855637512207031250e+02
1.726460456848144531e-02,1.020588623046875000e+03
1.727461814880371094e-02,7.685698242187500000e+02
1.730751991271972656e-02,4.611058959960937500e+02
1.727509498596191406e-02,3.560593017578125000e+03
1.727700233459472656e-02,8.683681030273437500e+02
1.726365089416503906e-02,3.589541015625000000e+02
1.728439331054687500e-02,2.800261878967285156e+01
1.727509498596191406e-02,4.976873168945312500e+02
3.289866447448730469e-02,1.307525756835937500e+03
1.727414131164550781e-02,8.505630493164062500e+00
1.727724075317382812e-02,4.875385437011718750e+02
1.727676391601562500e-02,4.661150741577148438e+01
1.726460456848144531e-02,3.233639831542968750e+02
1.728701591491699219e-02,2.961894836425781250e+02
1.727604866027832031e-02,1.909454498291015625e+02
1.724481582641601562e-02,1.014005126953125000e+03
3.292489051818847656e-02,4.805141601562500000e+02
1.726770401000976562e-02,1.722777832031250000e+03
1.727581024169921875e-02,5.729359741210937500e+02
1.728439331054687500e-02,5.092853698730468750e+02
1.727604866027832031e-02,4.577228698730468750e+02
1.727604866027832031e-02,3.090444335937500000e+02
3.290057182312011719e-02,1.083259887695312500e+03
1.727151870727539062e-02,2.762801818847656250e+02
3.289699554443359375e-02,4.711771011352539062e+01
1.724720001220703125e-02,1.187557739257812500e+03
1.730680465698242188e-02,1.667354125976562500e+02
3.289675712585449219e-02,-3.222720336914062500e+01
1.724457740783691406e-02,9.274378204345703125e+01
3.292846679687500000e-02,3.708599853515625000e+02
1.727223396301269531e-02,1.725458862304687500e+03
1.727867126464843750e-02,1.247187805175781250e+02
1.727628707885742188e-02,1.271145385742187500e+03
1.726484298706054688e-02,2.660389099121093750e+02
1.727533340454101562e-02,1.441800781250000000e+03
1.727581024169921875e-02,1.192960815429687500e+03
1.654386520385742188e-03,7.337229614257812500e+02
3.290414810180664062e-02,9.240890502929687500e+02
1.747775077819824219e-02,-4.711702346801757812e+01
1.833367347717285156e-02,1.532060302734375000e+03
1.727414131164550781e-02,2.057058837890625000e+03
1.727771759033203125e-02,4.493118591308593750e+02
1.727724075317382812e-02,9.948425903320312500e+02
1.726794242858886719e-02,1.227263427734375000e+03
1.727223396301269531e-02,1.259318847656250000e+03
2.447700500488281250e-02,5.465230102539062500e+02
1.773118972778320312e-02,2.698265869140625000e+03
1.042485237121582031e-02,4.487100830078125000e+02
1.727628707885742188e-02,4.960260925292968750e+02
1.732635498046875000e-02,5.200010375976562500e+02
1.725673675537109375e-02,6.561616210937500000e+02
1.834249496459960938e-02,3.892176208496093750e+02
1.727771759033203125e-02,3.585176086425781250e+02
1.730728149414062500e-02,1.962969726562500000e+03
1.727938652038574219e-02,8.393566284179687500e+02
1.728415489196777344e-02,9.506919097900390625e+01
3.288125991821289062e-02,1.321420288085937500e+03
1.727843284606933594e-02,2.374780761718750000e+03
1.727390289306640625e-02,6.723078613281250000e+02
1.727437973022460938e-02,1.339298583984375000e+03
1.724886894226074219e-02,1.102345886230468750e+02
1.730680465698242188e-02,5.247346191406250000e+02
1.727581024169921875e-02,1.537412719726562500e+03
1.727557182312011719e-02,1.601472290039062500e+03
1.726961135864257812e-02,4.071764221191406250e+02
3.290510177612304688e-02,8.349355468750000000e+02
1.727008819580078125e-02,4.317435264587402344e+00
1.726913452148437500e-02,1.709742187500000000e+03
1.727509498596191406e-02,9.772977905273437500e+02
1.727676391601562500e-02,8.104093017578125000e+02
1.728606224060058594e-02,3.419394226074218750e+02
1.727533340454101562e-02,2.552874374389648438e+01
1.727676391601562500e-02,1.990522338867187500e+03
3.289842605590820312e-02,3.223331298828125000e+02
1.727008819580078125e-02,3.382493591308593750e+02
1.724743843078613281e-02,3.463104553222656250e+02
3.292989730834960938e-02,1.491552246093750000e+03
1.727080345153808594e-02,1.309485229492187500e+03
1.727962493896484375e-02,2.305347167968750000e+03
1.727557182312011719e-02,1.370458007812500000e+03
1.727747917175292969e-02,6.736486816406250000e+02
1.726317405700683594e-02,9.279588012695312500e+02
1.654386520385742188e-03,8.258374633789062500e+02
1.727604866027832031e-02,7.002150268554687500e+02
1.727509498596191406e-02,7.306620483398437500e+02
1.725554466247558594e-02,1.273462036132812500e+03
3.292417526245117188e-02,1.950581054687500000e+03
1.728057861328125000e-02,6.241881103515625000e+02
1.727509498596191406e-02,5.449740600585937500e+02
1.726460456848144531e-02,1.366610961914062500e+03
1.727700233459472656e-02,3.893861999511718750e+02
1.727437973022460938e-02,2.661156616210937500e+02
1.729941368103027344e-02,1.663559936523437500e+03
1.726198196411132812e-02,1.006469192504882812e+02
1.727581024169921875e-02,-1.661184310913085938e+00
1.726603507995605469e-02,1.187609130859375000e+03
1.729154586791992188e-02,2.289574813842773438e+01
1.727294921875000000e-02,3.613210144042968750e+02
3.289246559143066406e-02,6.509033813476562500e+02
1.727509498596191406e-02,1.107106170654296875e+02
3.290081024169921875e-02,1.624318725585937500e+03
2.512049674987792969e-02,3.416286468505859375e+01
2.704930305480957031e-02,3.440196228027343750e+01
1.414418220520019531e-02,2.798505371093750000e+03
3.292870521545410156e-02,2.355918312072753906e+01
1.727271080017089844e-02,2.956708068847656250e+02
1.726818084716796875e-02,5.182376708984375000e+02
1.727533340454101562e-02,9.100702514648437500e+02
1.731038093566894531e-02,1.951543235778808594e+01
3.286337852478027344e-02,9.295471191406250000e+02
1.727509498596191406e-02,1.051659774780273438e+02
1.654386520385742188e-03,1.849780464172363281e+01
1.727652549743652344e-02,1.868939941406250000e+03
1.729035377502441406e-02,8.931666870117187500e+02
1.727199554443359375e-02,2.102231903076171875e+02
3.289294242858886719e-02,1.232803100585937500e+03
1.727676391601562500e-02,9.282147827148437500e+02
1.883125305175781250e-02,2.310195159912109375e+02
1.729798316955566406e-02,3.190532531738281250e+02
1.725649833679199219e-02,4.409456176757812500e+02
1.727533340454101562e-02,2.319069480895996094e+01
1.727604866027832031e-02,1.862146240234375000e+03
1.729583740234375000e-02,7.609297485351562500e+02
3.291010856628417969e-02,4.751153259277343750e+02
1.726841926574707031e-02,4.748300476074218750e+02
1.724886894226074219e-02,9.074102783203125000e+02
1.732611656188964844e-02,1.095457397460937500e+03
1.725935935974121094e-02,2.507091827392578125e+02
1.727366447448730469e-02,5.332725219726562500e+02
1.839923858642578125e-02,2.829168090820312500e+02
1.732659339904785156e-02,1.007657836914062500e+03
1.726222038269042969e-02,8.203471679687500000e+02
1.724147796630859375e-02,-7.247000122070312500e+01
1.730656623840332031e-02,1.825430908203125000e+03
1.727581024169921875e-02,2.897978515625000000e+02
1.727747917175292969e-02,1.723742553710937500e+03
1.727366447448730469e-02,1.023662048339843750e+03
1.727628707885742188e-02,7.080474243164062500e+02
3.289437294006347656e-02,2.837548828125000000e+03
1.727628707885742188e-02,1.845680541992187500e+03
1.727628707885742188e-02,1.598718750000000000e+03
1.726579666137695312e-02,1.229051589965820312e+02
1.730561256408691406e-02,9.344789505004882812e+00
3.287816047668457031e-02,1.215362548828125000e+02
1.727604866027832031e-02,1.183459960937500000e+03
1.727843284606933594e-02,1.623843872070312500e+03
1.727342605590820312e-02,1.507672851562500000e+03
1.727533340454101562e-02,2.101170898437500000e+03
1.726508140563964844e-02,2.249131835937500000e+03
1.727557182312011719e-02,1.342910034179687500e+03
1.654386520385742188e-03,1.507089721679687500e+03
3.289675712585449219e-02,2.480699920654296875e+01
1.727652549743652344e-02,1.035399780273437500e+03
1.654386520385742188e-03,2.934729919433593750e+02
1.727581024169921875e-02,2.472250518798828125e+02
1.726984977722167969e-02,5.231754150390625000e+02
1.729202270507812500e-02,2.902753829956054688e+01
3.289389610290527344e-02,5.126803970336914062e+01
1.727437973022460938e-02,1.266938842773437500e+03
1.726913452148437500e-02,5.533175048828125000e+02
2.511334419250488281e-02,3.305887145996093750e+02
1.691222190856933594e-02,1.346646240234375000e+03
8.017778396606445312e-03,1.349710083007812500e+03
1.730751991271972656e-02,3.310089355468750000e+03
1.727604866027832031e-02,5.619791259765625000e+02
1.726436614990234375e-02,3.897233276367187500e+02
1.727604866027832031e-02,1.409012329101562500e+03
1.727509498596191406e-02,1.713423706054687500e+03
1.736283302307128906e-02,1.901532150804996490e-02
1.718878746032714844e-02,5.320407867431640625e+01
3.290891647338867188e-02,1.442947875976562500e+03
1.727128028869628906e-02,1.398977172851562500e+03
1.727986335754394531e-02,6.591962280273437500e+02
1.836466789245605469e-02,7.333265380859375000e+02
1.654386520385742188e-03,1.353115966796875000e+03
1.730966567993164062e-02,8.618890380859375000e+01
1.727700233459472656e-02,4.432067565917968750e+02
1.727437973022460938e-02,1.746930664062500000e+03
3.289508819580078125e-02,1.331411590576171875e+02
1.727509498596191406e-02,1.077768554687500000e+02
1.726722717285156250e-02,1.054657714843750000e+03
1.727581024169921875e-02,1.243522338867187500e+03
3.290820121765136719e-02,1.362488281250000000e+03
1.727342605590820312e-02,7.744240112304687500e+02
1.727843284606933594e-02,4.014049072265625000e+02
1.727652549743652344e-02,1.099377807617187500e+03
1.727700233459472656e-02,1.072927490234375000e+03
1.727628707885742188e-02,5.245099487304687500e+02
1.724147796630859375e-02,4.262484130859375000e+02
1.730728149414062500e-02,1.204323608398437500e+03
1.726508140563964844e-02,4.502859802246093750e+02
1.727652549743652344e-02,7.921983642578125000e+02
1.654386520385742188e-03,2.942847442626953125e+01
1.725482940673828125e-02,3.993671875000000000e+02
1.730608940124511719e-02,2.162958526611328125e+02
1.726460456848144531e-02,1.218684326171875000e+03
1.728725433349609375e-02,3.612483825683593750e+02
1.727819442749023438e-02,1.826209869384765625e+02
1.727366447448730469e-02,4.157075500488281250e+02
1.727533340454101562e-02,6.431118774414062500e+02
1.852297782897949219e-02,1.974384643554687500e+03
3.293156623840332031e-02,1.926492065429687500e+03
1.727151870727539062e-02,4.541786804199218750e+02
3.290176391601562500e-02,4.537665939331054688e+01
1.727080345153808594e-02,2.662651824951171875e+01
1.726889610290527344e-02,8.341450195312500000e+02
1.727604866027832031e-02,2.113291259765625000e+03
1.725482940673828125e-02,6.637895507812500000e+02
1.730704307556152344e-02,4.340219726562500000e+02
1.726841926574707031e-02,8.392583007812500000e+02
1.727199554443359375e-02,5.245948486328125000e+02
1.654386520385742188e-03,1.536986328125000000e+03
1.832699775695800781e-02,1.466503784179687500e+03
1.727986335754394531e-02,5.890639648437500000e+02
1.729583740234375000e-02,1.735306549072265625e+02
1.727557182312011719e-02,8.286433105468750000e+02
1.728582382202148438e-02,1.658402343750000000e+03
1.727867126464843750e-02,1.359791183471679688e+01
1.727294921875000000e-02,3.754622192382812500e+02
1.727604866027832031e-02,2.743649658203125000e+03
3.289484977722167969e-02,2.896273803710937500e+02
2.842617034912109375e-02,1.663094360351562500e+03
1.804137229919433594e-02,1.028459625244140625e+02
1.576924324035644531e-02,0.000000000000000000e+00
5.453586578369140625e-03,5.085823364257812500e+02
1.730704307556152344e-02,2.676200195312500000e+03
1.727962493896484375e-02,3.159258117675781250e+02
1.727294921875000000e-02,4.550719909667968750e+02
1.727557182312011719e-02,1.947425781250000000e+03
1.727628707885742188e-02,6.766879272460937500e+02
1.726722717285156250e-02,1.638140380859375000e+03
1.727247238159179688e-02,7.977167358398437500e+02
1.725530624389648438e-02,1.512056030273437500e+03
1.727604866027832031e-02,3.557866821289062500e+02
1.729631423950195312e-02,2.505350341796875000e+03
1.730203628540039062e-02,1.838392944335937500e+02
1.724720001220703125e-02,1.617248840332031250e+02
1.727771759033203125e-02,-7.031896209716796875e+01
1.654386520385742188e-03,4.272476196289062500e+02
1.727581024169921875e-02,1.235350952148437500e+03
1.728653907775878906e-02,2.922437011718750000e+03
1.727581024169921875e-02,4.233436584472656250e+01
3.289365768432617188e-02,4.384501037597656250e+02
1.729440689086914062e-02,8.643258094787597656e+00
1.724934577941894531e-02,4.335319519042968750e+02
1.728653907775878906e-02,8.812802124023437500e+02
1.728653907775878906e-02,5.654222412109375000e+02
1.723337173461914062e-02,1.732112884521484375e+02
1.731586456298828125e-02,5.956301879882812500e+01
1.728987693786621094e-02,2.094462890625000000e+03
3.287053108215332031e-02,9.899999618530273438e+00
1.729679107666015625e-02,2.191608123779296875e+02
3.287577629089355469e-02,3.089445800781250000e+02
1.726865768432617188e-02,2.542407226562500000e+03
1.725625991821289062e-02,4.380760192871093750e+02
1.730346679687500000e-02,3.192445068359375000e+02
1.724743843078613281e-02,4.458474426269531250e+02
1.729631423950195312e-02,1.630996948242187500e+03
1.728677749633789062e-02,4.833682861328125000e+02
1.727557182312011719e-02,7.179193725585937500e+02
3.289413452148437500e-02,1.180997314453125000e+02
1.727509498596191406e-02,1.597266845703125000e+03
3.290438652038574219e-02,9.872088623046875000e+02
1.726627349853515625e-02,9.915704345703125000e+02
3.290319442749023438e-02,1.244690307617187500e+03
1.728391647338867188e-02,2.631792968750000000e+03
1.726055145263671875e-02,4.188004150390625000e+02
1.725053787231445312e-02,4.245027160644531250e+02
1.730728149414062500e-02,2.300556640625000000e+03
1.727843284606933594e-02,1.735004150390625000e+03
1.727867126464843750e-02,8.658928680419921875e+01
1.725983619689941406e-02,7.590159912109375000e+02
1.727485656738281250e-02,3.050863647460937500e+02
1.654386520385742188e-03,7.247553100585937500e+02
3.289699554443359375e-02,2.809743041992187500e+02
1.727557182312011719e-02,2.626709472656250000e+03
1.654386520385742188e-03,6.635323486328125000e+02
1.727604866027832031e-02,5.297798461914062500e+02
1.728630065917968750e-02,1.200187133789062500e+03
1.727628707885742188e-02,2.492070159912109375e+02
1.728034019470214844e-02,1.778177856445312500e+03
2.647876739501953125e-02,7.935286254882812500e+02
1.900291442871093750e-02,1.216911849975585938e+02
2.195715904235839844e-02,1.173503295898437500e+03
1.727008819580078125e-02,7.985960083007812500e+02
1.727867126464843750e-02,1.860643066406250000e+03
3.289699554443359375e-02,3.608744812011718750e+02
1.727271080017089844e-02,8.679616088867187500e+02
1.737093925476074219e-02,6.605970458984375000e+02
1.717233657836914062e-02,2.300531196594238281e+01
1.728773117065429688e-02,8.394581604003906250e+01
1.727533340454101562e-02,2.149042236328125000e+03
1.727604866027832031e-02,9.633880615234375000e+01
1.835536956787109375e-02,2.099343017578125000e+03
1.729822158813476562e-02,1.362952880859375000e+03
1.728391647338867188e-02,1.363844299316406250e+02
1.654386520385742188e-03,7.822600555419921875e+01
1.724767684936523438e-02,2.300968261718750000e+03
3.292679786682128906e-02,2.910462646484375000e+02
1.724648475646972656e-02,1.607503784179687500e+03
3.292536735534667969e-02,7.362433624267578125e+01
1.727294921875000000e-02,7.436111450195312500e+01
3.290534019470214844e-02,5.438196182250976562e+01
1.724219322204589844e-02,1.103890747070312500e+03
1.730656623840332031e-02,6.425784301757812500e+02
1.726436614990234375e-02,7.904644775390625000e+02
1.728701591491699219e-02,4.469667968750000000e+02
1.728725433349609375e-02,4.301713256835937500e+02
3.288412094116210938e-02,2.888153457641601562e+01
1.728868484497070312e-02,4.232994079589843750e+02
1.726603507995605469e-02,1.106158691406250000e+03
1.724314689636230469e-02,2.738948669433593750e+02
1.730632781982421875e-02,4.550613098144531250e+02
1.727557182312011719e-02,8.213354492187500000e+02
3.289985656738281250e-02,1.522582275390625000e+03
1.727271080017089844e-02,7.185223999023437500e+02
1.727128028869628906e-02,1.713970581054687500e+03
1.727724075317382812e-02,3.607364501953125000e+02
1.724672317504882812e-02,2.874117431640625000e+02
1.729679107666015625e-02,6.613663940429687500e+02
3.290820121765136719e-02,6.425738525390625000e+01
1.729631423950195312e-02,1.583096618652343750e+02
1.724481582641601562e-02,3.672667724609375000e+03
1.726078987121582031e-02,2.842700500488281250e+02
1.730442047119140625e-02,2.125075439453125000e+03
1.727271080017089844e-02,1.798940917968750000e+03
1.726412773132324219e-02,4.863017578125000000e+02
1.727604866027832031e-02,1.164491943359375000e+03
1.727581024169921875e-02,1.110943725585937500e+03
1.654386520385742188e-03,4.760348129272460938e+01
1.727485656738281250e-02,1.706614685058593750e+01
1.725602149963378906e-02,1.858388061523437500e+03
1.729607582092285156e-02,9.192561340332031250e+01
1.728653907775878906e-02,8.457725219726562500e+02
1.727581024169921875e-02,1.001290954589843750e+03
3.289484977722167969e-02,4.690291595458984375e+01
1.727795600891113281e-02,3.992307739257812500e+02
1.727437973022460938e-02,1.506420288085937500e+02
3.724741935729980469e-02,2.081100463867187500e+02
2.951550483703613281e-02,3.493331527709960938e+01
1.730513572692871094e-02,5.463903198242187500e+02
3.289818763732910156e-02,2.343085449218750000e+03
1.724529266357421875e-02,2.071227050781250000e+03
1.729607582092285156e-02,-1.440918594598770142e-01
1.728677749633789062e-02,1.029999971389770508e+00
1.727485656738281250e-02,1.248105102539062500e+03
1.727557182312011719e-02,1.004746948242187500e+03
1.726531982421875000e-02,4.401409301757812500e+02
1.727533340454101562e-02,-3.250397109985351562e+01
1.725649833679199219e-02,6.933892822265625000e+02
1.731705665588378906e-02,1.086253173828125000e+03
1.726317405700683594e-02,3.267729797363281250e+02
1.725053787231445312e-02,7.279578247070312500e+02
1.730465888977050781e-02,7.243493652343750000e+02
1.727557182312011719e-02,6.631660156250000000e+02
1.727342605590820312e-02,2.412876281738281250e+02
1.727795600891113281e-02,7.766704711914062500e+02
3.418898582458496094e-02,1.192480590820312500e+03
1.730012893676757812e-02,1.483623962402343750e+02
1.727604866027832031e-02,1.202664428710937500e+03
1.654386520385742188e-03,1.348051757812500000e+03
1.725578308105468750e-02,1.617124877929687500e+03
1.730728149414062500e-02,6.617704467773437500e+02
1.727414131164550781e-02,2.691397460937500000e+03
3.290033340454101562e-02,2.785000000000000000e+02
1.727342605590820312e-02,8.988023681640625000e+02
1.726531982421875000e-02,1.684284057617187500e+02
1.727437973022460938e-02,2.463451232910156250e+02
1.727628707885742188e-02,1.219374389648437500e+03
1.654386520385742188e-03,1.326821655273437500e+03
3.402733802795410156e-02,4.864563903808593750e+02
1.731014251708984375e-02,4.028834838867187500e+02
1.727724075317382812e-02,5.839478149414062500e+02
1.727628707885742188e-02,9.264888305664062500e+02
1.727509498596191406e-02,1.442117553710937500e+03
2.852058410644531250e-02,8.485498657226562500e+02
1.143145561218261719e-02,1.538599243164062500e+03
1.727604866027832031e-02,3.843582458496093750e+02
1.729702949523925781e-02,7.114112548828125000e+02
1.730537414550781250e-02,1.579689819335937500e+03
3.287887573242187500e-02,1.400140838623046875e+02
1.726579666137695312e-02,1.714839935302734375e+02
1.727318763732910156e-02,1.701066284179687500e+03
1.654386520385742188e-03,6.467390441894531250e+01
1.727628707885742188e-02,1.436285888671875000e+03
1.728653907775878906e-02,1.454126434326171875e+02
1.726436614990234375e-02,9.398648071289062500e+02
1.728653907775878906e-02,8.973975219726562500e+02
1.727557182312011719e-02,2.540428161621093750e+02
1.727604866027832031e-02,1.448319946289062500e+03
1.727581024169921875e-02,8.229259643554687500e+02
1.727581024169921875e-02,1.219657516479492188e+02
1.727581024169921875e-02,2.575764404296875000e+03
1.727604866027832031e-02,1.077254150390625000e+03
1.728034019470214844e-02,6.552906494140625000e+02
3.289532661437988281e-02,7.774973144531250000e+02
1.726913452148437500e-02,2.589450836181640625e+01
2.385187149047851562e-02,4.894842529296875000e+02
1.564836502075195312e-02,8.171322631835937500e+01
4.391431808471679688e-03,8.024238891601562500e+02
1.729655265808105469e-02,9.102334594726562500e+02
3.290653228759765625e-02,1.470040588378906250e+02
1.727461814880371094e-02,4.532749633789062500e+02
1.727747917175292969e-02,3.616875000000000000e+02
1.727676391601562500e-02,3.171525390625000000e+03
1.727581024169921875e-02,8.329965972900390625e+01
1.727747917175292969e-02,1.342187988281250000e+03
1.727342605590820312e-02,1.022534790039062500e+03
1.727628707885742188e-02,1.282016906738281250e+02
1.727557182312011719e-02,8.605304718017578125e+01
1.727557182312011719e-02,2.309922943115234375e+02
1.727581024169921875e-02,8.239176025390625000e+02
1.727557182312011719e-02,1.074504516601562500e+03
1.727795600891113281e-02,2.844015808105468750e+02
1.724243164062500000e-02,4.311359558105468750e+02
1.729607582092285156e-02,9.723532104492187500e+02
1.727533340454101562e-02,1.339444580078125000e+03
1.727581024169921875e-02,2.519758605957031250e+02
1.727557182312011719e-02,8.864719848632812500e+02
1.727676391601562500e-02,1.108864135742187500e+03
1.729297637939453125e-02,1.152534365653991699e+00
1.727199554443359375e-02,1.331337768554687500e+03
1.724100112915039062e-02,1.173279785156250000e+03
1.730990409851074219e-02,1.792444824218750000e+03
1.724171638488769531e-02,1.936092224121093750e+02
1.732444763183593750e-02,2.160877197265625000e+03
1.725697517395019531e-02,2.792213378906250000e+03
1.727652549743652344e-02,7.107880249023437500e+02
1.727700233459472656e-02,1.007998168945312500e+03
1.726388931274414062e-02,1.114972305297851562e+01
1.728868484497070312e-02,1.727535156250000000e+03
1.727366447448730469e-02,5.762651977539062500e+02
1.727652549743652344e-02,4.527229614257812500e+02
1.727557182312011719e-02,4.422457580566406250e+02
3.289461135864257812e-02,1.712103149414062500e+03
1.727581024169921875e-02,2.268197998046875000e+03
1.727700233459472656e-02,2.221410980224609375e+02
1.726651191711425781e-02,7.314836425781250000e+02
1.727485656738281250e-02,1.940675201416015625e+02
1.727581024169921875e-02,8.833412475585937500e+02
1.725506782531738281e-02,1.706466293334960938e+01
1.849198341369628906e-02,1.106419448852539062e+02
1.731061935424804688e-02,1.509072875976562500e+03
1.727533340454101562e-02,5.550385742187500000e+02
1.727557182312011719e-02,1.067414428710937500e+03
1.726460456848144531e-02,4.587720108032226562e+01
1.727676391601562500e-02,5.791534423828125000e+02
1.727437973022460938e-02,1.917080841064453125e+02
1.727533340454101562e-02,3.453952026367187500e+02
1.729893684387207031e-02,4.822795104980468750e+02
1.726222038269042969e-02,6.638484497070312500e+02
1.724696159362792969e-02,9.448178100585937500e+01
1.730608940124511719e-02,4.078571472167968750e+02
3.398728370666503906e-02,6.635713195800781250e+01
1.730704307556152344e-02,2.434684753417968750e+02
1.727747917175292969e-02,5.384780273437500000e+02
1.727747917175292969e-02,3.045798339843750000e+03
3.606724739074707031e-02,-1.071629238128662109e+01
2.309918403625488281e-02,2.787511587142944336e+00
1.687288284301757812e-02,7.704259033203125000e+02
8.401632308959960938e-03,1.376958740234375000e+03
1.727628707885742188e-02,8.212388305664062500e+02
1.729607582092285156e-02,3.127614257812500000e+03
1.727604866027832031e-02,4.148714599609375000e+02
1.727533340454101562e-02,9.026174926757812500e+02
1.725935935974121094e-02,6.323296508789062500e+02
3.292012214660644531e-02,1.535110595703125000e+03
1.729369163513183594e-02,1.840334472656250000e+03
3.287982940673828125e-02,3.166774291992187500e+02
1.654386520385742188e-03,6.744042358398437500e+02
1.833677291870117188e-02,8.621829223632812500e+02
1.731419563293457031e-02,1.075984573364257812e+02
1.727104187011718750e-02,5.220643920898437500e+02
1.727628707885742188e-02,-4.113538360595703125e+01
1.727485656738281250e-02,5.821686935424804688e+01
1.727581024169921875e-02,2.001772003173828125e+02
1.726531982421875000e-02,2.263304443359375000e+02
1.728606224060058594e-02,6.343551635742187500e+02
1.728796958923339844e-02,5.562589111328125000e+02
3.288102149963378906e-02,1.344320068359375000e+03
1.726865768432617188e-02,9.845679321289062500e+02
1.729893684387207031e-02,1.663241386413574219e+01
1.726174354553222656e-02,2.157407714843750000e+03
1.725649833679199219e-02,1.024678588867187500e+03
1.726508140563964844e-02,6.288181152343750000e+02
3.292679786682128906e-02,9.267406005859375000e+02
1.727581024169921875e-02,1.509561767578125000e+02
3.289699554443359375e-02,9.437492065429687500e+02
1.728177070617675781e-02,7.480073242187500000e+02
1.727104187011718750e-02,3.290631103515625000e+02
1.727867126464843750e-02,1.929782958984375000e+03
3.289437294006347656e-02,2.995404357910156250e+02
1.727318763732910156e-02,1.425084960937500000e+03
3.289985656738281250e-02,5.235543823242187500e+02
1.727890968322753906e-02,1.149768920898437500e+03
1.726150512695312500e-02,3.453085937500000000e+02
3.290796279907226562e-02,2.937800292968750000e+02
1.727604866027832031e-02,4.021752624511718750e+02
1.726484298706054688e-02,3.893067932128906250e+02
1.727557182312011719e-02,1.686694458007812500e+03
1.727652549743652344e-02,1.517959594726562500e+02
1.727533340454101562e-02,8.717242431640625000e+02
1.654386520385742188e-03,7.160390625000000000e+02
1.728820800781250000e-02,9.716566162109375000e+02
1.727366447448730469e-02,9.452262573242187500e+02
3.289747238159179688e-02,1.487178955078125000e+02
1.727223396301269531e-02,1.895198608398437500e+03
3.290057182312011719e-02,3.111471252441406250e+02
1.728701591491699219e-02,9.257922973632812500e+02
3.288435935974121094e-02,5.624334335327148438e+01
1.727747917175292969e-02,1.256305541992187500e+03
1.725864410400390625e-02,-2.361871004104614258e+00
1.974630355834960938e-02,5.910689086914062500e+02
2.600026130676269531e-02,3.385863342285156250e+02
2.052760124206542969e-02,1.348017700195312500e+03
1.728916168212890625e-02,4.741909179687500000e+02
1.851034164428710938e-02,1.100157958984375000e+03
1.731586456298828125e-02,4.799591979980468750e+02
1.726508140563964844e-02,1.080141845703125000e+03
1.728010177612304688e-02,9.710700073242187500e+02
1.727628707885742188e-02,8.645599975585937500e+02
3.289461135864257812e-02,3.228423690795898438e+01
1.727557182312011719e-02,4.141490173339843750e+02
1.728057861328125000e-02,1.824251586914062500e+03
1.727342605590820312e-02,2.085297851562500000e+03
1.727581024169921875e-02,7.752214355468750000e+02
1.727581024169921875e-02,1.465969848632812500e+03
1.727819442749023438e-02,1.482442871093750000e+03
1.838898658752441406e-02,2.967136955261230469e+01
1.731204986572265625e-02,7.524681396484375000e+02
1.726198196411132812e-02,2.251748085021972656e+00
3.290915489196777344e-02,8.081510620117187500e+02
1.724386215209960938e-02,1.375053100585937500e+03
3.292822837829589844e-02,7.265482788085937500e+02
1.724457740783691406e-02,8.500814819335937500e+02
1.729631423950195312e-02,8.865281677246093750e+01
1.729893684387207031e-02,8.605071411132812500e+02
3.288054466247558594e-02,1.088289794921875000e+03
1.729154586791992188e-02,7.070200195312500000e+02
1.726174354553222656e-02,2.623565063476562500e+02
3.288793563842773438e-02,5.214617309570312500e+02
1.654386520385742188e-03,6.313354492187500000e+02
3.290820121765136719e-02,5.990404052734375000e+02
1.727247238159179688e-02,6.463205566406250000e+02
1.727437973022460938e-02,7.140412597656250000e+02
1.728034019470214844e-02,5.369913940429687500e+02
3.289651870727539062e-02,2.762225341796875000e+02
1.727318763732910156e-02,2.945014953613281250e+02
3.289747238159179688e-02,5.378044433593750000e+02
1.727461814880371094e-02,5.742019042968750000e+02
1.726794242858886719e-02,2.622346435546875000e+03
1.725602149963378906e-02,3.259765869140625000e+03
1.729655265808105469e-02,3.956971435546875000e+02
1.730513572692871094e-02,2.279000091552734375e+01
1.725721359252929688e-02,1.554882446289062500e+03
1.727771759033203125e-02,1.112575805664062500e+03
1.727390289306640625e-02,1.243231933593750000e+03
1.726412773132324219e-02,4.600320739746093750e+02
1.727604866027832031e-02,5.219010543823242188e+01
1.654386520385742188e-03,1.172151733398437500e+03
1.727509498596191406e-02,1.599060913085937500e+03
1.725506782531738281e-02,4.953233032226562500e+02
1.727557182312011719e-02,1.366588012695312500e+03
1.727724075317382812e-02,1.676933837890625000e+03
1.730608940124511719e-02,1.389874267578125000e+02
1.727795600891113281e-02,6.682958984375000000e+02
1.727318763732910156e-02,4.067485961914062500e+02
1.727628707885742188e-02,4.481768798828125000e+02
3.388547897338867188e-02,6.614121704101562500e+02
2.247810363769531250e-02,1.606726196289062500e+03
1.675987243652343750e-02,8.624834594726562500e+02
1.124358177185058594e-02,2.592864990234375000e+03
1.729321479797363281e-02,1.675301879882812500e+03
3.290247917175292969e-02,1.716016479492187500e+03
1.727557182312011719e-02,3.243253479003906250e+02
1.727604866027832031e-02,2.561658477783203125e+01
1.727557182312011719e-02,2.445229492187500000e+02
1.727533340454101562e-02,2.970515136718750000e+02
1.727604866027832031e-02,1.435323608398437500e+03
1.727557182312011719e-02,3.358535156250000000e+03
1.727604866027832031e-02,4.037399902343750000e+02
1.727557182312011719e-02,1.520347167968750000e+03
1.727557182312011719e-02,9.448873291015625000e+02
1.654386520385742188e-03,1.135450561523437500e+03
3.289890289306640625e-02,7.513207397460937500e+02
1.727390289306640625e-02,1.422790161132812500e+03
3.289794921875000000e-02,4.306833648681640625e+01
1.727437973022460938e-02,1.608414428710937500e+03
3.289866447448730469e-02,7.065419921875000000e+02
1.727485656738281250e-02,2.023086914062500000e+03
1.727509498596191406e-02,2.824803771972656250e+02
1.727604866027832031e-02,1.558539916992187500e+03
1.727581024169921875e-02,1.028991577148437500e+03
1.727557182312011719e-02,5.333563613891601562e+01
1.908183097839355469e-02,2.262081787109375000e+03
1.727819442749023438e-02,5.550848388671875000e+02
1.727509498596191406e-02,1.976117797851562500e+03
1.727581024169921875e-02,8.698699340820312500e+02
1.654386520385742188e-03,6.959020385742187500e+02
1.727485656738281250e-02,1.251841552734375000e+03
1.727628707885742188e-02,2.972117919921875000e+02
3.289747238159179688e-02,9.460224609375000000e+02
1.727581024169921875e-02,2.898587646484375000e+02
1.727533340454101562e-02,8.290343627929687500e+02
1.727914810180664062e-02,5.045430297851562500e+02
3.289365768432617188e-02,1.348849945068359375e+02
1.837229728698730469e-02,7.336528320312500000e+02
1.727890968322753906e-02,8.551557617187500000e+02
3.289866447448730469e-02,8.661549072265625000e+02
1.727366447448730469e-02,1.573787109375000000e+03
1.727652549743652344e-02,1.868024749755859375e+02
1.727533340454101562e-02,3.409906616210937500e+02
1.727557182312011719e-02,9.671554565429687500e+02
3.289866447448730469e-02,2.121834716796875000e+02
1.727747917175292969e-02,1.220059448242187500e+03
1.727604866027832031e-02,9.598534545898437500e+02
3.289365768432617188e-02,5.417016983032226562e+01
1.727533340454101562e-02,6.419609985351562500e+02
1.727604866027832031e-02,2.216890625000000000e+03
1.727557182312011719e-02,8.834321899414062500e+02
1.727581024169921875e-02,6.590524291992187500e+02
1.727557182312011719e-02,1.122106323242187500e+03
1.727581024169921875e-02,2.556631347656250000e+03
1.727867126464843750e-02,3.686136169433593750e+02
1.727294921875000000e-02,1.693795898437500000e+03
4.106116294860839844e-02,5.970319824218750000e+02
6.158113479614257812e-03,1.951807495117187500e+03
3.291797637939453125e-02,1.134063491821289062e+02
1.728582382202148438e-02,5.291190147399902344e+00
1.727104187011718750e-02,2.944341125488281250e+02
3.290033340454101562e-02,1.995411071777343750e+02
1.727509498596191406e-02,1.092527709960937500e+03
3.289771080017089844e-02,6.272081909179687500e+02
1.728248596191406250e-02,9.335942840576171875e+01
3.289008140563964844e-02,4.468355712890625000e+02
1.727938652038574219e-02,8.876422729492187500e+02
3.289556503295898438e-02,9.651588439941406250e+01
1.727223396301269531e-02,3.585772991180419922e+00
1.728057861328125000e-02,1.731494506835937500e+03
1.727509498596191406e-02,1.258467559814453125e+02
1.726484298706054688e-02,1.242867797851562500e+03
1.728677749633789062e-02,1.480649414062500000e+02
1.726436614990234375e-02,4.148108520507812500e+02
1.654386520385742188e-03,9.007166748046875000e+02
1.727509498596191406e-02,5.325024414062500000e+02
1.725625991821289062e-02,3.414857177734375000e+02
1.730704307556152344e-02,6.001469726562500000e+02
3.289985656738281250e-02,1.317648468017578125e+02
1.724505424499511719e-02,3.162921386718750000e+03
3.292322158813476562e-02,9.439722290039062500e+02
1.728940010070800781e-02,1.612999877929687500e+03
3.288078308105468750e-02,8.929978637695312500e+02
1.729202270507812500e-02,2.726842956542968750e+02
3.288722038269042969e-02,2.588898315429687500e+02
1.726794242858886719e-02,1.272326736450195312e+02
3.290057182312011719e-02,7.962231445312500000e+02
1.727581024169921875e-02,8.448015136718750000e+02
1.727628707885742188e-02,2.029347534179687500e+02
1.727724075317382812e-02,4.027378234863281250e+02
1.726651191711425781e-02,4.657319641113281250e+02
1.727318763732910156e-02,7.340251159667968750e+01
3.290987014770507812e-02,9.619511718750000000e+02
1.727581024169921875e-02,5.154756469726562500e+02
1.726269721984863281e-02,1.781093994140625000e+03
1.728844642639160156e-02,1.444823974609375000e+03
1.726317405700683594e-02,1.250616455078125000e+03
1.654386520385742188e-03,2.072592041015625000e+03
3.462648391723632812e-02,6.983057403564453125e+01
1.727509498596191406e-02,1.258760253906250000e+03
1.727414131164550781e-02,6.170013427734375000e+02
1.727437973022460938e-02,2.252367210388183594e+01
1.727032661437988281e-02,1.403417236328125000e+03
1.727557182312011719e-02,-4.267950534820556641e+00
1.727581024169921875e-02,1.532000976562500000e+03
1.730632781982421875e-02,-5.040557861328125000e+00
1.727533340454101562e-02,2.176281494140625000e+03
1.725697517395019531e-02,3.089393798828125000e+03
1.727533340454101562e-02,7.084855346679687500e+02
1.800298690795898438e-02,4.177399902343750000e+02
1.874041557312011719e-02,9.553768157958984375e+01
1.435565948486328125e-02,4.535742187500000000e+02
1.991868019104003906e-02,1.656400024414062500e+03
1.786518096923828125e-02,1.537910614013671875e+02
1.736330986022949219e-02,2.186618347167968750e+02
1.730394363403320312e-02,7.470563964843750000e+02
1.724576950073242188e-02,7.577881813049316406e+00
1.730179786682128906e-02,1.390211547851562500e+03
3.290009498596191406e-02,9.638426513671875000e+02
1.727628707885742188e-02,1.108407348632812500e+03
3.289651870727539062e-02,1.561604614257812500e+02
1.724648475646972656e-02,2.218012847900390625e+02
3.292822837829589844e-02,2.092613769531250000e+03
1.727366447448730469e-02,2.763434143066406250e+02
1.726675033569335938e-02,2.569497070312500000e+02
1.727652549743652344e-02,1.839281127929687500e+03
1.725459098815917969e-02,1.330535400390625000e+03
1.727581024169921875e-02,1.359122680664062500e+03
1.732325553894042969e-02,9.446081542968750000e+02
1.722931861877441406e-02,1.352991699218750000e+03
1.730418205261230469e-02,9.593615722656250000e+01
3.289890289306640625e-02,2.791491088867187500e+02
1.727223396301269531e-02,3.370000076293945312e+01
1.728391647338867188e-02,4.004461975097656250e+02
1.727104187011718750e-02,2.133160888671875000e+03
1.726460456848144531e-02,1.346715698242187500e+02
1.654386520385742188e-03,2.024855346679687500e+03
1.725482940673828125e-02,1.064007492065429688e+02
1.730990409851074219e-02,1.199403564453125000e+03
1.727390289306640625e-02,8.680866699218750000e+02
1.726412773132324219e-02,2.988680419921875000e+02
1.725530624389648438e-02,7.787112712860107422e+00
1.729631423950195312e-02,6.778505859375000000e+02
3.290390968322753906e-02,1.349110717773437500e+02
1.728224754333496094e-02,1.503165740966796875e+02
1.727366447448730469e-02,8.211901245117187500e+02
1.729416847229003906e-02,4.080049514770507812e+01
3.287434577941894531e-02,2.081705566406250000e+03
1.729249954223632812e-02,2.822687721252441406e+01
3.288173675537109375e-02,2.240165039062500000e+03
1.727676391601562500e-02,1.768661743164062500e+03
1.727414131164550781e-02,2.635737037658691406e+01
1.727938652038574219e-02,2.163941894531250000e+03
1.726388931274414062e-02,2.570865722656250000e+03
3.290843963623046875e-02,7.673394775390625000e+01
1.727843284606933594e-02,3.474830245971679688e+01
1.724147796630859375e-02,3.958567199707031250e+02
1.730942726135253906e-02,7.546828613281250000e+02
1.724338531494140625e-02,9.607024536132812500e+02
1.730799674987792969e-02,2.093990631103515625e+02
1.727485656738281250e-02,3.379193420410156250e+02
1.727461814880371094e-02,2.831650878906250000e+03
1.726484298706054688e-02,8.407766723632812500e+02
1.654386520385742188e-03,7.210254669189453125e+01
1.727509498596191406e-02,8.147440185546875000e+02
1.727628707885742188e-02,4.178968811035156250e+02
1.725530624389648438e-02,8.606257324218750000e+02
3.256535530090332031e-02,3.958897399902343750e+02
1.537537574768066406e-02,1.022272399902343750e+03
1.730227470397949219e-02,4.526291198730468750e+02
1.728105545043945312e-02,1.254449707031250000e+03
1.726555824279785156e-02,2.885347900390625000e+03
1.654386520385742188e-03,1.840258216857910156e+01
1.728606224060058594e-02,3.545506347656250000e+03
1.727533340454101562e-02,1.543152832031250000e+03
1.726484298706054688e-02,4.707701110839843750e+02
1.727581024169921875e-02,1.236888061523437500e+03
1.725506782531738281e-02,1.884546020507812500e+03
1.897406578063964844e-02,1.668220901489257812e+01
1.730918884277343750e-02,8.437655639648437500e+02
1.726531982421875000e-02,9.944801025390625000e+02
1.654386520385742188e-03,3.059412231445312500e+02
3.290557861328125000e-02,1.188207397460937500e+03
1.728010177612304688e-02,3.840426025390625000e+02
1.726937294006347656e-02,4.432302551269531250e+02
1.728010177612304688e-02,1.835579681396484375e+02
1.727795600891113281e-02,9.778702545166015625e+01
1.727366447448730469e-02,1.648864013671875000e+03
1.726460456848144531e-02,7.216304779052734375e+01
1.728653907775878906e-02,5.490080566406250000e+02
1.727604866027832031e-02,3.118519592285156250e+02
1.830768585205078125e-02,1.954709594726562500e+03
1.727819442749023438e-02,1.623425292968750000e+03
1.733922958374023438e-02,-6.433418273925781250e+01
1.725220680236816406e-02,1.104063354492187500e+03
1.726746559143066406e-02,6.470705413818359375e+01
1.726484298706054688e-02,9.016951904296875000e+02
1.727485656738281250e-02,8.886240234375000000e+02
1.727652549743652344e-02,1.007989501953125000e+03
1.727557182312011719e-02,3.696844787597656250e+02
1.727509498596191406e-02,5.286719970703125000e+02
1.654386520385742188e-03,6.542460937500000000e+02
1.727628707885742188e-02,1.996912384033203125e+02
1.728844642639160156e-02,7.346287536621093750e+01
1.727485656738281250e-02,5.153392333984375000e+02
1.727533340454101562e-02,5.615686645507812500e+02
3.289699554443359375e-02,8.683132324218750000e+02
1.727128028869628906e-02,1.854659790039062500e+03
1.724815368652343750e-02,3.610931701660156250e+02
1.729607582092285156e-02,8.038406982421875000e+02
1.727604866027832031e-02,1.405988525390625000e+03
1.727533340454101562e-02,3.934357299804687500e+02
1.727890968322753906e-02,1.490806884765625000e+03
1.727247238159179688e-02,1.567674713134765625e+02
1.728010177612304688e-02,1.811617431640625000e+03
1.728272438049316406e-02,6.958803100585937500e+02
1.728749275207519531e-02,1.618746566772460938e+01
3.288078308105468750e-02,1.222973876953125000e+03
1.727008819580078125e-02,1.677955932617187500e+02
1.729798316955566406e-02,6.303701171875000000e+02
1.726102828979492188e-02,1.198242797851562500e+03
1.724624633789062500e-02,8.901522216796875000e+02
1.730847358703613281e-02,1.463854248046875000e+03
1.725101470947265625e-02,2.051268798828125000e+03
1.729941368103027344e-02,9.748140869140625000e+02
1.727533340454101562e-02,8.345100708007812500e+02
1.726603507995605469e-02,6.034390869140625000e+02
1.727485656738281250e-02,4.836703491210937500e+02
1.730537414550781250e-02,3.434192199707031250e+02
3.586959838867187500e-02,5.360093383789062500e+02
1.816582679748535156e-02,7.750402832031250000e+02
1.157474517822265625e-02,8.798925781250000000e+02
1.732492446899414062e-02,3.315803466796875000e+03
3.333425521850585938e-02,8.303701782226562500e+01
4.365444183349609375e-03,5.869263305664062500e+02
1.727628707885742188e-02,4.725605163574218750e+02
1.730680465698242188e-02,1.607265380859375000e+03
1.727652549743652344e-02,2.192673339843750000e+03
3.290176391601562500e-02,2.510032892227172852e+00
1.726961135864257812e-02,1.596163696289062500e+03
1.728034019470214844e-02,1.016995544433593750e+03
1.724195480346679688e-02,7.241838378906250000e+02
1.727533340454101562e-02,2.299501609802246094e+01
1.727557182312011719e-02,3.340519775390625000e+03
1.730704307556152344e-02,7.356793212890625000e+02
1.727509498596191406e-02,2.511515808105468750e+02
1.724457740783691406e-02,5.971424560546875000e+02
1.729559898376464844e-02,7.107266235351562500e+02
1.727604866027832031e-02,1.124147094726562500e+03
1.727557182312011719e-02,5.181042480468750000e+02
1.730513572692871094e-02,3.038213500976562500e+02
1.727771759033203125e-02,2.349076171875000000e+03
1.727390289306640625e-02,1.621892211914062500e+03
1.724600791931152344e-02,1.437543701171875000e+03
1.728677749633789062e-02,1.428832702636718750e+02
1.727795600891113281e-02,4.187007446289062500e+02
1.726365089416503906e-02,6.270496215820312500e+02
1.727461814880371094e-02,5.368803710937500000e+02
1.727581024169921875e-02,1.313034301757812500e+03
1.727581024169921875e-02,1.347046508789062500e+03
1.654386520385742188e-03,9.399965820312500000e+02
1.725602149963378906e-02,2.971939392089843750e+02
1.727581024169921875e-02,3.685428771972656250e+02
2.004694938659667969e-02,6.190419921875000000e+02
1.730966567993164062e-02,2.358300048828125000e+03
1.727843284606933594e-02,2.046010780334472656e+01
1.724147796630859375e-02,8.483111572265625000e+02
1.730704307556152344e-02,9.869036865234375000e+02
1.726555824279785156e-02,6.009973907470703125e+01
1.730442047119140625e-02,4.482291259765625000e+02
1.724839210510253906e-02,2.845359039306640625e+01
1.730394363403320312e-02,5.283012695312500000e+02
3.287649154663085938e-02,2.353396148681640625e+02
1.726675033569335938e-02,7.047578430175781250e+01
1.654386520385742188e-03,4.334444580078125000e+02
1.727628707885742188e-02,3.939355163574218750e+02
1.838803291320800781e-02,4.235984497070312500e+02
1.730990409851074219e-02,2.762019348144531250e+02
1.727581024169921875e-02,1.617802978515625000e+03
1.727628707885742188e-02,1.463861938476562500e+03
1.727509498596191406e-02,6.093649291992187500e+02
1.726460456848144531e-02,8.404412841796875000e+02
1.727914810180664062e-02,1.246850830078125000e+03
1.725482940673828125e-02,1.444067993164062500e+02
1.729321479797363281e-02,9.718045234680175781e+00
3.290796279907226562e-02,1.852087890625000000e+03
1.727271080017089844e-02,6.998138427734375000e+02
1.724863052368164062e-02,1.007863769531250000e+03
1.730585098266601562e-02,1.362580566406250000e+03
1.726484298706054688e-02,1.253931427001953125e+01
1.654386520385742188e-03,1.310700073242187500e+02
1.725578308105468750e-02,3.168487854003906250e+02
3.929638862609863281e-02,1.965026611328125000e+03
2.042508125305175781e-02,1.293563476562500000e+03
1.729702949523925781e-02,8.487777709960937500e+01
1.727461814880371094e-02,2.093536132812500000e+03
1.654386520385742188e-03,6.811140747070312500e+02
1.728701591491699219e-02,1.287867164611816406e+01
1.727581024169921875e-02,4.489669799804687500e+02
1.727604866027832031e-02,1.181252197265625000e+03
1.727867126464843750e-02,6.273409271240234375e+01
1.727676391601562500e-02,1.548852172851562500e+03
3.289127349853515625e-02,9.965491333007812500e+02
1.727414131164550781e-02,2.231203369140625000e+03
3.290319442749023438e-02,2.685107421875000000e+02
1.727318763732910156e-02,7.624736022949218750e+01
3.290152549743652344e-02,1.984183227539062500e+03
1.726722717285156250e-02,1.506513549804687500e+03
1.724791526794433594e-02,9.682713012695312500e+02
1.729607582092285156e-02,5.099025573730468750e+02
1.727628707885742188e-02,0.000000000000000000e+00
1.728796958923339844e-02,8.652754516601562500e+02
1.727652549743652344e-02,1.522906372070312500e+03
1.726245880126953125e-02,2.790826721191406250e+02
1.727533340454101562e-02,3.070261192321777344e+01
1.654386520385742188e-03,7.622860717773437500e+02
1.727581024169921875e-02,2.083162109375000000e+03
1.728725433349609375e-02,1.628104614257812500e+03
1.727581024169921875e-02,8.293549346923828125e+01
1.727581024169921875e-02,1.113498458862304688e+02
1.727509498596191406e-02,6.281997070312500000e+02
1.727581024169921875e-02,1.175758300781250000e+03
1.726460456848144531e-02,7.058994750976562500e+02
1.727557182312011719e-02,5.271525268554687500e+02
1.727533340454101562e-02,2.863476181030273438e+01
1.725602149963378906e-02,4.851158142089843750e+02
1.732540130615234375e-02,4.282977600097656250e+02
1.722621917724609375e-02,2.137310180664062500e+02
1.727533340454101562e-02,4.378811035156250000e+02
3.292703628540039062e-02,4.202874450683593750e+02
1.727795600891113281e-02,2.056160545349121094e+01
1.728701591491699219e-02,3.763154541015625000e+03
3.288173675537109375e-02,1.122725219726562500e+03
1.726913452148437500e-02,1.400194091796875000e+03
1.654386520385742188e-03,1.019546997070312500e+03
3.289747238159179688e-02,2.034556579589843750e+01
1.728272438049316406e-02,6.409514160156250000e+02
1.727485656738281250e-02,2.701294708251953125e+01
1.727938652038574219e-02,6.026871109008789062e+01
1.727581024169921875e-02,8.951540527343750000e+02
3.289985656738281250e-02,8.136579589843750000e+02
1.726961135864257812e-02,1.010978240966796875e+02
1.727700233459472656e-02,4.379668426513671875e+01
1.726603507995605469e-02,5.661455078125000000e+02
1.843881607055664062e-02,1.040041809082031250e+02
1.728224754333496094e-02,4.635815124511718750e+02
1.732492446899414062e-02,1.129884643554687500e+03
1.727247238159179688e-02,1.803376831054687500e+03
1.726508140563964844e-02,1.269305786132812500e+03
1.732325553894042969e-02,1.022332092285156250e+03
1.719236373901367188e-02,3.093604125976562500e+02
4.388260841369628906e-02,4.035904541015625000e+02
2.175807952880859375e-02,1.922688110351562500e+03
1.728415489196777344e-02,5.579285278320312500e+02
2.048587799072265625e-02,2.779300231933593750e+02
1.904892921447753906e-02,4.774093627929687500e+02
2.580904960632324219e-02,2.232031005859375000e+03
2.331924438476562500e-02,5.519711303710937500e+02
1.844573020935058594e-02,5.000000074505805969e-02
1.871562004089355469e-02,-2.949809646606445312e+01
1.573801040649414062e-02,7.975317382812500000e+02
1.675105094909667969e-02,1.752501464843750000e+03
1.846146583557128906e-02,5.237831497192382812e+01
1.838612556457519531e-02,1.297350597381591797e+01
1.902318000793457031e-02,1.851080169677734375e+02
2.605652809143066406e-02,2.003784027099609375e+02
2.272558212280273438e-02,1.883099487304687500e+03
1.805758476257324219e-02,9.033704833984375000e+02
1.888298988342285156e-02,1.429485107421875000e+03
1.572966575622558594e-02,1.512644775390625000e+03
1.639914512634277344e-02,1.159785400390625000e+03
1.839375495910644531e-02,3.727480163574218750e+02
1.822829246520996094e-02,2.576516845703125000e+03
1.840686798095703125e-02,4.494175720214843750e+02
2.803206443786621094e-02,3.032455444335937500e+02
2.120542526245117188e-02,1.719916137695312500e+03
1.575040817260742188e-02,2.710914611816406250e+02
1.902914047241210938e-02,1.625080810546875000e+03
1.795887947082519531e-02,1.255355590820312500e+03
6.419181823730468750e-03,1.593143188476562500e+03
1.730799674987792969e-02,8.122529907226562500e+02
1.726436614990234375e-02,1.107529449462890625e+02
1.725530624389648438e-02,1.061088371276855469e+01
1.729583740234375000e-02,1.942424072265625000e+03
1.725578308105468750e-02,7.539858398437500000e+02
1.729583740234375000e-02,1.369804077148437500e+02
1.727533340454101562e-02,4.525198364257812500e+02
1.727604866027832031e-02,1.916478393554687500e+03
1.727628707885742188e-02,3.533517761230468750e+02
3.288245201110839844e-02,4.681127319335937500e+02
1.729750633239746094e-02,2.925539550781250000e+02
1.840138435363769531e-02,3.103807983398437500e+02
1.732587814331054688e-02,2.233095169067382812e+01
3.287768363952636719e-02,9.522779541015625000e+02
1.724696159362792969e-02,1.628718017578125000e+03
1.730823516845703125e-02,2.057395996093750000e+03
1.724433898925781250e-02,9.411043701171875000e+02
1.731681823730468750e-02,2.187569885253906250e+02
3.288340568542480469e-02,8.504412231445312500e+02
1.728367805480957031e-02,1.587327392578125000e+03
1.728367805480957031e-02,1.092325927734375000e+03
1.726341247558593750e-02,9.650195312500000000e+02
1.727604866027832031e-02,2.802043457031250000e+03
1.727557182312011719e-02,3.284687500000000000e+03
1.727557182312011719e-02,1.425122070312500000e+02
1.727581024169921875e-02,4.966460876464843750e+02
1.727771759033203125e-02,6.002742309570312500e+02
3.532552719116210938e-02,1.643281097412109375e+02
1.521635055541992188e-02,-3.954355239868164062e+01
3.291940689086914062e-02,5.765131835937500000e+02
1.728796958923339844e-02,8.880179443359375000e+02
1.727008819580078125e-02,7.318816528320312500e+02
1.724720001220703125e-02,3.173300048828125000e+03
1.730728149414062500e-02,1.881724487304687500e+03
1.727533340454101562e-02,6.059165191650390625e+01
1.727604866027832031e-02,2.709199951171875000e+03
1.727533340454101562e-02,3.254207153320312500e+02
3.289771080017089844e-02,3.426678466796875000e+02
1.727104187011718750e-02,1.859000015258789062e+01
1.726889610290527344e-02,2.108233795166015625e+02
1.865530014038085938e-02,1.511973754882812500e+03
1.730990409851074219e-02,2.691480827331542969e+01
1.727557182312011719e-02,6.685190429687500000e+02
1.727557182312011719e-02,1.762042236328125000e+03
1.727628707885742188e-02,6.005363464355468750e+01
1.727628707885742188e-02,1.311051025390625000e+03
1.724457740783691406e-02,2.131548828125000000e+03
1.730418205261230469e-02,5.845182495117187500e+02
3.975868225097656250e-02,7.729380798339843750e+01
1.649498939514160156e-02,2.799493896484375000e+03
1.665759086608886719e-02,1.358432373046875000e+03
2.549338340759277344e-02,3.665777893066406250e+02
2.860260009765625000e-02,3.047604370117187500e+02
1.899957656860351562e-02,3.329797607421875000e+03
3.217935562133789062e-03,3.061997985839843750e+02
1.727676391601562500e-02,-4.653724670410156250e+00
3.289866447448730469e-02,7.220435180664062500e+02
1.730251312255859375e-02,4.538985900878906250e+02
1.727652549743652344e-02,4.121373596191406250e+02
1.726651191711425781e-02,2.316943854093551636e-01
3.291487693786621094e-02,6.524985351562500000e+02
1.726508140563964844e-02,2.177772705078125000e+03
3.290081024169921875e-02,5.383616943359375000e+02
1.727247238159179688e-02,2.325749359130859375e+02
1.726794242858886719e-02,9.242783813476562500e+02
3.290987014770507812e-02,9.027401733398437500e+01
1.726293563842773438e-02,4.985129394531250000e+02
1.730108261108398438e-02,4.437542724609375000e+01
3.287887573242187500e-02,7.256190795898437500e+02
1.729226112365722656e-02,8.874736328125000000e+02
1.726150512695312500e-02,9.947362670898437500e+02
1.724624633789062500e-02,1.261264770507812500e+03
3.292417526245117188e-02,1.370755126953125000e+03
1.724815368652343750e-02,1.482278076171875000e+03
1.654386520385742188e-03,7.717642822265625000e+02
1.729631423950195312e-02,9.680824584960937500e+02
1.728653907775878906e-02,2.539744110107421875e+02
1.727581024169921875e-02,1.412648468017578125e+02
3.290057182312011719e-02,3.199160400390625000e+03
1.726961135864257812e-02,1.433022613525390625e+02
2.883672714233398438e-02,9.257327880859375000e+02
1.780533790588378906e-02,4.354193115234375000e+02
7.682323455810546875e-03,1.336604492187500000e+03
1.730775833129882812e-02,1.765087890625000000e+03
1.727128028869628906e-02,5.555142974853515625e+01
1.726913452148437500e-02,1.219047729492187500e+03
2.351021766662597656e-02,3.352665405273437500e+02
1.635956764221191406e-02,4.277459106445312500e+02
1.731920242309570312e-02,1.056281738281250000e+03
3.288125991821289062e-02,3.183927612304687500e+02
1.727771759033203125e-02,1.397312622070312500e+03
1.727509498596191406e-02,7.662904052734375000e+02
1.727604866027832031e-02,8.267208862304687500e+02
1.727819442749023438e-02,1.203175735473632812e+02
1.727628707885742188e-02,6.951755981445312500e+02
3.289890289306640625e-02,1.383817626953125000e+03
1.727056503295898438e-02,4.981389770507812500e+02
1.728320121765136719e-02,2.893627014160156250e+02
3.288936614990234375e-02,1.187584495544433594e+01
3.289985656738281250e-02,5.083865356445312500e+02
1.727700233459472656e-02,1.265364501953125000e+03
1.729321479797363281e-02,7.538638916015625000e+02
3.287506103515625000e-02,2.202795594930648804e-01
1.728153228759765625e-02,8.367141113281250000e+02
1.726269721984863281e-02,7.345807495117187500e+02
1.727581024169921875e-02,2.151618164062500000e+03
1.727795600891113281e-02,1.821292724609375000e+03
1.729631423950195312e-02,9.245900878906250000e+02
1.726174354553222656e-02,6.846582641601562500e+02
1.724720001220703125e-02,8.729321899414062500e+02
1.727557182312011719e-02,1.863799072265625000e+03
1.730799674987792969e-02,1.586846435546875000e+03
1.727366447448730469e-02,3.356035156250000000e+02
1.727843284606933594e-02,2.094219360351562500e+02
1.888751983642578125e-02,9.392509155273437500e+02
1.729846000671386719e-02,2.122381835937500000e+03
1.727652549743652344e-02,8.491290283203125000e+02
3.290748596191406250e-02,9.566737060546875000e+02
1.727318763732910156e-02,1.114938232421875000e+03
1.725602149963378906e-02,1.436824096679687500e+03
1.726675033569335938e-02,3.490099792480468750e+02
1.730823516845703125e-02,6.895580291748046875e+01
1.724386215209960938e-02,1.356366943359375000e+03
1.730728149414062500e-02,8.672519531250000000e+02
1.727581024169921875e-02,1.209892700195312500e+03
1.727485656738281250e-02,3.501799804687500000e+03
1.837110519409179688e-02,4.518442382812500000e+02
1.654386520385742188e-03,7.203536987304687500e+01
1.731014251708984375e-02,3.283187866210937500e+02
1.727509498596191406e-02,6.432568969726562500e+02
3.289651870727539062e-02,-4.857071304321289062e+01
1.724410057067871094e-02,1.443953247070312500e+03
3.292918205261230469e-02,9.452846069335937500e+02
1.727867126464843750e-02,1.375985473632812500e+03
1.726531982421875000e-02,1.684212493896484375e+02
1.728343963623046875e-02,0.000000000000000000e+00
1.912236213684082031e-02,3.137942871093750000e+03
1.622867584228515625e-02,1.669606567382812500e+03
8.359432220458984375e-03,8.027612915039062500e+02
1.729679107666015625e-02,1.831890136718750000e+03
1.729583740234375000e-02,2.003796264648437500e+03
1.728510856628417969e-02,2.447299072265625000e+03
3.287458419799804688e-02,2.683270751953125000e+03
1.729154586791992188e-02,9.089513549804687500e+02
3.288078308105468750e-02,1.306712402343750000e+03
1.654386520385742188e-03,1.555277587890625000e+03
1.724886894226074219e-02,9.311962890625000000e+02
1.729583740234375000e-02,1.406513427734375000e+03
3.287768363952636719e-02,1.476413330078125000e+03
1.727485656738281250e-02,5.552500000000000000e+02
1.727652549743652344e-02,1.317983520507812500e+03
1.727533340454101562e-02,4.525148925781250000e+02
1.727581024169921875e-02,1.034346313476562500e+03
3.289747238159179688e-02,1.502149902343750000e+03
1.728534698486328125e-02,5.678012847900390625e+01
1.726555824279785156e-02,3.308363037109375000e+02
1.727509498596191406e-02,3.056520652770996094e+01
1.727747917175292969e-02,2.865903076171875000e+03
3.289556503295898438e-02,6.589439086914062500e+02
1.727676391601562500e-02,5.062968750000000000e+02
1.728177070617675781e-02,8.141463279724121094e+00
1.726818084716796875e-02,7.417174072265625000e+02
1.727700233459472656e-02,3.801261901855468750e+02
3.289628028869628906e-02,3.006973266601562500e+02
1.510572433471679688e-02,9.563808441162109375e+01
1.727938652038574219e-02,2.253216705322265625e+02
1.730704307556152344e-02,4.809198303222656250e+02
1.727485656738281250e-02,1.364601593017578125e+02
1.727604866027832031e-02,1.642960937500000000e+03
1.727819442749023438e-02,-2.735279560089111328e+00
1.726293563842773438e-02,1.589499633789062500e+03
1.728153228759765625e-02,6.957440185546875000e+01
1.726913452148437500e-02,1.563490478515625000e+03
1.654386520385742188e-03,2.082506347656250000e+03
1.727557182312011719e-02,8.665084838867187500e+02
3.291082382202148438e-02,7.450970458984375000e+02
1.727414131164550781e-02,1.514345825195312500e+03
1.837754249572753906e-02,6.280776977539062500e+02
1.730012893676757812e-02,1.276172790527343750e+02
3.290653228759765625e-02,4.432538452148437500e+02
1.727843284606933594e-02,5.439715862274169922e+00
1.726245880126953125e-02,7.869346923828125000e+02
1.727628707885742188e-02,2.683870887756347656e+01
1.728701591491699219e-02,2.343818603515625000e+03
1.729273796081542969e-02,7.588419189453125000e+02
3.287506103515625000e-02,1.199186157226562500e+03
1.726841926574707031e-02,1.530211059570312500e+03
1.726245880126953125e-02,1.900546386718750000e+03
1.731705665588378906e-02,2.059625244140625000e+03
3.287839889526367188e-02,5.590139389038085938e+01
1.727461814880371094e-02,1.620809082031250000e+03
3.436326980590820312e-02,1.698494720458984375e+02
2.319836616516113281e-02,2.861473388671875000e+02
1.968455314636230469e-02,-2.036894321441650391e+00
1.056098937988281250e-02,5.812203369140625000e+02
1.729679107666015625e-02,6.484470214843750000e+02
1.727581024169921875e-02,9.314550018310546875e+01
1.727557182312011719e-02,6.415167236328125000e+02
1.728653907775878906e-02,5.487041015625000000e+02
2.854657173156738281e-02,1.137740554809570312e+02
1.235103607177734375e-02,1.066033935546875000e+03
1.730751991271972656e-02,3.416464233398437500e+02
1.726412773132324219e-02,9.206337890625000000e+02
1.728653907775878906e-02,1.244430389404296875e+02
1.835942268371582031e-02,3.493886108398437500e+02
3.293395042419433594e-02,1.751097900390625000e+03
1.728749275207519531e-02,6.210206298828125000e+02
3.288125991821289062e-02,6.690312027931213379e-01
1.727128028869628906e-02,2.259388580322265625e+02
1.654386520385742188e-03,9.931188964843750000e+02
1.727294921875000000e-02,1.241075439453125000e+03
1.729202270507812500e-02,8.373017578125000000e+02
1.727294921875000000e-02,7.499440917968750000e+02
1.727271080017089844e-02,8.324180297851562500e+02
1.727652549743652344e-02,2.068615478515625000e+03
1.724410057067871094e-02,5.466743774414062500e+02
1.727676391601562500e-02,1.672365844726562500e+03
1.727437973022460938e-02,4.694667053222656250e+02
1.732540130615234375e-02,3.312307434082031250e+02
1.726651191711425781e-02,2.304350280761718750e+02
1.728582382202148438e-02,4.315028686523437500e+02
1.724648475646972656e-02,2.847671813964843750e+02
1.728606224060058594e-02,1.806124267578125000e+03
1.729226112365722656e-02,1.086623168945312500e+03
3.288221359252929688e-02,1.523478698730468750e+02
1.654386520385742188e-03,4.426732177734375000e+02
3.289604187011718750e-02,2.503256530761718750e+02
1.727604866027832031e-02,2.858614196777343750e+02
3.289365768432617188e-02,8.701026000976562500e+02
1.729655265808105469e-02,6.880720825195312500e+02
1.727604866027832031e-02,2.743365287780761719e+01
1.727509498596191406e-02,5.797432861328125000e+02
3.287529945373535156e-02,9.966372680664062500e+02
1.729416847229003906e-02,2.900591552734375000e+03
3.287816047668457031e-02,7.214116821289062500e+02
1.726937294006347656e-02,3.166909484863281250e+02
1.729869842529296875e-02,1.317868896484375000e+03
3.288340568542480469e-02,2.291901245117187500e+02
1.726579666137695312e-02,3.903778381347656250e+02
1.727724075317382812e-02,7.642197875976562500e+02
1.654386520385742188e-03,1.556947174072265625e+02
1.877999305725097656e-02,6.299239397048950195e-01
1.731061935424804688e-02,5.998082275390625000e+02
1.727581024169921875e-02,6.596066284179687500e+02
1.727461814880371094e-02,9.125452880859375000e+02
1.726484298706054688e-02,1.332406005859375000e+03
3.290796279907226562e-02,4.696750793457031250e+02
1.727843284606933594e-02,2.341699829101562500e+02
1.727390289306640625e-02,4.619012756347656250e+02
1.996898651123046875e-02,5.149592208862304688e+01
1.873683929443359375e-02,2.756595458984375000e+02
4.081964492797851562e-03,1.087215576171875000e+03
1.730775833129882812e-02,3.115700073242187500e+02
1.727581024169921875e-02,1.754621124267578125e+01
1.727604866027832031e-02,7.178907012939453125e+01
1.836347579956054688e-02,1.514900024414062500e+03
1.731014251708984375e-02,1.896289428710937500e+03
1.727533340454101562e-02,3.651029357910156250e+02
1.726484298706054688e-02,2.045052490234375000e+03
1.727604866027832031e-02,2.531253173828125000e+03
1.729822158813476562e-02,1.222173828125000000e+03
3.288269042968750000e-02,4.754691314697265625e+01
1.727581024169921875e-02,2.183023437500000000e+03
1.727890968322753906e-02,2.531064605712890625e+01
1.727056503295898438e-02,1.591619750976562500e+03
1.728296279907226562e-02,4.151246337890625000e+02
1.727604866027832031e-02,9.547569580078125000e+02
1.727294921875000000e-02,1.574448120117187500e+03
1.727795600891113281e-02,4.567633819580078125e+01
1.726198196411132812e-02,2.907659912109375000e+02
1.727581024169921875e-02,2.360916503906250000e+03
1.871180534362792969e-02,3.143733398437500000e+03
1.730418205261230469e-02,1.057453857421875000e+03
1.727199554443359375e-02,4.350174865722656250e+02
1.727342605590820312e-02,5.977856445312500000e+01
1.727795600891113281e-02,8.850359497070312500e+02
1.727390289306640625e-02,2.089923858642578125e+02
1.727914810180664062e-02,2.423665466308593750e+02
1.654386520385742188e-03,1.503063964843750000e+03
1.725220680236816406e-02,1.373479370117187500e+03
1.727581024169921875e-02,8.509630126953125000e+02
1.729536056518554688e-02,1.340336181640625000e+03
1.727604866027832031e-02,7.502829589843750000e+02
1.727628707885742188e-02,5.943060684204101562e+01
1.727557182312011719e-02,9.736856689453125000e+02
1.840209960937500000e-02,8.354613037109375000e+02
1.729846000671386719e-02,7.022926635742187500e+02
1.725554466247558594e-02,5.070902633666992188e+01
1.729583740234375000e-02,1.287096710205078125e+02
1.727557182312011719e-02,1.703727905273437500e+03
3.290462493896484375e-02,1.038294799804687500e+03
1.726889610290527344e-02,4.347851867675781250e+02
1.728248596191406250e-02,2.537337646484375000e+03
1.726913452148437500e-02,3.367514419555664062e+01
1.730298995971679688e-02,1.951528808593750000e+03
3.287625312805175781e-02,6.271591796875000000e+02
1.654386520385742188e-03,7.190280151367187500e+02
1.726865768432617188e-02,4.771811523437500000e+02
1.728677749633789062e-02,2.955643310546875000e+02
1.728105545043945312e-02,-1.641516685485839844e+00
1.727175712585449219e-02,2.850181579589843750e+02
3.289604187011718750e-02,9.661147460937500000e+02
1.727795600891113281e-02,3.056432495117187500e+02
1.726293563842773438e-02,1.494659301757812500e+03
3.290390968322753906e-02,1.015142761230468750e+03
1.725125312805175781e-02,2.786216735839843750e+02
3.292155265808105469e-02,1.045159301757812500e+02
1.726865768432617188e-02,1.056608398437500000e+03
1.727509498596191406e-02,8.656238403320312500e+02
1.654386520385742188e-03,7.770105590820312500e+02
3.115105628967285156e-02,2.701175842285156250e+02
1.622271537780761719e-02,5.848905639648437500e+02
1.729726791381835938e-02,9.098877563476562500e+02
1.654386520385742188e-03,8.473133087158203125e+01
1.728582382202148438e-02,-7.665174865722656250e+01
1.726460456848144531e-02,3.533120346069335938e+01
1.728701591491699219e-02,3.797941284179687500e+02
1.726460456848144531e-02,2.003528289794921875e+02
4.038810729980468750e-02,3.508681640625000000e+02
1.828169822692871094e-02,1.047027099609375000e+03
1.730608940124511719e-02,1.216421508789062500e+02
1.732134819030761719e-02,2.778784179687500000e+02
1.726531982421875000e-02,1.572546752929687500e+03
1.727557182312011719e-02,6.990581512451171875e+01
1.727557182312011719e-02,6.443408813476562500e+02
1.726460456848144531e-02,3.890000104904174805e+00
1.725530624389648438e-02,2.077421722412109375e+02
1.729607582092285156e-02,1.398903686523437500e+03
1.654386520385742188e-03,4.230440979003906250e+02
1.725530624389648438e-02,1.583594512939453125e+02
1.727581024169921875e-02,6.749581909179687500e+02
1.730656623840332031e-02,5.262116088867187500e+02
1.727914810180664062e-02,1.329754882812500000e+03
1.727294921875000000e-02,3.527242736816406250e+02
3.289771080017089844e-02,2.290701751708984375e+02
1.727676391601562500e-02,1.645123657226562500e+03
1.724267005920410156e-02,9.838753662109375000e+02
1.727604866027832031e-02,5.906645584106445312e+01
3.293108940124511719e-02,2.537375244140625000e+03
1.727461814880371094e-02,8.504456176757812500e+02
1.726984977722167969e-02,6.518859252929687500e+02
3.290152549743652344e-02,9.532233886718750000e+02
1.727128028869628906e-02,1.929375488281250000e+03
1.726818084716796875e-02,1.699477172851562500e+03
1.733613014221191406e-02,2.880264892578125000e+03
1.724553108215332031e-02,1.280814453125000000e+03
1.722526550292968750e-02,3.186463356018066406e+01
1.727652549743652344e-02,8.540706787109375000e+02
1.727604866027832031e-02,7.295004882812500000e+02
1.727557182312011719e-02,1.396688232421875000e+03
1.728343963623046875e-02,9.763455810546875000e+02
1.726722717285156250e-02,3.988909301757812500e+02
1.730775833129882812e-02,1.653561889648437500e+03
2.003479003906250000e-02,3.172020996093750000e+03
1.730060577392578125e-02,6.869546508789062500e+02
1.730322837829589844e-02,3.033952474594116211e+00
3.289103507995605469e-02,1.215991210937500000e+03
1.726174354553222656e-02,2.445137786865234375e+01
1.727366447448730469e-02,2.839968872070312500e+02
1.726818084716796875e-02,1.269529052734375000e+03
1.728677749633789062e-02,1.196380981445312500e+03
1.727652549743652344e-02,9.159682006835937500e+02
1.727557182312011719e-02,1.533935302734375000e+03
1.724386215209960938e-02,8.196692504882812500e+02
3.405261039733886719e-02,1.457120117187500000e+03
1.732325553894042969e-02,8.581420135498046875e+01
3.288078308105468750e-02,2.840080566406250000e+02
1.727914810180664062e-02,1.486734497070312500e+03
2.016568183898925781e-02,3.992778625488281250e+02
1.787209510803222656e-02,2.209305114746093750e+02
1.801061630249023438e-02,2.857558898925781250e+02
1.654386520385742188e-03,7.228688354492187500e+02
1.725506782531738281e-02,6.661718139648437500e+02
3.292608261108398438e-02,2.222624053955078125e+02
1.727581024169921875e-02,1.791373535156250000e+03
1.727700233459472656e-02,1.344892578125000000e+03
1.727700233459472656e-02,7.538370971679687500e+02
1.727557182312011719e-02,1.371853271484375000e+03
3.290128707885742188e-02,1.812895202636718750e+02
1.726818084716796875e-02,3.269877929687500000e+02
1.726865768432617188e-02,2.614669189453125000e+02
1.727557182312011719e-02,8.176326293945312500e+02
1.728630065917968750e-02,5.672591552734375000e+02
1.726484298706054688e-02,2.029695129394531250e+02
1.730346679687500000e-02,2.223916992187500000e+03
3.287696838378906250e-02,1.987930297851562500e+03
1.727819442749023438e-02,1.604430297851562500e+03
1.727509498596191406e-02,9.232561492919921875e+01
3.289580345153808594e-02,3.870771484375000000e+02
1.727557182312011719e-02,1.622086303710937500e+03
1.727747917175292969e-02,9.959134521484375000e+02
1.728010177612304688e-02,5.108812561035156250e+02
1.727247238159179688e-02,4.989824523925781250e+02
1.726913452148437500e-02,7.000790405273437500e+01
3.290462493896484375e-02,2.585520324707031250e+02
1.727175712585449219e-02,7.536286010742187500e+02
1.727676391601562500e-02,2.798568725585937500e+02
1.726722717285156250e-02,1.745154663085937500e+03
1.728701591491699219e-02,5.708744812011718750e+01
1.725840568542480469e-02,2.807757568359375000e+03
1.729226112365722656e-02,3.740907897949218750e+02
1.726460456848144531e-02,1.174100097656250000e+03
1.727581024169921875e-02,9.087744140625000000e+02
1.727533340454101562e-02,1.106790649414062500e+03
1.654386520385742188e-03,1.406890625000000000e+03
1.727628707885742188e-02,5.179151535034179688e+01
1.728725433349609375e-02,7.648920898437500000e+02
1.726412773132324219e-02,2.828402099609375000e+02
1.727533340454101562e-02,7.146557617187500000e+02
1.727700233459472656e-02,3.062354736328125000e+02
3.290677070617675781e-02,9.110433197021484375e+01
1.727318763732910156e-02,2.203802032470703125e+02
1.727724075317382812e-02,7.093897705078125000e+02
3.290200233459472656e-02,2.002101074218750000e+03
1.727008819580078125e-02,2.227492523193359375e+02
3.289914131164550781e-02,4.691445617675781250e+02
1.727151870727539062e-02,8.752838134765625000e+02
1.726865768432617188e-02,1.541380859375000000e+03
1.725649833679199219e-02,4.689995727539062500e+02
1.730632781982421875e-02,2.799121093750000000e+03
1.727819442749023438e-02,-2.870727920532226562e+01
1.727390289306640625e-02,3.109717102050781250e+02
1.728010177612304688e-02,4.726332397460937500e+02
1.725959777832031250e-02,1.549536254882812500e+03
1.727581024169921875e-02,2.976496337890625000e+03
1.654386520385742188e-03,1.852580444335937500e+03
1.728796958923339844e-02,1.372348266601562500e+03
2.850365638732910156e-02,2.727629394531250000e+02
1.208996772766113281e-02,9.922987365722656250e+01
1.332473754882812500e-02,1.109278182983398438e+02
1.727271080017089844e-02,3.928984069824218750e+02
1.847171783447265625e-02,5.117109069824218750e+02
1.729512214660644531e-02,1.399758544921875000e+03
1.726055145263671875e-02,1.038096923828125000e+03
1.727414131164550781e-02,1.044402343750000000e+03
1.729702949523925781e-02,1.488833740234375000e+03
2.644491195678710938e-02,2.849980773925781250e+02
1.524782180786132812e-02,2.350828552246093750e+02
1.733851432800292969e-02,2.073995399475097656e+01
1.724481582641601562e-02,2.708382263183593750e+02
3.289675712585449219e-02,1.206917190551757812e+02
1.726555824279785156e-02,1.174492919921875000e+03
1.654386520385742188e-03,6.329910888671875000e+02
1.727819442749023438e-02,8.220725708007812500e+02
1.727271080017089844e-02,6.289237060546875000e+02
1.837611198425292969e-02,-5.009569644927978516e+00
1.731014251708984375e-02,1.960195190429687500e+03
1.727581024169921875e-02,2.259002685546875000e+03
3.289628028869628906e-02,1.751702880859375000e+02
1.727342605590820312e-02,1.165364135742187500e+03
1.728057861328125000e-02,9.023095703125000000e+01
1.727390289306640625e-02,3.605080566406250000e+03
1.727819442749023438e-02,5.675457763671875000e+02
1.726174354553222656e-02,1.863171234130859375e+02
3.290843963623046875e-02,3.361862792968750000e+02
1.724314689636230469e-02,1.540660400390625000e+03
1.729679107666015625e-02,1.055043823242187500e+03
1.728105545043945312e-02,3.848346252441406250e+02
1.725053787231445312e-02,1.070014724731445312e+02
1.729583740234375000e-02,1.356877807617187500e+03
1.727652549743652344e-02,5.546653442382812500e+02
1.730298995971679688e-02,2.384042167663574219e+01
3.287625312805175781e-02,-3.001749038696289062e+01
1.654386520385742188e-03,1.182201660156250000e+03
3.289866447448730469e-02,1.341576660156250000e+03
1.654386520385742188e-03,1.624140014648437500e+03
1.726675033569335938e-02,1.557089111328125000e+03
1.727676391601562500e-02,1.008012512207031250e+03
1.727461814880371094e-02,1.211274719238281250e+02
3.290557861328125000e-02,8.750655364990234375e+01
1.727581024169921875e-02,2.632887695312500000e+03
3.286838531494140625e-02,1.117908203125000000e+03
1.730442047119140625e-02,1.051359741210937500e+03
3.290033340454101562e-02,5.035320434570312500e+02
1.727199554443359375e-02,1.145241699218750000e+02
1.726746559143066406e-02,4.975349426269531250e+01
3.290867805480957031e-02,1.460269775390625000e+03
1.724505424499511719e-02,6.183428955078125000e+02
1.732611656188964844e-02,8.917266235351562500e+02
1.727938652038574219e-02,9.568010864257812500e+02
3.287029266357421875e-02,1.226121337890625000e+03
1.726865768432617188e-02,5.630493774414062500e+02
1.727485656738281250e-02,2.574693115234375000e+03
1.654386520385742188e-03,3.876221008300781250e+02
3.133296966552734375e-02,1.000347351074218750e+03
9.181976318359375000e-03,9.140145263671875000e+02
1.728534698486328125e-02,2.421249389648437500e+02
1.728868484497070312e-02,-7.247000122070312500e+01
1.730394363403320312e-02,1.266384277343750000e+03
1.727533340454101562e-02,7.658720703125000000e+02
1.725697517395019531e-02,5.251119384765625000e+02
1.727557182312011719e-02,6.843646850585937500e+02
1.728487014770507812e-02,1.415179157257080078e+01
3.288531303405761719e-02,5.516494750976562500e+02
1.729679107666015625e-02,9.643708496093750000e+02
3.287506103515625000e-02,2.560169372558593750e+02
1.726818084716796875e-02,9.962511596679687500e+02
1.727604866027832031e-02,1.076453125000000000e+03
1.654386520385742188e-03,1.272613525390625000e+03
1.728320121765136719e-02,1.531291381835937500e+03
1.726841926574707031e-02,1.697807922363281250e+02
3.290581703186035156e-02,6.828063354492187500e+02
1.727509498596191406e-02,2.182755371093750000e+03
3.289747238159179688e-02,9.852896728515625000e+02
1.727533340454101562e-02,7.238201904296875000e+02
1.728224754333496094e-02,1.110988845825195312e+02
1.727414131164550781e-02,7.457174682617187500e+02
1.727342605590820312e-02,1.407360107421875000e+03
3.411936759948730469e-02,8.016375122070312500e+02
1.728367805480957031e-02,2.840064208984375000e+03
1.730036735534667969e-02,1.152928161621093750e+02
1.727294921875000000e-02,1.871653808593750000e+03
1.727581024169921875e-02,1.977512451171875000e+03
1.727604866027832031e-02,1.282355651855468750e+02
1.729273796081542969e-02,1.805297393798828125e+02
3.288030624389648438e-02,8.607238769531250000e+02
1.726937294006347656e-02,2.439983642578125000e+03
1.654386520385742188e-03,1.667189819335937500e+03
1.727581024169921875e-02,1.725130157470703125e+02
1.725554466247558594e-02,4.793025207519531250e+02
1.727533340454101562e-02,1.789878295898437500e+03
1.840949058532714844e-02,8.432796478271484375e+01
1.731109619140625000e-02,1.711555175781250000e+03
1.727557182312011719e-02,3.367856597900390625e+01
1.726317405700683594e-02,7.334532470703125000e+02
1.728701591491699219e-02,4.289539489746093750e+02
1.726460456848144531e-02,2.186867065429687500e+02
1.727771759033203125e-02,1.805481262207031250e+02
1.727390289306640625e-02,4.889078903198242188e+01
1.654386520385742188e-03,1.387702026367187500e+03
1.727724075317382812e-02,1.467373046875000000e+03
1.728510856628417969e-02,9.988546142578125000e+02
1.727604866027832031e-02,1.001984329223632812e+02
1.726436614990234375e-02,1.203609924316406250e+02
1.725554466247558594e-02,1.553780395507812500e+03
3.292655944824218750e-02,9.987261962890625000e+02
1.727533340454101562e-02,8.612828979492187500e+02
3.289771080017089844e-02,5.294732284545898438e+01
1.727437973022460938e-02,2.606600646972656250e+02
3.290295600891113281e-02,3.111975860595703125e+01
1.726913452148437500e-02,8.406514892578125000e+02
2.522230148315429688e-02,1.371755493164062500e+03
1.478075981140136719e-02,1.961635986328125000e+03
1.046299934387207031e-02,7.136991119384765625e+01
1.729583740234375000e-02,3.324957885742187500e+02
1.727628707885742188e-02,3.096000671386718750e+02
1.725530624389648438e-02,3.544816589355468750e+02
1.732563972473144531e-02,1.393701538085937500e+03
1.727581024169921875e-02,1.502670654296875000e+03
3.287529945373535156e-02,2.433305740356445312e+01
1.727867126464843750e-02,2.045056152343750000e+02
2.206516265869140625e-02,7.663965454101562500e+02
1.720404624938964844e-02,3.645531082153320312e+01
7.475137710571289062e-03,1.101226501464843750e+02
1.730704307556152344e-02,8.350042724609375000e+01
1.727771759033203125e-02,1.255105712890625000e+03
1.724267005920410156e-02,1.879537475585937500e+03
1.729583740234375000e-02,4.505281066894531250e+01
1.725578308105468750e-02,3.698930740356445312e+01
1.727557182312011719e-02,1.423398742675781250e+02
1.729655265808105469e-02,7.241171264648437500e+01
1.727485656738281250e-02,9.927667846679687500e+02
1.654386520385742188e-03,1.406909942626953125e+01
1.728701591491699219e-02,1.249344848632812500e+03
1.727795600891113281e-02,3.483737945556640625e+01
1.726245880126953125e-02,6.446712646484375000e+02
1.731204986572265625e-02,6.919911499023437500e+02
1.723909378051757812e-02,6.954221801757812500e+02
1.729607582092285156e-02,1.241928100585937500e+03
1.726698875427246094e-02,3.273703857421875000e+03
1.726484298706054688e-02,1.564841186523437500e+03
1.654386520385742188e-03,3.401203308105468750e+02
1.727485656738281250e-02,9.184124755859375000e+02
1.728725433349609375e-02,1.454696899414062500e+03
3.289675712585449219e-02,2.335592285156250000e+03
1.727247238159179688e-02,3.989096374511718750e+02
3.290081024169921875e-02,1.936649932861328125e+02
1.727223396301269531e-02,1.578966979980468750e+02
1.726818084716796875e-02,1.701228759765625000e+03
1.730561256408691406e-02,6.237879638671875000e+02
1.725888252258300781e-02,1.992595703125000000e+03
1.727414131164550781e-02,1.033086059570312500e+03
1.726460456848144531e-02,6.629244384765625000e+02
1.654386520385742188e-03,1.048253051757812500e+03
3.287649154663085938e-02,7.697189331054687500e+02
1.730561256408691406e-02,5.200747070312500000e+02
1.727581024169921875e-02,1.574374511718750000e+03
1.727938652038574219e-02,1.592677978515625000e+03
1.726198196411132812e-02,1.566686157226562500e+03
1.727604866027832031e-02,8.453468627929687500e+02
1.727557182312011719e-02,1.172232055664062500e+03
1.725578308105468750e-02,5.431217956542968750e+01
1.863098144531250000e-02,2.685112060546875000e+03
1.727867126464843750e-02,2.071885742187500000e+03
1.727581024169921875e-02,2.477706909179687500e+02
1.729607582092285156e-02,5.740711975097656250e+01
1.727628707885742188e-02,3.848922119140625000e+02
1.728940010070800781e-02,1.064417236328125000e+03
1.726150512695312500e-02,7.783914794921875000e+02
1.727557182312011719e-02,1.204125854492187500e+03
1.729607582092285156e-02,2.050397705078125000e+03
1.728963851928710938e-02,7.424523315429687500e+02
1.725316047668457031e-02,1.571571411132812500e+03
1.727533340454101562e-02,1.006840057373046875e+02
1.727795600891113281e-02,5.837041015625000000e+02
2.884244918823242188e-02,6.369008178710937500e+02
2.142643928527832031e-02,9.160962677001953125e+01
7.313966751098632812e-03,1.652418945312500000e+03
1.730346679687500000e-02,5.358899536132812500e+02
1.726889610290527344e-02,8.750424804687500000e+02
1.727557182312011719e-02,2.837180175781250000e+02
1.727914810180664062e-02,5.475640258789062500e+02
1.728916168212890625e-02,9.365447387695312500e+02
1.725935935974121094e-02,7.952291870117187500e+02
1.727557182312011719e-02,1.434119415283203125e+02
1.727557182312011719e-02,1.290598876953125000e+03
1.654386520385742188e-03,8.194307250976562500e+02
1.727581024169921875e-02,3.865889358520507812e+01
1.725554466247558594e-02,1.299899902343750000e+03
1.730680465698242188e-02,8.184539794921875000e+01
1.727652549743652344e-02,1.850513671875000000e+03
1.724362373352050781e-02,1.131816406250000000e+03
1.727581024169921875e-02,1.168942138671875000e+03
1.730775833129882812e-02,3.353405456542968750e+02
1.727581024169921875e-02,7.461715087890625000e+02
1.727724075317382812e-02,1.755367187500000000e+03
1.727342605590820312e-02,2.601542968750000000e+02
1.727557182312011719e-02,3.117422607421875000e+03
1.727581024169921875e-02,1.109674758911132812e+02
1.726722717285156250e-02,1.214067138671875000e+03
1.727342605590820312e-02,1.533077636718750000e+03
1.727509498596191406e-02,4.022705078125000000e+00
1.727604866027832031e-02,9.218172607421875000e+02
1.727581024169921875e-02,6.256651611328125000e+02
1.654386520385742188e-03,8.482526397705078125e+01
1.728200912475585938e-02,2.148773681640625000e+03
1.728034019470214844e-02,4.857783203125000000e+02
1.726603507995605469e-02,1.489565063476562500e+03
1.728606224060058594e-02,4.261944885253906250e+02
3.289890289306640625e-02,1.201521118164062500e+03
1.727032661437988281e-02,4.298298645019531250e+02
1.729798316955566406e-02,3.415873413085937500e+02
1.725673675537109375e-02,5.745509643554687500e+02
1.727604866027832031e-02,1.472382812500000000e+03
1.727533340454101562e-02,2.056428466796875000e+03
1.729321479797363281e-02,2.682960319519042969e+01
3.287816047668457031e-02,7.721896362304687500e+02
1.654386520385742188e-03,2.497124633789062500e+02
1.726603507995605469e-02,4.514108581542968750e+02
1.727604866027832031e-02,6.201598510742187500e+02
1.725530624389648438e-02,1.459032348632812500e+03
3.292560577392578125e-02,7.958134765625000000e+02
1.727581024169921875e-02,1.406653747558593750e+02
1.727437973022460938e-02,3.386533813476562500e+02
1.727414131164550781e-02,5.377174682617187500e+02
1.728701591491699219e-02,9.993939208984375000e+01
1.727271080017089844e-02,1.415040649414062500e+03
1.727294921875000000e-02,3.111396484375000000e+02
3.289771080017089844e-02,5.147320556640625000e+02
1.727175712585449219e-02,5.799079589843750000e+02
3.290033340454101562e-02,3.445497131347656250e+01
1.729035377502441406e-02,2.624521789550781250e+02
1.725029945373535156e-02,4.567420578002929688e+01
1.727557182312011719e-02,3.474756774902343750e+02
1.727581024169921875e-02,1.567336547851562500e+03
1.727581024169921875e-02,1.526580322265625000e+03
2.541780471801757812e-02,3.645412902832031250e+02
1.812124252319335938e-02,8.270900268554687500e+02
8.228778839111328125e-03,2.794103240966796875e+01
1.730918884277343750e-02,1.009903625488281250e+03
1.727390289306640625e-02,1.656494506835937500e+03
1.727557182312011719e-02,4.095895385742187500e+01
1.727628707885742188e-02,9.392101287841796875e+01
1.726508140563964844e-02,4.528400878906250000e+02
1.728677749633789062e-02,1.025762207031250000e+03
1.729321479797363281e-02,1.056183837890625000e+03
3.423047065734863281e-02,3.217937088012695312e+01
2.414846420288085938e-02,4.119332275390625000e+02
1.896095275878906250e-02,1.369450836181640625e+02
3.408432006835937500e-03,6.799000854492187500e+02
1.730775833129882812e-02,7.380795898437500000e+02
1.727604866027832031e-02,9.444276733398437500e+02
3.289723396301269531e-02,2.195826873779296875e+02
1.727700233459472656e-02,8.099219970703125000e+02
3.289580345153808594e-02,1.747012817382812500e+03
1.727175712585449219e-02,5.906788330078125000e+02
3.290057182312011719e-02,8.677752685546875000e+02
1.844978332519531250e-02,1.015991271972656250e+03
1.727867126464843750e-02,4.375906677246093750e+02
1.731181144714355469e-02,1.355852416992187500e+03
3.289055824279785156e-02,1.965889160156250000e+03
1.727557182312011719e-02,1.959819580078125000e+03
1.727724075317382812e-02,4.103250122070312500e+01
1.727700233459472656e-02,1.318615478515625000e+03
1.726484298706054688e-02,5.106519470214843750e+02
1.727533340454101562e-02,1.378360595703125000e+02
1.727557182312011719e-02,9.839293212890625000e+02
1.727533340454101562e-02,5.250594482421875000e+02
1.727581024169921875e-02,1.604544677734375000e+03
1.730585098266601562e-02,1.460296264648437500e+03
1.725769042968750000e-02,3.527100219726562500e+02
1.728582382202148438e-02,2.400133056640625000e+03
1.728439331054687500e-02,6.690640869140625000e+02
1.734375953674316406e-02,1.542426391601562500e+03
1.716065406799316406e-02,1.329436157226562500e+03
3.293728828430175781e-02,1.130225952148437500e+03
1.725196838378906250e-02,7.370239868164062500e+02
1.727557182312011719e-02,3.345708007812500000e+02
1.727604866027832031e-02,-7.247000122070312500e+01
1.728773117065429688e-02,1.641447509765625000e+03
1.724219322204589844e-02,1.920907836914062500e+03
1.654386520385742188e-03,6.217887573242187500e+02
1.729750633239746094e-02,1.670279418945312500e+03
1.728630065917968750e-02,2.001708984375000000e+03
1.727628707885742188e-02,1.807969360351562500e+03
1.727485656738281250e-02,8.306800537109375000e+02
1.727819442749023438e-02,2.289326629638671875e+02
3.289508819580078125e-02,6.636748657226562500e+02
1.728057861328125000e-02,7.056807250976562500e+02
3.288912773132324219e-02,8.796596679687500000e+02
1.727437973022460938e-02,1.694544189453125000e+03
1.726889610290527344e-02,2.156103271484375000e+03
1.727604866027832031e-02,1.111252563476562500e+03
1.727700233459472656e-02,1.161769042968750000e+03
1.654386520385742188e-03,5.119190368652343750e+02
3.093051910400390625e-02,1.649745239257812500e+03
7.332563400268554688e-03,1.603220458984375000e+03
1.729679107666015625e-02,5.661697998046875000e+02
1.728701591491699219e-02,1.136460815429687500e+03
1.726484298706054688e-02,2.686647705078125000e+03
1.727533340454101562e-02,1.598636108398437500e+03
1.854634284973144531e-02,1.323362060546875000e+03
1.733279228210449219e-02,1.397241699218750000e+03
1.722168922424316406e-02,3.496453475952148438e+01
1.734948158264160156e-02,1.451787597656250000e+03
1.720190048217773438e-02,2.550909423828125000e+03
1.732659339904785156e-02,1.733943481445312500e+02
3.287339210510253906e-02,7.105097045898437500e+02
1.729321479797363281e-02,6.204125976562500000e+02
3.288006782531738281e-02,8.264661254882812500e+02
1.729249954223632812e-02,1.481232055664062500e+03
1.726055145263671875e-02,8.789591064453125000e+02
1.833868026733398438e-02,3.220001220703125000e+02
1.731014251708984375e-02,1.865140502929687500e+03
3.289484977722167969e-02,1.132263427734375000e+03
1.727557182312011719e-02,1.191626205444335938e+02
1.728534698486328125e-02,1.260315429687500000e+03
1.723670959472656250e-02,1.142563720703125000e+03
1.727581024169921875e-02,1.718567749023437500e+03
1.727581024169921875e-02,3.629613647460937500e+02
1.729679107666015625e-02,1.173688476562500000e+03
1.727533340454101562e-02,1.368127197265625000e+03
1.727581024169921875e-02,9.294982910156250000e+02
1.728796958923339844e-02,2.301714324951171875e+02
1.727533340454101562e-02,1.333218261718750000e+03
1.843881607055664062e-02,3.783518371582031250e+02
1.729917526245117188e-02,1.971653289794921875e+02
1.725506782531738281e-02,3.072908020019531250e+02
1.732563972473144531e-02,3.798632507324218750e+02
3.287410736083984375e-02,2.164001708984375000e+03
1.727795600891113281e-02,4.720433349609375000e+02
1.727581024169921875e-02,5.707974853515625000e+02
1.728057861328125000e-02,7.705472412109375000e+02
1.727271080017089844e-02,7.109785156250000000e+02
1.726436614990234375e-02,2.620529052734375000e+03
3.290867805480957031e-02,1.069694900512695312e+02
1.834583282470703125e-02,7.224227905273437500e+02
1.730418205261230469e-02,5.555911254882812500e+02
1.727056503295898438e-02,3.537066345214843750e+02
1.727604866027832031e-02,1.192464965820312500e+03
1.727581024169921875e-02,2.658218261718750000e+03
1.727509498596191406e-02,3.511340026855468750e+02
1.654386520385742188e-03,7.379281616210937500e+02
1.728725433349609375e-02,3.974998779296875000e+02
1.727509498596191406e-02,3.682682495117187500e+02
1.726484298706054688e-02,3.597532958984375000e+03
3.291201591491699219e-02,7.990675659179687500e+02
1.726913452148437500e-02,1.513989543914794922e+01
1.727676391601562500e-02,7.742225341796875000e+02
1.728224754333496094e-02,3.503273773193359375e+01
1.727128028869628906e-02,1.384357910156250000e+03
1.726460456848144531e-02,4.121212158203125000e+02
1.727533340454101562e-02,1.390427612304687500e+03
2.024650573730468750e-02,4.312149810791015625e+01
2.632427215576171875e-02,6.854113769531250000e+01
1.727533340454101562e-02,1.973706420898437500e+03
1.732826232910156250e-02,1.012773803710937500e+03
1.724338531494140625e-02,1.492432556152343750e+02
1.730370521545410156e-02,2.194585937500000000e+03
3.287649154663085938e-02,1.618078857421875000e+03
1.729631423950195312e-02,1.757708129882812500e+03
3.287816047668457031e-02,2.257658203125000000e+03
1.654386520385742188e-03,1.181052001953125000e+03
3.471589088439941406e-02,1.429084930419921875e+02
1.847672462463378906e-02,2.050215576171875000e+03
1.128578186035156250e-02,1.165396850585937500e+03
1.730751991271972656e-02,2.357831115722656250e+02
1.729726791381835938e-02,3.898163146972656250e+02
3.287148475646972656e-02,5.918845748901367188e+01
1.729178428649902344e-02,1.305809692382812500e+03
3.288078308105468750e-02,1.340311279296875000e+03
1.729202270507812500e-02,9.230112457275390625e+01
1.726651191711425781e-02,2.297916717529296875e+02
1.727128028869628906e-02,6.501902465820312500e+02
1.726651191711425781e-02,9.640817046165466309e-01
1.725506782531738281e-02,8.303540649414062500e+02
3.292584419250488281e-02,1.902260131835937500e+02
1.727557182312011719e-02,5.387083129882812500e+02
1.727724075317382812e-02,1.486323486328125000e+03
1.726603507995605469e-02,1.134845657348632812e+02
1.727533340454101562e-02,1.307375244140625000e+03
1.727724075317382812e-02,5.538710403442382812e+01
1.728582382202148438e-02,1.165636634826660156e+01
1.729249954223632812e-02,5.392048339843750000e+02
3.287625312805175781e-02,1.189053100585937500e+03
1.654386520385742188e-03,2.073689575195312500e+02
1.724815368652343750e-02,2.081977386474609375e+02
1.727557182312011719e-02,5.252338027954101562e+01
1.730680465698242188e-02,1.218444442749023438e+02
1.728129386901855469e-02,2.300384765625000000e+03
1.727032661437988281e-02,2.218227539062500000e+03
1.727628707885742188e-02,1.000048065185546875e+02
1.727533340454101562e-02,5.828347778320312500e+02
1.727604866027832031e-02,1.452593688964843750e+02
3.289961814880371094e-02,4.242597656250000000e+02
1.727199554443359375e-02,2.347251586914062500e+02
3.289842605590820312e-02,1.062688598632812500e+03
1.727271080017089844e-02,1.036275939941406250e+02
1.724696159362792969e-02,6.803942260742187500e+02
1.727700233459472656e-02,2.293885650634765625e+02
1.732444763183593750e-02,2.099977111816406250e+01
1.722574234008789062e-02,1.295392333984375000e+03
1.926422119140625000e-02,6.593529510498046875e+01
1.727819442749023438e-02,1.854631347656250000e+03
1.729631423950195312e-02,-5.581414699554443359e+00
1.728105545043945312e-02,3.420410461425781250e+02
1.727604866027832031e-02,1.121499404907226562e+02
1.727032661437988281e-02,5.136235351562500000e+02
1.725506782531738281e-02,1.733187484741210938e+01
2.096509933471679688e-02,2.106043457031250000e+03
1.548576354980468750e-02,2.234005859375000000e+03
1.659274101257324219e-02,2.354109573364257812e+01
1.794624328613281250e-02,9.897861938476562500e+02
1.727223396301269531e-02,9.805933227539062500e+02
1.730823516845703125e-02,9.083798828125000000e+02
1.839613914489746094e-02,1.407957000732421875e+02
1.727867126464843750e-02,1.081206909179687500e+03
1.730704307556152344e-02,1.767726806640625000e+03
1.727557182312011719e-02,1.550375488281250000e+03
1.726531982421875000e-02,1.314431304931640625e+02
1.728868484497070312e-02,1.433727294921875000e+03
1.727342605590820312e-02,1.629351440429687500e+03
1.727581024169921875e-02,2.920895576477050781e+01
1.727485656738281250e-02,5.131863403320312500e+02
3.290128707885742188e-02,1.472343994140625000e+03
1.726889610290527344e-02,8.801717529296875000e+02
1.728153228759765625e-02,-5.993402481079101562e+00
1.726531982421875000e-02,1.815873779296875000e+03
1.728296279907226562e-02,2.706780815124511719e+01
1.728224754333496094e-02,1.214031982421875000e+03
1.727056503295898438e-02,1.526700927734375000e+03
3.289937973022460938e-02,3.177318115234375000e+02
1.724195480346679688e-02,7.182773437500000000e+02
1.730895042419433594e-02,6.043805599212646484e+00
1.726341247558593750e-02,5.926817321777343750e+01
1.725316047668457031e-02,1.326539062500000000e+03
1.731705665588378906e-02,3.516648864746093750e+02
1.726317405700683594e-02,7.340262451171875000e+02
2.054572105407714844e-02,1.272262939453125000e+03
2.006602287292480469e-02,1.250697265625000000e+03
1.180219650268554688e-02,2.149157562255859375e+02
2.604675292968750000e-02,7.820936679840087891e+00
1.821827888488769531e-02,4.625309143066406250e+02
1.837992668151855469e-02,2.356844726562500000e+03
1.588749885559082031e-02,1.038751907348632812e+02
1.817584037780761719e-02,8.949982299804687500e+02
1.101279258728027344e-02,3.286176757812500000e+02
3.292584419250488281e-02,-5.593034362792968750e+01
1.726746559143066406e-02,1.075134765625000000e+03
1.727581024169921875e-02,4.232657165527343750e+02
1.654386520385742188e-03,4.689527511596679688e+01
1.727604866027832031e-02,6.713407592773437500e+02
1.727557182312011719e-02,4.714844970703125000e+02
3.178286552429199219e-02,5.432001342773437500e+02
1.791763305664062500e-02,3.050289001464843750e+02
1.683044433593750000e-02,7.332294464111328125e+01
1.770663261413574219e-02,1.074720458984375000e+03
1.667976379394531250e-02,1.988295532226562500e+03
1.692819595336914062e-02,7.493614501953125000e+02
2.571249008178710938e-02,1.844373901367187500e+03
2.236938476562500000e-02,1.249712768554687500e+03
1.876354217529296875e-02,9.697320556640625000e+02
6.816148757934570312e-03,6.338497924804687500e+02
2.912950515747070312e-02,8.954948120117187500e+02
1.866960525512695312e-02,3.832848358154296875e+01
1.665258407592773438e-02,1.360771972656250000e+03
8.672237396240234375e-03,9.604084014892578125e+01
2.572369575500488281e-02,9.947794799804687500e+02
1.632475852966308594e-02,1.440854003906250000e+03
1.830601692199707031e-02,1.218861450195312500e+03
2.602458000183105469e-02,3.727041931152343750e+02
2.136349678039550781e-02,4.052270202636718750e+02
1.657438278198242188e-02,1.656421020507812500e+03
1.633787155151367188e-02,5.353082656860351562e+01
1.591753959655761719e-02,6.248313426971435547e+00
1.721000671386718750e-02,7.654834747314453125e+01
1.572513580322265625e-02,9.254551391601562500e+02
1.971650123596191406e-02,1.702103515625000000e+03
1.057863235473632812e-02,1.507328979492187500e+03
1.924324035644531250e-02,1.658325958251953125e+02
2.200555801391601562e-02,9.220312500000000000e+02
1.756596565246582031e-02,9.983512573242187500e+02
1.890850067138671875e-02,1.250631591796875000e+03
1.568317413330078125e-02,3.412989746093750000e+03
1.515054702758789062e-02,2.548544883728027344e+00
1.727652549743652344e-02,7.056421508789062500e+02
1.727581024169921875e-02,4.324882812500000000e+02
1.732468605041503906e-02,1.055483398437500000e+02
1.725649833679199219e-02,2.967500305175781250e+02
1.724600791931152344e-02,1.355895874023437500e+03
1.727509498596191406e-02,1.312682006835937500e+03
1.731014251708984375e-02,8.565077514648437500e+02
1.727390289306640625e-02,1.338893798828125000e+03
1.727700233459472656e-02,1.246378662109375000e+03
1.726245880126953125e-02,5.816256103515625000e+02
1.728343963623046875e-02,1.556824096679687500e+03
1.726889610290527344e-02,1.921458984375000000e+03
1.728630065917968750e-02,1.553747924804687500e+03
1.836585998535156250e-02,7.152541503906250000e+02
1.730632781982421875e-02,1.772666931152343750e+02
1.727509498596191406e-02,1.875655883789062500e+03
1.727652549743652344e-02,3.963027954101562500e+02
2.800011634826660156e-02,4.386206054687500000e+02
1.730608940124511719e-02,4.442853393554687500e+02
1.654386520385742188e-03,9.076545715332031250e+01
3.289914131164550781e-02,-2.182341766357421875e+01
1.654386520385742188e-03,7.906750488281250000e+02
1.726937294006347656e-02,1.862760498046875000e+03
1.725840568542480469e-02,1.536746582031250000e+03
1.726984977722167969e-02,4.499137878417968750e+02
1.730728149414062500e-02,5.886874008178710938e+01
1.727581024169921875e-02,1.563261230468750000e+03
1.724481582641601562e-02,4.331727294921875000e+02
1.730608940124511719e-02,7.895650482177734375e+01
1.727771759033203125e-02,8.844716796875000000e+02
1.726388931274414062e-02,3.721563110351562500e+02
1.837348937988281250e-02,3.661665649414062500e+02
1.733112335205078125e-02,5.614355468750000000e+01
1.725745201110839844e-02,1.330490112304687500e+03
1.729202270507812500e-02,1.247093139648437500e+03
3.287577629089355469e-02,1.805062377929687500e+03
1.729202270507812500e-02,6.418066406250000000e+01
1.726365089416503906e-02,1.323075439453125000e+03
1.727199554443359375e-02,7.000108242034912109e+00
1.727485656738281250e-02,2.775003173828125000e+03
3.290009498596191406e-02,3.228192138671875000e+02
1.727175712585449219e-02,7.567426757812500000e+02
1.727986335754394531e-02,7.499579467773437500e+02
1.726651191711425781e-02,1.491589233398437500e+03
1.727771759033203125e-02,7.961807250976562500e+02
2.672910690307617188e-02,1.139999985694885254e+00
1.228642463684082031e-02,8.574247436523437500e+02
1.730775833129882812e-02,2.683739013671875000e+02
1.726484298706054688e-02,5.340949096679687500e+02
1.727581024169921875e-02,4.239866027832031250e+02
1.727628707885742188e-02,1.039289550781250000e+03
1.727581024169921875e-02,1.140184326171875000e+03
1.727509498596191406e-02,2.090362792968750000e+03
1.728177070617675781e-02,8.831986236572265625e+01
1.654386520385742188e-03,7.662753295898437500e+02
1.728034019470214844e-02,5.184066162109375000e+02
1.727771759033203125e-02,8.666950988769531250e+01
1.727461814880371094e-02,8.000000119209289551e-01
1.727485656738281250e-02,3.573963928222656250e+02
1.727628707885742188e-02,1.984981201171875000e+03
1.727557182312011719e-02,2.563053894042968750e+02
1.727533340454101562e-02,2.031307220458984375e+02
3.289961814880371094e-02,1.036673217773437500e+03
1.724219322204589844e-02,9.160245971679687500e+02
3.292870521545410156e-02,1.637287109375000000e+03
1.727128028869628906e-02,8.369373168945312500e+02
1.726841926574707031e-02,1.429543945312500000e+03
1.725554466247558594e-02,3.158617919921875000e+03
1.729679107666015625e-02,1.148675659179687500e+03
3.290343284606933594e-02,4.160314331054687500e+02
1.727986335754394531e-02,1.479346435546875000e+03
1.727557182312011719e-02,9.784606323242187500e+02
1.729321479797363281e-02,1.240176147460937500e+03
3.287601470947265625e-02,3.071519165039062500e+02
1.727938652038574219e-02,6.629209594726562500e+02
1.726555824279785156e-02,1.211558349609375000e+03
1.728582382202148438e-02,3.730169677734375000e+01
1.727628707885742188e-02,1.313836914062500000e+03
1.727509498596191406e-02,2.227922363281250000e+03
1.726555824279785156e-02,1.357495971679687500e+03
1.654386520385742188e-03,3.263781738281250000e+02
1.728153228759765625e-02,1.475431030273437500e+03
1.726889610290527344e-02,7.371533203125000000e+02
1.917600631713867188e-02,5.877493286132812500e+01
1.730775833129882812e-02,1.921287994384765625e+02
1.728034019470214844e-02,1.880160522460937500e+03
1.727342605590820312e-02,4.660227203369140625e+01
1.727604866027832031e-02,1.134441299438476562e+02
1.727676391601562500e-02,1.287547683715820312e+01
3.289508819580078125e-02,4.789582519531250000e+02
1.724481582641601562e-02,3.166497802734375000e+03
1.729536056518554688e-02,1.041844360351562500e+03
1.727652549743652344e-02,1.048452026367187500e+03
1.729726791381835938e-02,1.692467193603515625e+02
1.730060577392578125e-02,1.796499145507812500e+03
1.839017868041992188e-02,1.226645019531250000e+03
1.729846000671386719e-02,1.897639282226562500e+03
1.725578308105468750e-02,4.524299621582031250e+02
1.730775833129882812e-02,5.359482955932617188e+01
1.724815368652343750e-02,6.229595947265625000e+02
1.729130744934082031e-02,1.548916625976562500e+01
1.727557182312011719e-02,8.751321411132812500e+02
1.730489730834960938e-02,6.756833648681640625e+01
1.725721359252929688e-02,2.504614746093750000e+03
1.727223396301269531e-02,2.214451141357421875e+02
3.924632072448730469e-02,2.606291198730468750e+01
1.990079879760742188e-02,2.253081798553466797e+00
6.259441375732421875e-03,1.425665283203125000e+03
1.730751991271972656e-02,9.585303344726562500e+02
1.727628707885742188e-02,4.639776916503906250e+02
1.727533340454101562e-02,2.405516967773437500e+02
1.727533340454101562e-02,8.932399902343750000e+02
3.289508819580078125e-02,5.838649749755859375e+01
1.727437973022460938e-02,9.595165405273437500e+02
3.290152549743652344e-02,6.124796752929687500e+02
1.727151870727539062e-02,8.163563842773437500e+02
1.724767684936523438e-02,1.702632324218750000e+03
2.222442626953125000e-02,9.877446289062500000e+02
1.874351501464843750e-02,1.224061645507812500e+03
9.053707122802734375e-03,8.645585327148437500e+02
1.729631423950195312e-02,1.047551879882812500e+02
1.727628707885742188e-02,8.610653686523437500e+01
1.725578308105468750e-02,1.058390258789062500e+03
3.292393684387207031e-02,7.311091308593750000e+02
1.654386520385742188e-03,4.016141357421875000e+02
1.726889610290527344e-02,1.478165405273437500e+03
1.725530624389648438e-02,4.573205261230468750e+02
1.730680465698242188e-02,2.975394775390625000e+03
1.727795600891113281e-02,1.841885681152343750e+02
1.727533340454101562e-02,2.287462310791015625e+02
1.724863052368164062e-02,1.067397216796875000e+03
3.292250633239746094e-02,3.228321075439453125e+01
1.724481582641601562e-02,7.432391967773437500e+02
3.292798995971679688e-02,5.093143615722656250e+02
1.727771759033203125e-02,4.341396179199218750e+02
1.724624633789062500e-02,4.796260070800781250e+01
3.292155265808105469e-02,4.997539978027343750e+02
1.726841926574707031e-02,1.866125000000000000e+03
1.727485656738281250e-02,9.801723480224609375e+01
1.654386520385742188e-03,3.379158020019531250e+02
1.727581024169921875e-02,6.456356201171875000e+02
1.728701591491699219e-02,1.293856445312500000e+03
1.727581024169921875e-02,4.853073425292968750e+02
1.726412773132324219e-02,1.530264282226562500e+03
3.290605545043945312e-02,7.404344940185546875e+01
1.727485656738281250e-02,2.342930908203125000e+02
3.290295600891113281e-02,1.257184326171875000e+03
1.727056503295898438e-02,8.397451019287109375e+01
1.727867126464843750e-02,3.178937988281250000e+02
3.289794921875000000e-02,3.254277648925781250e+02
1.727056503295898438e-02,1.171597534179687500e+03
1.726841926574707031e-02,7.800435791015625000e+02
1.727581024169921875e-02,6.550863647460937500e+01
1.728725433349609375e-02,7.930209960937500000e+02
1.726555824279785156e-02,1.502296752929687500e+03
1.654386520385742188e-03,3.816042175292968750e+02
1.727461814880371094e-02,6.227708129882812500e+02
1.728868484497070312e-02,2.931668090820312500e+02
1.727366447448730469e-02,2.437570953369140625e+01
1.727724075317382812e-02,1.043642333984375000e+03
1.727414131164550781e-02,2.660603523254394531e+01
1.726412773132324219e-02,1.791010498046875000e+03
1.958680152893066406e-02,-1.501790714263916016e+01
1.654386520385742188e-03,1.004993408203125000e+03
2.984619140625000000e-02,3.245399475097656250e+02
1.623129844665527344e-02,5.710080337524414062e+01
6.351709365844726562e-03,1.423952392578125000e+03
1.730680465698242188e-02,1.081743530273437500e+03
1.728057861328125000e-02,1.507803497314453125e+02
3.289246559143066406e-02,5.165166625976562500e+02
1.727271080017089844e-02,1.890081787109375000e+01
1.724720001220703125e-02,1.265856201171875000e+03
1.729607582092285156e-02,2.365862792968750000e+03
1.728749275207519531e-02,1.718742919921875000e+03
1.727533340454101562e-02,1.356258056640625000e+03
1.840114593505859375e-02,8.161187133789062500e+02
1.729869842529296875e-02,1.230374877929687500e+03
1.727604866027832031e-02,1.103429031372070312e+02
1.654386520385742188e-03,1.686352050781250000e+03
1.728177070617675781e-02,2.223738769531250000e+03
3.289699554443359375e-02,6.987278442382812500e+02
1.726937294006347656e-02,5.344263916015625000e+02
1.654386520385742188e-03,1.792464843750000000e+03
1.728892326354980469e-02,5.391433105468750000e+02
1.726245880126953125e-02,4.877387084960937500e+02
3.290295600891113281e-02,8.184797973632812500e+02
1.727795600891113281e-02,9.777860107421875000e+02
1.726746559143066406e-02,1.516766723632812500e+03
3.290724754333496094e-02,3.568730163574218750e+02
1.729583740234375000e-02,1.294197875976562500e+03
1.726555824279785156e-02,2.633083190917968750e+02
3.288388252258300781e-02,5.799065017700195312e+01
1.726937294006347656e-02,5.382669067382812500e+02
1.727485656738281250e-02,3.128435363769531250e+02
1.727652549743652344e-02,1.061927978515625000e+03
1.654386520385742188e-03,6.965950927734375000e+02
1.725530624389648438e-02,1.113825683593750000e+03
1.727557182312011719e-02,4.561827697753906250e+02
1.729559898376464844e-02,1.237101074218750000e+03
1.728725433349609375e-02,4.275720214843750000e+02
3.289437294006347656e-02,5.205170288085937500e+02
1.727533340454101562e-02,2.416476806640625000e+03
3.290224075317382812e-02,9.767813110351562500e+02
1.727604866027832031e-02,8.814538574218750000e+01
3.289484977722167969e-02,5.290143432617187500e+02
1.724410057067871094e-02,1.531506225585937500e+03
3.292870521545410156e-02,1.811504364013671875e+00
1.727318763732910156e-02,2.463840484619140625e+01
1.727819442749023438e-02,4.584924011230468750e+02
1.727747917175292969e-02,3.785514526367187500e+02
1.726293563842773438e-02,1.728644775390625000e+03
1.727581024169921875e-02,1.675512573242187500e+03
1.727533340454101562e-02,9.566822509765625000e+02
1.727604866027832031e-02,2.478577148437500000e+03
1.654386520385742188e-03,1.281203857421875000e+03
1.727557182312011719e-02,1.052047485351562500e+03
1.725530624389648438e-02,5.059118652343750000e+01
1.729559898376464844e-02,4.508676452636718750e+02
1.727652549743652344e-02,1.767843365669250488e+00
1.728606224060058594e-02,0.000000000000000000e+00
1.727628707885742188e-02,1.286578735351562500e+03
1.726412773132324219e-02,-7.247000122070312500e+01
3.290843963623046875e-02,2.827665710449218750e+02
2.340817451477050781e-02,4.975049133300781250e+02
2.657151222229003906e-02,2.035270843505859375e+02
1.727175712585449219e-02,1.107018966674804688e+02
1.729822158813476562e-02,2.562393066406250000e+03
3.287458419799804688e-02,7.188496704101562500e+02
1.726937294006347656e-02,3.368038940429687500e+01
1.727509498596191406e-02,5.922971191406250000e+02
1.729917526245117188e-02,5.637121582031250000e+02
3.288006782531738281e-02,4.503134155273437500e+02
1.654386520385742188e-03,1.233141357421875000e+03
1.726889610290527344e-02,1.198623657226562500e+02
1.727628707885742188e-02,8.401840209960937500e+01
3.309631347656250000e-02,5.575456542968750000e+02
1.626420021057128906e-02,9.018434448242187500e+02
1.729750633239746094e-02,3.109148925781250000e+03
1.727509498596191406e-02,1.073807983398437500e+03
1.654386520385742188e-03,3.242903076171875000e+03
1.725554466247558594e-02,7.627764282226562500e+02
1.729631423950195312e-02,9.793283462524414062e+00
1.884412765502929688e-02,3.833198242187500000e+02
1.729846000671386719e-02,1.086731567382812500e+03
1.727652549743652344e-02,1.966874145507812500e+03
1.727485656738281250e-02,1.394991333007812500e+03
1.727628707885742188e-02,2.079375648498535156e+01
1.727652549743652344e-02,4.421762084960937500e+02
1.727461814880371094e-02,1.000601867675781250e+03
1.654386520385742188e-03,1.613707031250000000e+03
1.727604866027832031e-02,1.085335815429687500e+03
1.727533340454101562e-02,1.318209960937500000e+03
1.727557182312011719e-02,4.416874694824218750e+02
1.727604866027832031e-02,2.468284912109375000e+02
1.727581024169921875e-02,1.351301147460937500e+03
1.727509498596191406e-02,3.913103103637695312e+01
1.837062835693359375e-02,3.118027038574218750e+02
1.727843284606933594e-02,8.175971069335937500e+02
1.729631423950195312e-02,1.701125976562500000e+03
1.654386520385742188e-03,1.820776611328125000e+03
1.727652549743652344e-02,1.471583099365234375e+02
3.290557861328125000e-02,4.785152435302734375e+01
1.724648475646972656e-02,2.539853210449218750e+02
1.727604866027832031e-02,8.624678955078125000e+02
1.729512214660644531e-02,4.646817016601562500e+02
1.727581024169921875e-02,1.985747558593750000e+03
1.727604866027832031e-02,1.462818115234375000e+03
1.729035377502441406e-02,1.254092651367187500e+03
1.654386520385742188e-03,-7.247000122070312500e+01
1.726007461547851562e-02,3.880618591308593750e+02
1.727700233459472656e-02,7.663060302734375000e+02
1.728844642639160156e-02,1.234224731445312500e+03
1.727342605590820312e-02,1.011317199707031250e+03
1.727557182312011719e-02,2.602242187500000000e+03
1.727724075317382812e-02,9.913196563720703125e+01
1.727700233459472656e-02,1.514767822265625000e+03
1.727366447448730469e-02,1.045162597656250000e+03
1.726436614990234375e-02,2.157532470703125000e+03
1.727581024169921875e-02,2.296823974609375000e+03
1.727533340454101562e-02,8.295278930664062500e+02
1.733803749084472656e-02,1.695827941894531250e+02
3.284263610839843750e-02,5.762963256835937500e+02
1.729130744934082031e-02,9.769749755859375000e+02
1.726222038269042969e-02,-1.781452941894531250e+01
3.381156921386718750e-02,7.193279418945312500e+02
1.550292968750000000e-02,2.092897338867187500e+02
1.738262176513671875e-02,4.944006729125976562e+01
1.730203628540039062e-02,1.324451904296875000e+03
1.724720001220703125e-02,9.589688110351562500e+02
1.730704307556152344e-02,-4.527091979980468750e+01
1.727652549743652344e-02,1.826315612792968750e+02
1.727509498596191406e-02,7.562503662109375000e+02
1.727628707885742188e-02,1.682123413085937500e+03
1.727533340454101562e-02,6.357189331054687500e+02
3.289723396301269531e-02,4.357278442382812500e+02
1.724433898925781250e-02,9.349595947265625000e+02
3.293132781982421875e-02,9.643682098388671875e+01
1.727151870727539062e-02,1.503146362304687500e+03
1.729941368103027344e-02,1.340975341796875000e+03
1.726388931274414062e-02,2.301076904296875000e+03
3.288221359252929688e-02,1.621842346191406250e+02
1.728034019470214844e-02,5.647071533203125000e+02
1.727604866027832031e-02,9.237017059326171875e+01
1.728725433349609375e-02,2.748900451660156250e+02
3.288531303405761719e-02,1.713477661132812500e+03
1.728725433349609375e-02,2.691313720703125000e+03
1.726174354553222656e-02,4.809910202026367188e+01
1.727318763732910156e-02,2.512539550781250000e+03
1.728606224060058594e-02,5.960067138671875000e+02
1.726961135864257812e-02,5.673165283203125000e+02
1.727557182312011719e-02,2.073290771484375000e+03
1.726531982421875000e-02,5.576289672851562500e+02
1.728725433349609375e-02,2.449250488281250000e+03
1.724362373352050781e-02,2.830772399902343750e+02
1.729965209960937500e-02,8.358930206298828125e+01
1.727175712585449219e-02,4.565121154785156250e+02
1.727628707885742188e-02,2.045072509765625000e+03
1.725530624389648438e-02,3.978063354492187500e+02
1.732611656188964844e-02,7.800971221923828125e+01
1.722526550292968750e-02,3.144933700561523438e+00
1.729583740234375000e-02,2.577616210937500000e+03
1.725697517395019531e-02,5.413340454101562500e+02
1.730632781982421875e-02,2.259970474243164062e+01
1.727604866027832031e-02,3.387376403808593750e+01
1.727485656738281250e-02,6.476816255599260330e-03
1.757836341857910156e-02,8.464211273193359375e+01
1.832485198974609375e-02,1.591882629394531250e+02
1.654386520385742188e-03,8.469943237304687500e+02
1.727581024169921875e-02,6.268536376953125000e+02
1.725530624389648438e-02,1.645173217773437500e+03
1.730990409851074219e-02,1.125526611328125000e+03
1.727342605590820312e-02,6.691680297851562500e+02
1.727509498596191406e-02,6.243020629882812500e+02
1.726675033569335938e-02,3.109109802246093750e+02
1.728463172912597656e-02,9.982473754882812500e+02
1.727581024169921875e-02,1.558026000976562500e+03
1.726460456848144531e-02,9.817516479492187500e+02
1.727628707885742188e-02,2.009331909179687500e+03
1.726388931274414062e-02,7.074413452148437500e+02
1.837396621704101562e-02,2.515505218505859375e+02
1.730918884277343750e-02,1.865517456054687500e+03
1.728057861328125000e-02,9.997153930664062500e+02
1.727199554443359375e-02,3.807214050292968750e+02
1.726365089416503906e-02,3.977974548339843750e+02
1.728868484497070312e-02,1.381590118408203125e+02
1.913237571716308594e-02,1.906719970703125000e+02
1.854276657104492188e-02,8.890750885009765625e+01
1.251745223999023438e-02,2.430108154296875000e+03
1.859474182128906250e-02,2.461758789062500000e+03
1.732444763183593750e-02,1.935791381835937500e+03
1.725912094116210938e-02,6.188234863281250000e+02
3.291130065917968750e-02,2.414018554687500000e+03
1.726007461547851562e-02,9.770192260742187500e+02
3.289771080017089844e-02,4.538083496093750000e+02
1.728010177612304688e-02,5.352762451171875000e+02
1.727318763732910156e-02,8.038426208496093750e+01
1.727652549743652344e-02,7.979305267333984375e+01
1.727604866027832031e-02,1.335903930664062500e+03
3.693437576293945312e-02,1.271734985351562500e+03
2.122592926025390625e-02,1.025031860351562500e+03
8.251667022705078125e-03,1.371729980468750000e+03
1.729631423950195312e-02,1.458868408203125000e+03
1.727581024169921875e-02,6.296143188476562500e+02
3.291177749633789062e-02,2.012720336914062500e+02
1.726889610290527344e-02,1.523397338867187500e+03
1.837730407714843750e-02,1.392468627929687500e+03
1.729965209960937500e-02,1.867659301757812500e+02
1.727628707885742188e-02,3.075881652832031250e+02
1.905655860900878906e-02,2.337947998046875000e+03
1.654386520385742188e-03,1.795268676757812500e+03
1.731061935424804688e-02,1.713418426513671875e+02
1.726436614990234375e-02,1.013066589355468750e+03
1.728844642639160156e-02,1.702109985351562500e+03
1.727390289306640625e-02,1.931522216796875000e+02
1.728224754333496094e-02,3.214487915039062500e+02
1.723814010620117188e-02,2.138621368408203125e+02
1.727676391601562500e-02,1.751383178710937500e+03
1.727628707885742188e-02,1.434076049804687500e+03
1.727390289306640625e-02,9.777614135742187500e+02
1.730728149414062500e-02,5.690364074707031250e+01
1.724481582641601562e-02,4.032504882812500000e+02
1.729178428649902344e-02,1.538149658203125000e+03
1.726031303405761719e-02,1.166302124023437500e+03
1.727604866027832031e-02,5.845800170898437500e+02
1.727509498596191406e-02,2.558657470703125000e+03
1.729512214660644531e-02,4.858898315429687500e+02
1.725530624389648438e-02,4.070430297851562500e+02
1.729607582092285156e-02,1.738391479492187500e+03
1.727628707885742188e-02,2.875629043579101562e+01
1.727557182312011719e-02,1.846098785400390625e+02
1.727557182312011719e-02,2.421779785156250000e+03
1.728916168212890625e-02,1.100752441406250000e+03
1.727342605590820312e-02,-1.074371486902236938e-01
1.727771759033203125e-02,8.811796264648437500e+02
1.727890968322753906e-02,1.668144531250000000e+03
1.725935935974121094e-02,3.677014160156250000e+02
1.837778091430664062e-02,2.047798583984375000e+03
1.730036735534667969e-02,3.099920082092285156e+01
1.730298995971679688e-02,1.505564086914062500e+03
3.287768363952636719e-02,5.107666015625000000e+02
1.728034019470214844e-02,7.854107666015625000e+02
1.727008819580078125e-02,1.642905883789062500e+03
1.728653907775878906e-02,9.817546386718750000e+02
3.286027908325195312e-02,3.211563491821289062e+01
2.957797050476074219e-02,1.107381896972656250e+02
1.721024513244628906e-02,1.610516052246093750e+02
1.729655265808105469e-02,1.173236816406250000e+03
1.654386520385742188e-03,4.078430786132812500e+02
1.934766769409179688e-02,2.273622436523437500e+02
1.730537414550781250e-02,2.523365722656250000e+03
1.726961135864257812e-02,7.152290649414062500e+02
1.727557182312011719e-02,6.318275146484375000e+02
3.290820121765136719e-02,1.918644287109375000e+03
1.727223396301269531e-02,6.933765258789062500e+02
1.727795600891113281e-02,7.548386383056640625e+01
1.727604866027832031e-02,2.086087158203125000e+03
1.726555824279785156e-02,1.351654418945312500e+03
1.727557182312011719e-02,1.998050117492675781e+01
1.727581024169921875e-02,1.030563110351562500e+03
1.727628707885742188e-02,2.405947021484375000e+03
1.834297180175781250e-02,1.779648437500000000e+02
1.729846000671386719e-02,7.513628387451171875e+01
1.654386520385742188e-03,1.009408203125000000e+03
1.728701591491699219e-02,1.866718994140625000e+03
1.726460456848144531e-02,9.713225708007812500e+02
1.727938652038574219e-02,1.247004028320312500e+03
1.728439331054687500e-02,7.014057617187500000e+02
1.727390289306640625e-02,3.262075195312500000e+02
3.289747238159179688e-02,2.901209106445312500e+02
1.724553108215332031e-02,4.488428039550781250e+02
1.732206344604492188e-02,3.306698303222656250e+02
3.289341926574707031e-02,4.358273315429687500e+02
3.288125991821289062e-02,1.708178710937500000e+02
1.726841926574707031e-02,1.265333618164062500e+03
1.654386520385742188e-03,3.044765625000000000e+02
1.728630065917968750e-02,1.398486694335937500e+03
1.727724075317382812e-02,1.266596313476562500e+03
1.727581024169921875e-02,4.151913452148437500e+02
1.727414131164550781e-02,7.756091918945312500e+02
1.727604866027832031e-02,9.555313720703125000e+02
1.727509498596191406e-02,1.226388168334960938e+01
1.727652549743652344e-02,8.316114501953125000e+02
1.727557182312011719e-02,1.194325942993164062e+02
1.727557182312011719e-02,1.337497314453125000e+03
1.726460456848144531e-02,9.576508522033691406e+00
1.725530624389648438e-02,7.965852355957031250e+01
1.729607582092285156e-02,7.752315063476562500e+02
1.729083061218261719e-02,6.183949661254882812e+01
1.726102828979492188e-02,4.923641662597656250e+02
1.727795600891113281e-02,2.415837890625000000e+03
1.727676391601562500e-02,3.684695434570312500e+02
1.746201515197753906e-02,6.377811889648437500e+02
2.686977386474609375e-03,1.118815551757812500e+03
1.729822158813476562e-02,1.219858764648437500e+03
1.729011535644531250e-02,5.476930541992187500e+02
1.727271080017089844e-02,2.196128692626953125e+02
1.727604866027832031e-02,4.638767700195312500e+02
1.727533340454101562e-02,1.666342041015625000e+03
1.727604866027832031e-02,9.903084716796875000e+02
1.727557182312011719e-02,1.669991821289062500e+03
1.724457740783691406e-02,1.289060688018798828e+01
1.729607582092285156e-02,7.012495727539062500e+02
1.727557182312011719e-02,5.894207000732421875e+01
1.727604866027832031e-02,1.023669128417968750e+03
1.727509498596191406e-02,7.358783721923828125e+01
1.833987236022949219e-02,1.077161010742187500e+03
1.654386520385742188e-03,5.226642456054687500e+02
3.346109390258789062e-02,1.650668144226074219e+01
1.123547554016113281e-02,6.108214111328125000e+02
1.733040809631347656e-02,9.509399414062500000e+02
3.287076950073242188e-02,3.351766967773437500e+02
1.727008819580078125e-02,5.571956787109375000e+02
1.654386520385742188e-03,7.544667358398437500e+02
3.289556503295898438e-02,-1.347443699836730957e+00
1.730442047119140625e-02,5.861537933349609375e+01
1.725530624389648438e-02,5.162068481445312500e+02
3.289747238159179688e-02,9.070579223632812500e+02
1.727509498596191406e-02,1.092467041015625000e+03
1.727795600891113281e-02,1.681572265625000000e+03
1.724481582641601562e-02,1.076205215454101562e+02
1.730775833129882812e-02,2.568104492187500000e+03
3.736734390258789062e-02,3.680292663574218750e+02
2.111577987670898438e-02,1.510065307617187500e+02
1.130819320678710938e-02,1.106976684570312500e+03
3.292822837829589844e-02,1.279163574218750000e+03
1.724839210510253906e-02,1.002850036621093750e+03
3.292083740234375000e-02,1.226594726562500000e+03
1.726865768432617188e-02,8.510739135742187500e+02
1.730012893676757812e-02,1.359646362304687500e+03
1.863813400268554688e-02,1.266120849609375000e+03
1.731228828430175781e-02,-1.555452442169189453e+01
3.289389610290527344e-02,5.632429199218750000e+02
1.727437973022460938e-02,2.415481201171875000e+03
3.290295600891113281e-02,2.332164955139160156e+01
1.726961135864257812e-02,1.130189575195312500e+03
1.726770401000976562e-02,1.028199584960937500e+03
1.727557182312011719e-02,4.381766967773437500e+02
1.730084419250488281e-02,1.307908935546875000e+03
3.288960456848144531e-02,4.277670288085937500e+02
1.845955848693847656e-02,1.599056274414062500e+03
1.730966567993164062e-02,1.295257324218750000e+03
1.728057861328125000e-02,1.707030181884765625e+02
1.727366447448730469e-02,7.920815277099609375e+01
3.289723396301269531e-02,4.145480041503906250e+02
1.729583740234375000e-02,2.173170654296875000e+03
1.724481582641601562e-02,2.602612609863281250e+02
3.290390968322753906e-02,1.325854125976562500e+03
1.728010177612304688e-02,1.083478698730468750e+02
1.727962493896484375e-02,9.615391235351562500e+02
1.726007461547851562e-02,9.113382568359375000e+02
1.654386520385742188e-03,7.628157348632812500e+02
1.727581024169921875e-02,1.565954467773437500e+03
3.291106224060058594e-02,2.466231445312500000e+03
1.726984977722167969e-02,2.171785644531250000e+03
3.290486335754394531e-02,1.521000289916992188e+01
1.723957061767578125e-02,1.084855468750000000e+03
1.729583740234375000e-02,5.219831542968750000e+02
1.725530624389648438e-02,1.312034912109375000e+03
1.727628707885742188e-02,2.037472412109375000e+03
3.900766372680664062e-02,5.664337539672851562e+01
7.205724716186523438e-03,6.944770507812500000e+02
1.730847358703613281e-02,4.046385192871093750e+02
1.727747917175292969e-02,5.966527938842773438e+01
1.727318763732910156e-02,1.250741729736328125e+02
1.727771759033203125e-02,5.579298706054687500e+02
1.727437973022460938e-02,8.996024169921875000e+02
1.726460456848144531e-02,4.824273109436035156e+00
3.290796279907226562e-02,6.014912719726562500e+02
1.727223396301269531e-02,1.293949462890625000e+03
3.290128707885742188e-02,2.323135742187500000e+03
1.728534698486328125e-02,1.134232666015625000e+03
1.723337173461914062e-02,1.081837768554687500e+03
3.292489051818847656e-02,7.093309326171875000e+02
1.729869842529296875e-02,3.094699096679687500e+02
3.289127349853515625e-02,3.167626037597656250e+02
3.287935256958007812e-02,7.778291625976562500e+02
1.729321479797363281e-02,1.031478881835937500e+03
1.726627349853515625e-02,7.761238403320312500e+02
1.727032661437988281e-02,1.658557617187500000e+03
1.726627349853515625e-02,1.367042114257812500e+03
1.728701591491699219e-02,1.754284423828125000e+03
1.727557182312011719e-02,2.545699218750000000e+03
1.727819442749023438e-02,8.970625000000000000e+02
1.727390289306640625e-02,1.250348754882812500e+03
3.289985656738281250e-02,5.707662353515625000e+02
1.727223396301269531e-02,2.171623535156250000e+02
3.289818763732910156e-02,5.831940460205078125e+01
1.727390289306640625e-02,9.161812744140625000e+02
1.726555824279785156e-02,-7.247000122070312500e+01
1.728868484497070312e-02,4.730180053710937500e+02
1.727414131164550781e-02,1.193500732421875000e+03
1.726508140563964844e-02,1.614215087890625000e+03
1.727509498596191406e-02,1.625249481201171875e+01
1.727604866027832031e-02,1.377480316162109375e+01
1.727557182312011719e-02,3.137527275085449219e+01
1.725387573242187500e-02,3.253602600097656250e+02
1.654386520385742188e-03,6.220684814453125000e+01
1.730823516845703125e-02,2.415304870605468750e+02
1.726675033569335938e-02,2.721960937500000000e+03
1.728487014770507812e-02,2.724855468750000000e+03
1.727628707885742188e-02,3.938069152832031250e+02
1.727485656738281250e-02,6.849413452148437500e+02
1.727581024169921875e-02,1.043315673828125000e+03
1.727581024169921875e-02,6.176234130859375000e+02
1.897954940795898438e-02,1.674666870117187500e+03
1.727867126464843750e-02,1.915544921875000000e+03
1.729607582092285156e-02,2.664785644531250000e+03
1.727581024169921875e-02,1.403570709228515625e+02
3.290820121765136719e-02,2.295312042236328125e+02
1.728415489196777344e-02,9.780456542968750000e+01
1.725983619689941406e-02,1.483810180664062500e+03
1.654386520385742188e-03,9.932689819335937500e+02
3.289341926574707031e-02,3.188200683593750000e+02
1.728487014770507812e-02,1.680709716796875000e+03
1.727461814880371094e-02,1.923608154296875000e+03
1.727700233459472656e-02,1.789825195312500000e+03
3.219580650329589844e-02,9.907455444335937500e+02
1.564002037048339844e-02,1.384255737304687500e+03
4.310607910156250000e-03,6.204234619140625000e+02
1.729679107666015625e-02,5.827886352539062500e+02
1.728630065917968750e-02,8.199007987976074219e+00
3.289771080017089844e-02,2.984934692382812500e+02
1.727628707885742188e-02,6.565825805664062500e+02
1.724314689636230469e-02,1.604618530273437500e+02
1.730155944824218750e-02,9.282005004882812500e+02
1.727104187011718750e-02,3.049161682128906250e+02
1.727509498596191406e-02,6.110799560546875000e+02
1.727604866027832031e-02,1.703171630859375000e+03
1.725482940673828125e-02,2.003596435546875000e+03
1.729559898376464844e-02,1.044750244140625000e+03
1.725625991821289062e-02,1.054459716796875000e+03
1.730751991271972656e-02,2.030983764648437500e+03
1.727604866027832031e-02,1.574823486328125000e+03
1.811146736145019531e-02,2.145157470703125000e+03
1.777458190917968750e-02,1.244845825195312500e+03
1.818871498107910156e-02,1.056189819335937500e+03
1.729702949523925781e-02,2.212617683410644531e+01
1.654386520385742188e-03,1.077120895385742188e+02
1.727533340454101562e-02,1.775801269531250000e+03
1.727557182312011719e-02,1.818911132812500000e+03
1.727604866027832031e-02,1.125711791992187500e+03
1.728844642639160156e-02,1.063968505859375000e+03
3.289628028869628906e-02,1.202978881835937500e+03
1.727104187011718750e-02,1.446218139648437500e+03
1.724863052368164062e-02,1.715706481933593750e+02
1.727485656738281250e-02,5.897289428710937500e+02
3.292751312255859375e-02,6.276780395507812500e+02
1.728415489196777344e-02,4.249930191040039062e+01
3.288269042968750000e-02,5.834573364257812500e+02
1.725172996520996094e-02,8.205242919921875000e+01
1.730394363403320312e-02,8.323414916992187500e+02
1.727509498596191406e-02,8.471549224853515625e+01
1.726865768432617188e-02,1.176857788085937500e+03
1.727533340454101562e-02,7.419282226562500000e+02
1.727676391601562500e-02,8.428996276855468750e+01
1.654386520385742188e-03,2.538176757812500000e+03
3.290462493896484375e-02,1.317394775390625000e+03
1.727485656738281250e-02,6.491947937011718750e+01
1.727795600891113281e-02,3.214708984375000000e+03
1.726603507995605469e-02,6.760502319335937500e+02
1.728677749633789062e-02,1.011638732910156250e+03
1.727581024169921875e-02,1.469429565429687500e+03
1.727724075317382812e-02,3.370407714843750000e+02
1.727342605590820312e-02,8.488528442382812500e+02
1.727604866027832031e-02,9.594046783447265625e+01
1.727914810180664062e-02,1.720650291442871094e+01
1.727294921875000000e-02,1.318213623046875000e+03
1.727533340454101562e-02,1.368542968750000000e+03
1.726436614990234375e-02,2.113501220703125000e+03
1.729106903076171875e-02,8.234648895263671875e+01
1.726007461547851562e-02,1.090236129760742188e+02
1.654386520385742188e-03,7.522089233398437500e+02
3.290629386901855469e-02,2.021557769775390625e+02
3.289675712585449219e-02,7.259089660644531250e+01
1.727557182312011719e-02,9.389978637695312500e+02
3.658699989318847656e-02,6.834742736816406250e+01
1.121735572814941406e-02,2.591411209106445312e+01
3.435182571411132812e-02,1.338761840820312500e+03
1.727938652038574219e-02,3.265269775390625000e+03
1.729583740234375000e-02,-5.122663974761962891e+00
1.730012893676757812e-02,1.304252319335937500e+03
1.726245880126953125e-02,8.618706665039062500e+02
1.726484298706054688e-02,2.457782287597656250e+02
1.727581024169921875e-02,1.361811889648437500e+03
1.654386520385742188e-03,6.078107299804687500e+02
1.728630065917968750e-02,1.341833862304687500e+03
1.727676391601562500e-02,1.294495971679687500e+03
1.727485656738281250e-02,1.190820236206054688e+02
1.727557182312011719e-02,7.742971191406250000e+02
1.727819442749023438e-02,1.275814941406250000e+03
1.727318763732910156e-02,4.809508132934570312e+01
1.727604866027832031e-02,9.596583862304687500e+02
1.727581024169921875e-02,6.470456542968750000e+02
1.726484298706054688e-02,6.738728332519531250e+01
1.727509498596191406e-02,2.496167968750000000e+03
1.727676391601562500e-02,4.619595031738281250e+02
1.727485656738281250e-02,8.157949218750000000e+02
1.729607582092285156e-02,1.563914947509765625e+02
1.839900016784667969e-02,1.482340698242187500e+03
1.730990409851074219e-02,9.736003417968750000e+02
1.726484298706054688e-02,1.882056579589843750e+02
1.727557182312011719e-02,1.369587646484375000e+03
1.654386520385742188e-03,5.408779907226562500e+02
1.725530624389648438e-02,3.202989196777343750e+01
1.727485656738281250e-02,2.133504295349121094e+01
1.730847358703613281e-02,1.715562988281250000e+03
1.727604866027832031e-02,6.450251770019531250e+01
1.726484298706054688e-02,5.670539550781250000e+02
1.727485656738281250e-02,9.160440063476562500e+02
1.727533340454101562e-02,1.623187744140625000e+03
1.728677749633789062e-02,7.339953002929687500e+02
1.724600791931152344e-02,1.119824829101562500e+03
3.292775154113769531e-02,1.503849243164062500e+03
1.727819442749023438e-02,1.882413940429687500e+03
1.724100112915039062e-02,2.748289489746093750e+02
3.292536735534667969e-02,1.056171630859375000e+03
1.726818084716796875e-02,1.041452026367187500e+03
1.727581024169921875e-02,3.133615112304687500e+01
1.727604866027832031e-02,1.717655639648437500e+03
1.654386520385742188e-03,1.295279296875000000e+03
1.727509498596191406e-02,2.113881835937500000e+02
1.728630065917968750e-02,2.929591369628906250e+01
3.290128707885742188e-02,2.009674194335937500e+03
1.726889610290527344e-02,1.079723022460937500e+03
1.724767684936523438e-02,7.995691528320312500e+02
1.730346679687500000e-02,2.351599365234375000e+03
1.729822158813476562e-02,1.817115478515625000e+03
1.727628707885742188e-02,5.538748168945312500e+01
1.728010177612304688e-02,2.041750000000000000e+03
1.725244522094726562e-02,8.386305541992187500e+02
1.726484298706054688e-02,1.551651977539062500e+03
1.727461814880371094e-02,1.190716674804687500e+03
1.727604866027832031e-02,4.786413955688476562e+01
1.728987693786621094e-02,2.409343719482421875e+02
1.727247238159179688e-02,1.175682128906250000e+03
1.729393005371093750e-02,3.715548324584960938e+01
4.243040084838867188e-02,4.998479614257812500e+02
2.167940139770507812e-02,4.500708312988281250e+02
1.730298995971679688e-02,1.895588989257812500e+03
1.726913452148437500e-02,3.755213317871093750e+02
1.728487014770507812e-02,1.364673339843750000e+03
1.727533340454101562e-02,1.449588470458984375e+02
1.727080345153808594e-02,9.298296508789062500e+02
1.728367805480957031e-02,6.864245605468750000e+02
1.727581024169921875e-02,1.563128540039062500e+03
3.290414810180664062e-02,1.521279541015625000e+03
1.726651191711425781e-02,6.804911041259765625e+01
1.727747917175292969e-02,1.799569702148437500e+03
1.726460456848144531e-02,2.578423309326171875e+01
1.725530624389648438e-02,9.603835296630859375e+01
1.730895042419433594e-02,2.630538940429687500e+02
1.726293563842773438e-02,4.351547241210937500e+02
1.730442047119140625e-02,1.518874267578125000e+03
3.328418731689453125e-02,1.392270996093750000e+03
1.657700538635253906e-02,7.498513793945312500e+02
5.416631698608398438e-03,1.873800659179687500e+02
1.730823516845703125e-02,1.306292114257812500e+02
3.289818763732910156e-02,1.557530029296875000e+03
1.724267005920410156e-02,1.152921020507812500e+03
1.729583740234375000e-02,8.478001708984375000e+02
1.728725433349609375e-02,1.658720703125000000e+03
1.727557182312011719e-02,1.173935791015625000e+03
1.727557182312011719e-02,1.188256958007812500e+03
1.727843284606933594e-02,6.653980102539062500e+02
1.726222038269042969e-02,5.047026367187500000e+02
1.654386520385742188e-03,3.264519042968750000e+02
1.727628707885742188e-02,6.600613594055175781e+00
1.727461814880371094e-02,4.180009841918945312e+01
1.917290687561035156e-02,4.361675415039062500e+02
1.730513572692871094e-02,1.139807861328125000e+03
1.724886894226074219e-02,4.509232177734375000e+02
1.731181144714355469e-02,4.039392089843750000e+02
1.727104187011718750e-02,8.871710205078125000e+02
1.727604866027832031e-02,2.567344238281250000e+03
1.727509498596191406e-02,1.249944610595703125e+02
1.727676391601562500e-02,4.678871154785156250e+02
1.727485656738281250e-02,4.408734130859375000e+02
1.727533340454101562e-02,3.349142578125000000e+03
1.726579666137695312e-02,1.132542236328125000e+03
1.727509498596191406e-02,9.005639038085937500e+02
1.727581024169921875e-02,6.399810791015625000e+02
1.837754249572753906e-02,1.491794128417968750e+02
1.732993125915527344e-02,1.756300048828125000e+02
1.722621917724609375e-02,1.875533691406250000e+03
1.730728149414062500e-02,9.141537475585937500e+02
1.727890968322753906e-02,1.806213378906250000e+02
1.727294921875000000e-02,4.968000488281250000e+02
1.726436614990234375e-02,1.035816040039062500e+03
1.727581024169921875e-02,2.308516601562500000e+03
1.727533340454101562e-02,2.200012207031250000e+03
1.654386520385742188e-03,3.734991699218750000e+03
1.727223396301269531e-02,8.544204711914062500e+02
1.725888252258300781e-02,-4.051857757568359375e+01
1.730728149414062500e-02,1.297377777099609375e+02
1.726484298706054688e-02,3.395639953613281250e+02
1.728606224060058594e-02,9.704367065429687500e+02
1.727604866027832031e-02,9.783505249023437500e+02
1.727557182312011719e-02,1.530803222656250000e+03
1.726531982421875000e-02,3.466322937011718750e+02
2.640867233276367188e-02,2.730752441406250000e+03
1.825022697448730469e-02,6.216295623779296875e+01
1.732730865478515625e-02,2.228940429687500000e+03
1.725316047668457031e-02,7.645420532226562500e+02
1.727485656738281250e-02,5.773549804687500000e+02
1.728010177612304688e-02,1.258450317382812500e+03
1.727581024169921875e-02,1.008572937011718750e+03
1.727819442749023438e-02,1.020363159179687500e+02
1.726198196411132812e-02,1.464779785156250000e+03
1.727533340454101562e-02,3.867201416015625000e+03
1.728057861328125000e-02,9.639230346679687500e+02
1.725053787231445312e-02,8.513260498046875000e+02
1.730775833129882812e-02,1.785396606445312500e+03
1.726388931274414062e-02,9.643959350585937500e+02
1.654386520385742188e-03,2.167980957031250000e+03
1.725578308105468750e-02,3.514618835449218750e+02
1.727533340454101562e-02,1.221101196289062500e+03
1.730251312255859375e-02,3.852571289062500000e+03
1.726984977722167969e-02,1.764193725585937500e+03
1.728606224060058594e-02,6.960126953125000000e+02
1.727604866027832031e-02,6.729199829101562500e+02
1.727533340454101562e-02,9.618231201171875000e+02
1.727604866027832031e-02,9.034133300781250000e+02
1.727557182312011719e-02,8.094931030273437500e+01
3.289747238159179688e-02,8.108396606445312500e+02
1.727294921875000000e-02,2.135643959045410156e+01
1.727414131164550781e-02,4.897281494140625000e+02
1.726865768432617188e-02,4.876419067382812500e+02
1.725625991821289062e-02,9.161024780273437500e+02
1.731538772583007812e-02,1.408961334228515625e+02
1.726770401000976562e-02,5.527708435058593750e+01
1.726484298706054688e-02,9.986377563476562500e+02
1.727509498596191406e-02,1.014469970703125000e+03
1.654386520385742188e-03,1.130270462036132812e+02
1.727509498596191406e-02,1.598820434570312500e+03
1.728725433349609375e-02,1.106520263671875000e+03
1.727533340454101562e-02,-5.375676155090332031e+00
1.726508140563964844e-02,1.301804443359375000e+03
3.290748596191406250e-02,3.569267034530639648e+00
3.289270401000976562e-02,3.068025588989257812e+01
1.728034019470214844e-02,1.314287841796875000e+03
1.724481582641601562e-02,8.983085937500000000e+02
1.730728149414062500e-02,2.422833099365234375e+02
1.726412773132324219e-02,5.570041503906250000e+02
1.727914810180664062e-02,9.940908203125000000e+02
1.727271080017089844e-02,2.142789459228515625e+02
1.654386520385742188e-03,4.465406188964843750e+02
1.725506782531738281e-02,9.462891845703125000e+02
3.291749954223632812e-02,6.619075927734375000e+02
1.730728149414062500e-02,1.489634399414062500e+02
1.724457740783691406e-02,2.022969055175781250e+02
1.727581024169921875e-02,5.344968872070312500e+02
1.725459098815917969e-02,3.561298370361328125e+00
1.730775833129882812e-02,3.147158935546875000e+03
1.727533340454101562e-02,1.744640991210937500e+03
1.857328414916992188e-02,7.675789794921875000e+02
1.730489730834960938e-02,1.681570800781250000e+03
1.727509498596191406e-02,1.563149291992187500e+03
1.727104187011718750e-02,2.534233665466308594e+01
1.727581024169921875e-02,6.916953735351562500e+02
1.727533340454101562e-02,5.373057861328125000e+02
1.727533340454101562e-02,2.430732574462890625e+02
1.797866821289062500e-02,9.882484130859375000e+02
1.629638671875000000e-02,1.356381591796875000e+03
1.736426353454589844e-02,1.971318969726562500e+03
1.730513572692871094e-02,7.269029541015625000e+02
3.289532661437988281e-02,1.040288257598876953e+01
1.838040351867675781e-02,8.016350097656250000e+02
1.730871200561523438e-02,4.438155822753906250e+02
1.726651191711425781e-02,3.196531534194946289e+00
1.727533340454101562e-02,3.403895568847656250e+02
1.727533340454101562e-02,1.634855468750000000e+03
1.727604866027832031e-02,1.761268188476562500e+03
1.726198196411132812e-02,9.225864410400390625e+01
1.728987693786621094e-02,8.566062164306640625e+01
1.730513572692871094e-02,1.044135818481445312e+02
1.725697517395019531e-02,1.818302246093750000e+03
1.724433898925781250e-02,2.584466796875000000e+03
1.730942726135253906e-02,2.917979248046875000e+03
1.726269721984863281e-02,6.947224121093750000e+02
1.728415489196777344e-02,1.036063480377197266e+01
1.654386520385742188e-03,2.213874267578125000e+03
1.727747917175292969e-02,2.682565917968750000e+02
2.839136123657226562e-02,1.881166503906250000e+03
2.504181861877441406e-02,2.249514648437500000e+03
1.727342605590820312e-02,1.209702205657958984e+01
1.724624633789062500e-02,8.231571197509765625e+01
1.729607582092285156e-02,4.688075866699218750e+02
1.725554466247558594e-02,8.717249298095703125e+01
1.729822158813476562e-02,7.979532470703125000e+02
1.725459098815917969e-02,2.223656494140625000e+03
1.729512214660644531e-02,2.618339347839355469e+01
1.730489730834960938e-02,8.890390625000000000e+02
1.726746559143066406e-02,1.889635620117187500e+03
1.728415489196777344e-02,1.889839965820312500e+03
1.722693443298339844e-02,9.233467407226562500e+02
1.730632781982421875e-02,-7.247000122070312500e+01
1.726460456848144531e-02,1.068793457031250000e+03
1.727628707885742188e-02,9.271473388671875000e+02
1.727485656738281250e-02,3.068699340820312500e+02
1.654386520385742188e-03,1.093905517578125000e+03
1.727581024169921875e-02,1.960733642578125000e+02
3.291153907775878906e-02,9.313524627685546875e+01
1.726961135864257812e-02,5.684636230468750000e+02
1.724696159362792969e-02,1.381555297851562500e+03
1.729702949523925781e-02,1.624529113769531250e+02
1.727461814880371094e-02,1.054719726562500000e+03
1.727390289306640625e-02,2.374835968017578125e+02
1.730895042419433594e-02,6.717783203125000000e+02
1.722383499145507812e-02,2.273817871093750000e+03
1.730751991271972656e-02,1.524925781250000000e+03
1.726484298706054688e-02,8.830942993164062500e+02
1.654386520385742188e-03,1.211538162231445312e+02
1.727557182312011719e-02,2.190743408203125000e+03
1.725506782531738281e-02,9.429656372070312500e+02
1.730680465698242188e-02,3.483234643936157227e+00
3.289556503295898438e-02,9.513441467285156250e+01
1.727628707885742188e-02,4.650391845703125000e+02
1.727581024169921875e-02,-7.247000122070312500e+01
1.726603507995605469e-02,2.785231018066406250e+02
1.727604866027832031e-02,1.198280151367187500e+03
1.727557182312011719e-02,4.679159240722656250e+02
3.291034698486328125e-02,2.206263916015625000e+03
1.726984977722167969e-02,2.567967773437500000e+03
2.389979362487792969e-02,1.274846420288085938e+02
1.787161827087402344e-02,2.189927246093750000e+03
6.497621536254882812e-03,7.625463867187500000e+01
1.730751991271972656e-02,2.418052673339843750e+02
1.727557182312011719e-02,1.498705322265625000e+03
1.727724075317382812e-02,5.467187500000000000e+02
1.726365089416503906e-02,1.953521606445312500e+03
1.728725433349609375e-02,5.708657836914062500e+02
1.726412773132324219e-02,5.953059692382812500e+02
1.725506782531738281e-02,2.613378295898437500e+02
1.729631423950195312e-02,5.191246948242187500e+02
1.727557182312011719e-02,1.319521850585937500e+03
1.735687255859375000e-02,6.858341674804687500e+02
1.721620559692382812e-02,1.212107177734375000e+03
1.726841926574707031e-02,1.364080810546875000e+01
1.727271080017089844e-02,7.857523803710937500e+02
1.871919631958007812e-02,2.701028808593750000e+03
1.729846000671386719e-02,2.115295104980468750e+02
1.654386520385742188e-03,1.724908569335937500e+03
1.727652549743652344e-02,4.719130859375000000e+02
3.290581703186035156e-02,4.266113281250000000e+02
1.727461814880371094e-02,2.104856201171875000e+03
1.727366447448730469e-02,1.724855468750000000e+03
1.726961135864257812e-02,2.168031768798828125e+02
1.728224754333496094e-02,1.532015625000000000e+03
1.727008819580078125e-02,1.530587158203125000e+03
1.727485656738281250e-02,7.605112915039062500e+02
1.654386520385742188e-03,1.068584594726562500e+03
1.728177070617675781e-02,3.139028625488281250e+02
1.726937294006347656e-02,5.777695922851562500e+02
1.840972900390625000e-02,1.030061264038085938e+02
1.730108261108398438e-02,1.752718261718750000e+03
1.727342605590820312e-02,8.918148803710937500e+01
3.290820121765136719e-02,4.873862609863281250e+02
1.727247238159179688e-02,7.612833862304687500e+02
1.728105545043945312e-02,5.326615905761718750e+01
1.726269721984863281e-02,1.759360656738281250e+02
1.727581024169921875e-02,1.234099975585937500e+03
1.727533340454101562e-02,4.450787963867187500e+02
1.727652549743652344e-02,1.504989624023437500e+03
1.727962493896484375e-02,9.497010498046875000e+02
1.727104187011718750e-02,1.540701031684875488e+00
1.654386520385742188e-03,1.305279052734375000e+03
1.728200912475585938e-02,2.863023986816406250e+02
1.728105545043945312e-02,6.099927368164062500e+02
1.727557182312011719e-02,2.114532852172851562e+01
1.727533340454101562e-02,1.710373657226562500e+03
1.727676391601562500e-02,4.956732273101806641e+00
1.727604866027832031e-02,1.175829620361328125e+02
1.727414131164550781e-02,7.345378417968750000e+02
1.727604866027832031e-02,7.189250488281250000e+02
1.727581024169921875e-02,3.217992248535156250e+02
1.727628707885742188e-02,8.141204071044921875e+01
1.726603507995605469e-02,3.972511291503906250e+02
1.728463172912597656e-02,1.441151367187500000e+03
1.726484298706054688e-02,1.328094482421875000e+03
1.727557182312011719e-02,7.978192749023437500e+02
1.728820800781250000e-02,1.352508789062500000e+03
1.729130744934082031e-02,1.554578002929687500e+03
1.725745201110839844e-02,1.055375854492187500e+03
3.289365768432617188e-02,1.577708740234375000e+03
1.654386520385742188e-03,1.157136108398437500e+03
1.727008819580078125e-02,1.276529541015625000e+03
1.728868484497070312e-02,3.223658203125000000e+03
1.727342605590820312e-02,1.434042968750000000e+03
2.751159667968750000e-02,3.183303260803222656e+01
1.546239852905273438e-02,2.397385742187500000e+03
7.252454757690429688e-03,4.060349121093750000e+02
1.730775833129882812e-02,3.115700073242187500e+02
1.726508140563964844e-02,4.103296813964843750e+02
1.727581024169921875e-02,5.753178405761718750e+01
1.728796958923339844e-02,1.575033325195312500e+03
1.727414131164550781e-02,8.568189697265625000e+02
1.726484298706054688e-02,1.147270996093750000e+03
1.654386520385742188e-03,3.934081115722656250e+02
3.290557861328125000e-02,8.537283325195312500e+02
1.727533340454101562e-02,1.380536743164062500e+03
1.728153228759765625e-02,8.409475708007812500e+01
1.727128028869628906e-02,7.613569335937500000e+02
1.726675033569335938e-02,8.217290039062500000e+02
1.729464530944824219e-02,3.609723388671875000e+03
1.723480224609375000e-02,4.153413085937500000e+02
1.730442047119140625e-02,5.630651092529296875e+01
1.727104187011718750e-02,2.443322998046875000e+03
1.727342605590820312e-02,1.676527587890625000e+03
1.727604866027832031e-02,8.121791992187500000e+02
1.727509498596191406e-02,2.057014892578125000e+03
1.654386520385742188e-03,1.305879028320312500e+03
3.081130981445312500e-02,1.023702636718750000e+03
9.295701980590820312e-03,1.571118286132812500e+03
1.729750633239746094e-02,1.037127151489257812e+02
1.725578308105468750e-02,8.058578491210937500e+01
1.732468605041503906e-02,1.683379394531250000e+03
1.722693443298339844e-02,7.499673461914062500e+01
1.731061935424804688e-02,3.561783752441406250e+02
1.727175712585449219e-02,1.104288208007812500e+03
1.727533340454101562e-02,2.745678405761718750e+02
1.726484298706054688e-02,2.429736083984375000e+03
1.727509498596191406e-02,1.004829177856445312e+02
1.728034019470214844e-02,1.260968261718750000e+03
1.727223396301269531e-02,6.741192626953125000e+02
1.654386520385742188e-03,1.143235717773437500e+03
1.727461814880371094e-02,2.074318885803222656e+01
1.725554466247558594e-02,1.574732543945312500e+03
1.730680465698242188e-02,1.524407104492187500e+03
1.727604866027832031e-02,8.101708984375000000e+02
1.854515075683593750e-02,1.503415771484375000e+03
1.727795600891113281e-02,3.765522241592407227e-01
1.730298995971679688e-02,7.789044799804687500e+02
1.724815368652343750e-02,5.788181152343750000e+02
1.729917526245117188e-02,3.608316040039062500e+02
1.727318763732910156e-02,8.484666748046875000e+02
1.727533340454101562e-02,7.083037109375000000e+02
1.727604866027832031e-02,1.469091552734375000e+03
1.729464530944824219e-02,1.978806396484375000e+03
1.726818084716796875e-02,1.418351074218750000e+03
1.726436614990234375e-02,1.908051848411560059e+00
1.654386520385742188e-03,1.324215820312500000e+03
1.725530624389648438e-02,4.804146423339843750e+02
1.730847358703613281e-02,1.348545776367187500e+03
1.727867126464843750e-02,1.680000976562500000e+03
3.289318084716796875e-02,4.037317276000976562e+01
1.834368705749511719e-02,8.340847778320312500e+02
1.732897758483886719e-02,3.334319305419921875e+01
1.725983619689941406e-02,4.437702941894531250e+02
1.727318763732910156e-02,1.879562011718750000e+03
1.727819442749023438e-02,4.257378540039062500e+02
1.724147796630859375e-02,5.992028427124023438e+01
1.730966567993164062e-02,7.401686401367187500e+02
1.727271080017089844e-02,1.419005126953125000e+02
1.729321479797363281e-02,8.150236816406250000e+02
3.340625762939453125e-02,1.363075439453125000e+03
9.786605834960937500e-03,5.335725708007812500e+02
1.729583740234375000e-02,3.848744506835937500e+02
1.727628707885742188e-02,3.862473449707031250e+02
3.291821479797363281e-02,1.370385498046875000e+03
1.725506782531738281e-02,8.611233520507812500e+02
1.654386520385742188e-03,4.893000411987304688e+01
3.289771080017089844e-02,1.982040786743164062e+01
1.727437973022460938e-02,5.898716430664062500e+02
1.654386520385742188e-03,3.582827758789062500e+02
1.727581024169921875e-02,6.830989837646484375e+01
1.727795600891113281e-02,1.882010955810546875e+02
1.728510856628417969e-02,2.300850868225097656e+01
1.727533340454101562e-02,8.741419219970703125e+01
1.727819442749023438e-02,9.453501586914062500e+02
1.727414131164550781e-02,7.637913818359375000e+02
1.727533340454101562e-02,1.222252197265625000e+03
1.727485656738281250e-02,8.907191162109375000e+02
1.727604866027832031e-02,6.038842773437500000e+02
1.727628707885742188e-02,7.029641723632812500e+02
1.724386215209960938e-02,6.989398803710937500e+02
1.732611656188964844e-02,1.633564453125000000e+02
3.287410736083984375e-02,5.640145874023437500e+02
1.728057861328125000e-02,5.453843994140625000e+02
1.726388931274414062e-02,1.481242675781250000e+03
1.727604866027832031e-02,6.774829864501953125e+01
1.654386520385742188e-03,9.671842956542968750e+01
3.290104866027832031e-02,7.607947998046875000e+02
1.654386520385742188e-03,1.568290161132812500e+03
1.728248596191406250e-02,1.962243347167968750e+02
1.727581024169921875e-02,1.127542968750000000e+03
3.289747238159179688e-02,7.052272033691406250e+01
1.729416847229003906e-02,1.109811035156250000e+03
1.724553108215332031e-02,1.788328704833984375e+02
1.725435256958007812e-02,0.000000000000000000e+00
1.730847358703613281e-02,6.166271362304687500e+02
1.727628707885742188e-02,3.859270324707031250e+02
1.727485656738281250e-02,6.772061767578125000e+02
1.729297637939453125e-02,1.563149261474609375e+02
3.287911415100097656e-02,1.565539073944091797e+01
1.726579666137695312e-02,7.283898315429687500e+02
1.654386520385742188e-03,2.897548095703125000e+03
1.725435256958007812e-02,3.165281066894531250e+02
1.730847358703613281e-02,7.107757568359375000e+01
1.726651191711425781e-02,1.536068237304687500e+03
1.727294921875000000e-02,3.104496765136718750e+02
1.727557182312011719e-02,-7.016365051269531250e+01
1.728749275207519531e-02,1.306234375000000000e+03
3.289699554443359375e-02,2.334875976562500000e+03
1.727843284606933594e-02,1.121169067382812500e+03
1.726460456848144531e-02,1.446876342773437500e+03
1.728391647338867188e-02,7.578205566406250000e+02
1.732993125915527344e-02,9.502191925048828125e+01
3.284049034118652344e-02,1.508242797851562500e+03
1.726794242858886719e-02,1.774055175781250000e+03
1.727557182312011719e-02,2.302111358642578125e+02
1.654386520385742188e-03,1.481368896484375000e+03
1.848173141479492188e-02,1.724706298828125000e+03
1.729893684387207031e-02,5.903088378906250000e+01
1.728940010070800781e-02,2.931700439453125000e+02
1.727414131164550781e-02,3.101773452758789062e+01
3.872990608215332031e-02,2.717101669311523438e+01
1.114988327026367188e-02,2.575646728515625000e+03
1.730799674987792969e-02,1.290567993164062500e+03
1.726341247558593750e-02,1.158840576171875000e+03
1.737737655639648438e-02,8.914458007812500000e+02
1.720547676086425781e-02,2.144849853515625000e+03
1.722383499145507812e-02,7.574781494140625000e+02
1.732587814331054688e-02,1.823011322021484375e+02
1.724624633789062500e-02,3.120713623046875000e+03
1.728892326354980469e-02,6.706799926757812500e+02
1.727771759033203125e-02,2.559827117919921875e+02
1.724004745483398438e-02,2.152023925781250000e+03
1.730728149414062500e-02,1.396600708007812500e+03
1.726436614990234375e-02,1.098489990234375000e+03
1.725625991821289062e-02,2.146843566894531250e+02
1.730728149414062500e-02,2.223876953125000000e+03
1.727533340454101562e-02,1.344639770507812500e+03
1.727771759033203125e-02,3.088666992187500000e+02
1.729083061218261719e-02,2.348338378906250000e+03
1.725602149963378906e-02,2.384551269531250000e+03
1.837682723999023438e-02,1.294405517578125000e+03
1.730966567993164062e-02,3.339605712890625000e+03
3.845667839050292969e-02,2.004937255859375000e+03
1.727509498596191406e-02,-5.033341217041015625e+01
1.732516288757324219e-02,4.347918319702148438e+01
3.287744522094726562e-02,1.673522583007812500e+03
1.727771759033203125e-02,2.559245117187500000e+03
1.727509498596191406e-02,1.352615661621093750e+02
1.727819442749023438e-02,2.789062805175781250e+02
3.286504745483398438e-02,1.163344802856445312e+02
1.730799674987792969e-02,4.653454589843750000e+02
1.724219322204589844e-02,2.540613098144531250e+02
1.727867126464843750e-02,3.560085678100585938e+01
1.729273796081542969e-02,4.212621459960937500e+02
1.725602149963378906e-02,4.754426269531250000e+02
1.730227470397949219e-02,3.397403076171875000e+03
1.724886894226074219e-02,7.584836578369140625e+01
1.729631423950195312e-02,2.497701416015625000e+02
1.727581024169921875e-02,5.595670318603515625e+01
1.730442047119140625e-02,3.775437011718750000e+02
1.724672317504882812e-02,1.370619354248046875e+02
1.725482940673828125e-02,1.324016601562500000e+03
1.727652549743652344e-02,1.038520050048828125e+01
1.730656623840332031e-02,1.435034057617187500e+03
1.726865768432617188e-02,1.651124877929687500e+03
1.654386520385742188e-03,5.500997924804687500e+02
1.725101470947265625e-02,9.759920654296875000e+02
1.727581024169921875e-02,4.949642944335937500e+02
3.292679786682128906e-02,7.564578857421875000e+02
1.727938652038574219e-02,1.196336441040039062e+02
1.727676391601562500e-02,1.870935668945312500e+03
1.727366447448730469e-02,5.052238845825195312e+01
1.727485656738281250e-02,1.366075317382812500e+03
1.727581024169921875e-02,5.732158813476562500e+02
3.289723396301269531e-02,6.078475952148437500e+02
1.727485656738281250e-02,9.221967773437500000e+02
1.727628707885742188e-02,3.114730224609375000e+02
1.728010177612304688e-02,1.466483917236328125e+02
1.724314689636230469e-02,6.782293090820312500e+02
1.796722412109375000e-02,1.779294921875000000e+03
2.649998664855957031e-02,3.054212036132812500e+02
1.730442047119140625e-02,9.384106445312500000e+02
1.727747917175292969e-02,1.170821289062500000e+03
1.729559898376464844e-02,8.768463745117187500e+02
3.287410736083984375e-02,3.915383605957031250e+02
1.726794242858886719e-02,3.271849060058593750e+02
1.654386520385742188e-03,5.382141723632812500e+02
1.725530624389648438e-02,2.669348754882812500e+02
1.730918884277343750e-02,9.508967285156250000e+02
1.727342605590820312e-02,7.877271118164062500e+02
1.727724075317382812e-02,1.663865478515625000e+03
1.727366447448730469e-02,1.311658203125000000e+03
1.727676391601562500e-02,2.788431091308593750e+02
1.724386215209960938e-02,1.557927001953125000e+03
1.729631423950195312e-02,4.915843200683593750e+02
1.728725433349609375e-02,-3.114307212829589844e+01
1.726531982421875000e-02,1.170900024414062500e+03
1.730298995971679688e-02,3.949277648925781250e+02
3.287792205810546875e-02,2.042153778076171875e+02
1.889753341674804688e-02,1.665811767578125000e+02
1.731085777282714844e-02,5.005717086791992188e+01
1.727557182312011719e-02,8.717897338867187500e+02
1.724934577941894531e-02,4.233634948730468750e+02
1.729106903076171875e-02,6.748830318450927734e+00
1.727771759033203125e-02,3.522345275878906250e+02
1.727366447448730469e-02,5.997496948242187500e+02
3.290867805480957031e-02,3.847205505371093750e+02
1.727223396301269531e-02,5.649661254882812500e+02
1.727366447448730469e-02,5.290209350585937500e+02
1.728105545043945312e-02,6.221959228515625000e+02
1.727604866027832031e-02,4.347127380371093750e+02
1.839733123779296875e-02,1.127275268554687500e+03
1.729893684387207031e-02,1.379535293579101562e+01
1.654386520385742188e-03,1.819882446289062500e+03
1.725482940673828125e-02,1.343852783203125000e+03
1.727604866027832031e-02,2.144333984375000000e+03
1.730704307556152344e-02,2.791216373443603516e+00
1.727628707885742188e-02,2.449482879638671875e+02
1.726531982421875000e-02,1.038702148437500000e+03
1.728558540344238281e-02,2.313731689453125000e+02
1.727771759033203125e-02,9.646093139648437500e+02
1.727485656738281250e-02,5.270993804931640625e+01
1.727533340454101562e-02,5.001601257324218750e+02
1.726436614990234375e-02,1.607092285156250000e+03
1.727581024169921875e-02,4.306702911853790283e-01
1.727557182312011719e-02,1.488386077880859375e+02
1.725530624389648438e-02,1.299148681640625000e+03
1.734232902526855469e-02,9.935905456542968750e+01
1.720905303955078125e-02,1.725492553710937500e+03
1.730775833129882812e-02,1.742340698242187500e+03
1.727581024169921875e-02,1.517229736328125000e+03
1.727581024169921875e-02,1.618407958984375000e+03
1.840019226074218750e-02,5.890013427734375000e+02
1.729869842529296875e-02,2.915080871582031250e+02
1.654386520385742188e-03,2.370114746093750000e+02
1.728868484497070312e-02,9.754206542968750000e+02
1.727437973022460938e-02,1.611817382812500000e+03
1.727890968322753906e-02,4.823581237792968750e+02
1.727437973022460938e-02,9.176911010742187500e+02
1.726293563842773438e-02,2.399658050537109375e+02
1.728677749633789062e-02,3.473268127441406250e+02
1.726412773132324219e-02,1.452946289062500000e+03
2.417778968811035156e-02,2.179591674804687500e+02
1.641893386840820312e-02,1.649546997070312500e+03
8.296966552734375000e-03,3.081056213378906250e+02
1.730775833129882812e-02,9.093382568359375000e+02
1.831221580505371094e-02,1.857151000976562500e+03
1.737880706787109375e-02,8.166189575195312500e+02
1.717591285705566406e-02,2.870744514465332031e+01
1.730442047119140625e-02,2.860878295898437500e+02
1.727867126464843750e-02,5.387980346679687500e+02
1.727581024169921875e-02,2.979030761718750000e+02
1.727151870727539062e-02,1.361173217773437500e+03
1.724886894226074219e-02,1.342276000976562500e+02
2.046799659729003906e-02,5.677171020507812500e+02
1.831293106079101562e-02,2.089827117919921875e+02
1.726889610290527344e-02,1.981393280029296875e+02
1.654386520385742188e-03,8.218591918945312500e+02
1.725506782531738281e-02,2.903529541015625000e+03
1.727485656738281250e-02,6.230756759643554688e+01
1.727604866027832031e-02,9.078015747070312500e+02
1.727509498596191406e-02,2.088788604736328125e+02
1.730799674987792969e-02,4.916852722167968750e+02
3.289699554443359375e-02,1.300707275390625000e+03
1.727628707885742188e-02,1.177186889648437500e+03
2.300882339477539062e-02,1.842881713867187500e+03
1.668453216552734375e-02,9.764758911132812500e+02
2.594614028930664062e-02,1.109144409179687500e+03
2.165555953979492188e-02,6.942185211181640625e+01
2.729511260986328125e-02,-2.774669265747070312e+01
2.193951606750488281e-02,3.419715270996093750e+02
1.619338989257812500e-02,1.424751281738281250e+02
2.700829505920410156e-02,6.171750488281250000e+02
2.234816551208496094e-02,2.092758300781250000e+03
1.537442207336425781e-02,1.008330078125000000e+03
2.726697921752929688e-02,4.827109375000000000e+02
2.133154869079589844e-02,4.807636108398437500e+02
1.750278472900390625e-02,4.334240417480468750e+02
1.966357231140136719e-02,7.053725585937500000e+02
1.877713203430175781e-02,1.160103759765625000e+02
1.954746246337890625e-02,7.041500244140625000e+02
1.728105545043945312e-02,9.235219726562500000e+02
1.727199554443359375e-02,1.795026550292968750e+02
1.846981048583984375e-02,5.176147842407226562e+01
1.729941368103027344e-02,9.460457153320312500e+02
1.729083061218261719e-02,9.279637451171875000e+02
1.724982261657714844e-02,2.589508666992187500e+02
1.729321479797363281e-02,2.713042068481445312e+01
1.727533340454101562e-02,2.395825927734375000e+03
1.726913452148437500e-02,1.395997802734375000e+03
1.728367805480957031e-02,1.105034545898437500e+03
1.727604866027832031e-02,1.264983886718750000e+03
1.727509498596191406e-02,9.419475097656250000e+02
3.289794921875000000e-02,8.929479980468750000e+02
1.727509498596191406e-02,3.032938720703125000e+03
1.837205886840820312e-02,9.411683959960937500e+02
1.730966567993164062e-02,5.842992401123046875e+01
3.289794921875000000e-02,1.478234252929687500e+03
1.724410057067871094e-02,9.121892700195312500e+02
3.292846679687500000e-02,6.079436035156250000e+02
2.372598648071289062e-02,2.621462646484375000e+03
1.730442047119140625e-02,3.136898803710937500e+02
1.727962493896484375e-02,6.466424560546875000e+01
1.727342605590820312e-02,9.572087402343750000e+02
1.727581024169921875e-02,6.549071502685546875e+01
1.726436614990234375e-02,4.682701721191406250e+02
1.727628707885742188e-02,6.474259033203125000e+02
1.727557182312011719e-02,7.956999206542968750e+01
1.726746559143066406e-02,1.342000007629394531e+01
1.729512214660644531e-02,1.942964843750000000e+03
1.727557182312011719e-02,6.683310546875000000e+02
1.727557182312011719e-02,1.205095581054687500e+03
1.726484298706054688e-02,2.300323730468750000e+03
1.727581024169921875e-02,2.372408294677734375e+02
1.654386520385742188e-03,1.233459594726562500e+03
1.728916168212890625e-02,4.850791015625000000e+02
1.833486557006835938e-02,1.205425903320312500e+03
1.730966567993164062e-02,6.669218750000000000e+02
1.727604866027832031e-02,2.700618896484375000e+03
1.724410057067871094e-02,7.211551513671875000e+02
1.729655265808105469e-02,9.880919647216796875e+01
1.725554466247558594e-02,7.844689941406250000e+01
1.727533340454101562e-02,6.041327514648437500e+02
1.729607582092285156e-02,2.507452545166015625e+02
1.727604866027832031e-02,4.037399902343750000e+02
1.727819442749023438e-02,5.920036315917968750e+01
1.727247238159179688e-02,1.449390258789062500e+03
1.730418205261230469e-02,5.258487548828125000e+02
3.287577629089355469e-02,1.155511230468750000e+03
1.654386520385742188e-03,2.395016021728515625e+02
1.724886894226074219e-02,4.856924133300781250e+02
1.729583740234375000e-02,1.725915893554687500e+03
1.728701591491699219e-02,7.706780395507812500e+02
1.727604866027832031e-02,3.159391784667968750e+02
1.727795600891113281e-02,1.738334846496582031e+01
1.727390289306640625e-02,1.359861816406250000e+03
1.727938652038574219e-02,2.415004882812500000e+03
1.727128028869628906e-02,1.024783447265625000e+03
3.290319442749023438e-02,1.778563842773437500e+03
1.726579666137695312e-02,1.745299804687500000e+03
3.290081024169921875e-02,2.178250244140625000e+03
1.727199554443359375e-02,5.108585510253906250e+02
1.728391647338867188e-02,7.047883300781250000e+02
1.727080345153808594e-02,5.669011230468750000e+02
1.727628707885742188e-02,9.998313598632812500e+02
1.727581024169921875e-02,2.078174804687500000e+03
1.727914810180664062e-02,2.488828369140625000e+03
1.728916168212890625e-02,1.815182876586914062e+01
3.287792205810546875e-02,2.532800781250000000e+03
1.654386520385742188e-03,1.314692535400390625e+02
1.726675033569335938e-02,8.942827148437500000e+02
1.728630065917968750e-02,2.152700042724609375e+02
1.727628707885742188e-02,2.042200805664062500e+03
1.727557182312011719e-02,8.901044921875000000e+02
3.286552429199218750e-02,1.418629150390625000e+03
1.727604866027832031e-02,-3.763874292373657227e+00
1.730728149414062500e-02,7.447301635742187500e+02
3.336811065673828125e-02,2.816759277343750000e+03
1.855421066284179688e-02,9.406232910156250000e+02
1.763248443603515625e-02,4.676530456542968750e+02
1.401543617248535156e-02,5.296405029296875000e+02
1.730632781982421875e-02,1.306719360351562500e+03
1.727843284606933594e-02,6.831999778747558594e+00
1.727390289306640625e-02,3.176506042480468750e+02
1.727509498596191406e-02,2.004183807373046875e+02
1.727652549743652344e-02,9.116070556640625000e+02
1.727628707885742188e-02,6.056340332031250000e+02
1.726317405700683594e-02,1.360185913085937500e+03
1.654386520385742188e-03,3.631560668945312500e+02
1.725554466247558594e-02,1.558291992187500000e+03
1.727581024169921875e-02,1.800187744140625000e+03
1.729655265808105469e-02,1.876035888671875000e+03
3.289699554443359375e-02,2.292376464843750000e+03
1.727581024169921875e-02,2.152619140625000000e+03
1.654386520385742188e-03,1.306946289062500000e+03
1.725459098815917969e-02,4.093174362182617188e+01
1.729583740234375000e-02,2.216209228515625000e+03
1.725482940673828125e-02,3.921241760253906250e+02
1.730799674987792969e-02,1.717624023437500000e+03
1.727557182312011719e-02,1.777402832031250000e+03
1.727819442749023438e-02,4.304254150390625000e+02
1.727390289306640625e-02,1.417533081054687500e+03
1.727557182312011719e-02,2.685000038146972656e+01
1.726460456848144531e-02,1.154630859375000000e+03
1.727557182312011719e-02,5.653709716796875000e+02
9.773254394531250000e-03,6.027502441406250000e+02
1.730775833129882812e-02,2.429000091552734375e+01
1.727557182312011719e-02,8.679846801757812500e+02
3.290009498596191406e-02,2.635213623046875000e+02
1.830935478210449219e-02,1.308769531250000000e+03
1.729846000671386719e-02,3.769923400878906250e+02
2.419805526733398438e-02,2.016267211914062500e+03
3.123712539672851562e-02,1.347914672851562500e+03
1.633000373840332031e-02,1.320466308593750000e+03
6.419420242309570312e-03,3.241277694702148438e+01
1.730775833129882812e-02,1.160759277343750000e+03
2.332305908203125000e-02,1.871204711914062500e+03
1.640152931213378906e-02,1.678948059082031250e+02
1.622366905212402344e-02,8.133678436279296875e+01
1.729726791381835938e-02,1.162601196289062500e+03
1.727557182312011719e-02,2.083413543701171875e+02
1.727509498596191406e-02,2.354527343750000000e+03
1.727604866027832031e-02,2.426643066406250000e+02
2.449989318847656250e-02,1.818025146484375000e+03
1.901626586914062500e-02,6.740508270263671875e+01
1.682519912719726562e-02,1.053036376953125000e+03
1.882910728454589844e-02,4.491285400390625000e+02
1.781320571899414062e-02,1.566471252441406250e+02
1.855778694152832031e-02,1.569125366210937500e+03
1.830053329467773438e-02,1.843496582031250000e+03
1.826143264770507812e-02,9.406987304687500000e+02
1.821899414062500000e-02,7.896502685546875000e+01
1.839637756347656250e-02,5.289907836914062500e+02
1.825952529907226562e-02,5.432189941406250000e+02
1.837229728698730469e-02,8.054461669921875000e+02
1.842784881591796875e-02,1.750664062500000000e+03
1.823163032531738281e-02,5.457947387695312500e+02
1.879835128784179688e-02,1.145512573242187500e+03
1.815652847290039062e-02,1.062748779296875000e+03
1.837491989135742188e-02,1.968232055664062500e+03
2.509045600891113281e-02,3.431500854492187500e+02
1.658964157104492188e-02,1.498917480468750000e+03
1.282095909118652344e-02,1.589922943115234375e+02
2.332782745361328125e-02,6.678870239257812500e+02
1.839566230773925781e-02,2.661084472656250000e+03
1.719141006469726562e-02,1.071546264648437500e+03
1.437091827392578125e-02,1.874526367187500000e+03
2.064681053161621094e-02,1.650175048828125000e+03
1.824545860290527344e-02,1.075843017578125000e+03
1.623606681823730469e-02,7.097975463867187500e+02
3.392767906188964844e-02,1.328531494140625000e+03
1.860880851745605469e-02,5.234473266601562500e+02
1.730322837829589844e-02,5.758657226562500000e+02
1.725339889526367188e-02,-1.465546250343322754e+00
3.289246559143066406e-02,1.520515136718750000e+03
1.654386520385742188e-03,3.156380081176757812e+01
1.729702949523925781e-02,3.337148742675781250e+02
1.728415489196777344e-02,4.701713562011718750e+02
1.727795600891113281e-02,1.849530792236328125e+02
1.727700233459472656e-02,1.649593261718750000e+03
2.949166297912597656e-02,9.225342559814453125e+01
2.143788337707519531e-02,9.769173583984375000e+02
1.968765258789062500e-02,5.729862060546875000e+02
1.684021949768066406e-02,6.943258666992187500e+02
1.231837272644042969e-02,4.128741760253906250e+02
1.731729507446289062e-02,1.904166984558105469e+01
1.881885528564453125e-02,1.821689605712890625e+02
1.730751991271972656e-02,3.653625488281250000e+02
1.727890968322753906e-02,7.665028076171875000e+02
1.724338531494140625e-02,8.472784423828125000e+02
1.730942726135253906e-02,1.718392700195312500e+03
1.726293563842773438e-02,1.337595214843750000e+03
1.727533340454101562e-02,7.475144653320312500e+02
1.727604866027832031e-02,9.218588256835937500e+02
1.654386520385742188e-03,1.489570922851562500e+02
3.289675712585449219e-02,1.193311119079589844e+01
1.727581024169921875e-02,5.089134216308593750e+02
1.654386520385742188e-03,1.103217620849609375e+02
1.725435256958007812e-02,1.178532943725585938e+02
1.730751991271972656e-02,4.891488647460937500e+01
1.834583282470703125e-02,2.399713867187500000e+03
1.731252670288085938e-02,6.705258789062500000e+02
1.727342605590820312e-02,8.315177612304687500e+02
1.727533340454101562e-02,1.336584594726562500e+03
1.727581024169921875e-02,1.115983398437500000e+03
1.727581024169921875e-02,8.210710144042968750e+01
1.724410057067871094e-02,4.338913574218750000e+02
1.731634140014648438e-02,4.849660034179687500e+02
3.290414810180664062e-02,5.305373535156250000e+02
3.287744522094726562e-02,4.977551574707031250e+02
1.726889610290527344e-02,6.604656982421875000e+02
1.725888252258300781e-02,1.611484252929687500e+03
1.732015609741210938e-02,1.085001831054687500e+03
1.725625991821289062e-02,4.826435089111328125e+01
1.724600791931152344e-02,2.001929443359375000e+03
1.730728149414062500e-02,3.974512329101562500e+02
1.727795600891113281e-02,5.487556152343750000e+02
1.726269721984863281e-02,1.848103027343750000e+02
1.728749275207519531e-02,9.878219604492187500e+00
3.289914131164550781e-02,8.500491333007812500e+02
2.649474143981933594e-02,1.517487716674804688e+01
1.332736015319824219e-02,7.379701538085937500e+02
1.733088493347167969e-02,8.317623138427734375e+01
1.725077629089355469e-02,2.506149902343750000e+02
1.724553108215332031e-02,5.315932617187500000e+02
1.727747917175292969e-02,1.110723114013671875e+01
1.727533340454101562e-02,1.769906005859375000e+02
1.730608940124511719e-02,1.022721435546875000e+03
1.727461814880371094e-02,7.339125366210937500e+02
1.724576950073242188e-02,3.470784301757812500e+02
1.730775833129882812e-02,3.730431365966796875e+01
1.726484298706054688e-02,1.110538574218750000e+03
3.290581703186035156e-02,9.470609741210937500e+02
1.727461814880371094e-02,2.229316558837890625e+02
3.289985656738281250e-02,1.700053710937500000e+03
1.727271080017089844e-02,1.251459197998046875e+02
1.727962493896484375e-02,1.503928710937500000e+03
1.724314689636230469e-02,2.407524138689041138e-01
1.730179786682128906e-02,1.859535064697265625e+02
3.193306922912597656e-02,1.472667602539062500e+03
8.105516433715820312e-03,1.234104980468750000e+03
1.727557182312011719e-02,4.733092346191406250e+02
4.016256332397460938e-02,4.162243652343750000e+02
1.430439949035644531e-02,1.294007690429687500e+03
1.729965209960937500e-02,1.083930908203125000e+03
1.727318763732910156e-02,2.798121070861816406e+01
1.728677749633789062e-02,1.092394790649414062e+02
1.727485656738281250e-02,1.274549804687500000e+03
1.724433898925781250e-02,7.087332153320312500e+02
3.293108940124511719e-02,2.533346557617187500e+02
1.726984977722167969e-02,1.782626342773437500e+02
1.726818084716796875e-02,7.221810302734375000e+02
1.731181144714355469e-02,5.748896026611328125e+01
1.723909378051757812e-02,2.350611083984375000e+03
1.728725433349609375e-02,1.542415008544921875e+02
1.727533340454101562e-02,7.235828247070312500e+02
1.727628707885742188e-02,1.307798339843750000e+03
1.728200912475585938e-02,5.513534545898437500e+02
1.725769042968750000e-02,7.120384521484375000e+02
1.654386520385742188e-03,1.051813812255859375e+02
1.727724075317382812e-02,1.351258300781250000e+03
1.727461814880371094e-02,1.468132171630859375e+02
1.728653907775878906e-02,1.712542236328125000e+03
1.727604866027832031e-02,1.351726684570312500e+03
1.727604866027832031e-02,2.673371887207031250e+02
1.724386215209960938e-02,1.038574523925781250e+02
1.731586456298828125e-02,4.631482543945312500e+02
1.947069168090820312e-02,2.200830322265625000e+03
1.729798316955566406e-02,2.799743957519531250e+02
1.728701591491699219e-02,1.573894653320312500e+02
1.726555824279785156e-02,1.164669067382812500e+03
1.654386520385742188e-03,9.690212249755859375e+01
3.290486335754394531e-02,5.928776550292968750e+01
1.729631423950195312e-02,2.068388824462890625e+02
1.728057861328125000e-02,5.025076293945312500e+02
1.724863052368164062e-02,1.868071411132812500e+03
1.728153228759765625e-02,1.193384155273437500e+03
1.727390289306640625e-02,6.553377075195312500e+02
1.724600791931152344e-02,6.664409179687500000e+02
1.730179786682128906e-02,2.460807647705078125e+02
2.183008193969726562e-02,9.299918365478515625e+01
1.561212539672851562e-02,9.899999618530273438e+00
3.365993499755859375e-03,7.912442626953125000e+02
1.727676391601562500e-02,2.410689453125000000e+03
1.730728149414062500e-02,2.257285308837890625e+01
1.727747917175292969e-02,1.624303955078125000e+03
1.726198196411132812e-02,5.884260177612304688e+01
1.725578308105468750e-02,1.346383544921875000e+03
1.729583740234375000e-02,1.688604125976562500e+03
1.728725433349609375e-02,6.962639160156250000e+02
1.727628707885742188e-02,4.271960144042968750e+02
1.726436614990234375e-02,1.384926757812500000e+03
1.654386520385742188e-03,1.898175964355468750e+02
1.728367805480957031e-02,1.038055648803710938e+02
1.728129386901855469e-02,2.052384765625000000e+03
1.727247238159179688e-02,1.380100097656250000e+03
1.727604866027832031e-02,7.500148315429687500e+02
1.727604866027832031e-02,1.366403808593750000e+03
3.289437294006347656e-02,9.855198974609375000e+02
1.727509498596191406e-02,3.530612304687500000e+03
1.727747917175292969e-02,1.777293823242187500e+03
1.727652549743652344e-02,9.706628417968750000e+01
1.724457740783691406e-02,1.097603988647460938e+02
1.727581024169921875e-02,1.123133300781250000e+03
1.737070083618164062e-02,4.968874816894531250e+02
1.720118522644042969e-02,3.533145751953125000e+03
1.728796958923339844e-02,1.280652832031250000e+03
1.727628707885742188e-02,1.143317626953125000e+03
1.727342605590820312e-02,3.041005554199218750e+02
1.727986335754394531e-02,9.953964843750000000e+02
1.726198196411132812e-02,5.184904098510742188e+01
1.654386520385742188e-03,7.545736694335937500e+02
1.727509498596191406e-02,2.328347625732421875e+02
1.728892326354980469e-02,-8.987719535827636719e+00
1.727366447448730469e-02,2.932713012695312500e+02
1.726508140563964844e-02,1.509767700195312500e+03
1.727509498596191406e-02,1.416270996093750000e+03
1.734161376953125000e-02,2.957703247070312500e+02
1.718926429748535156e-02,4.413019104003906250e+02
3.292417526245117188e-02,5.819611816406250000e+02
1.728105545043945312e-02,8.036925315856933594e+00
1.726365089416503906e-02,4.179419708251953125e+01
1.727581024169921875e-02,1.381586303710937500e+03
1.727986335754394531e-02,4.824312133789062500e+02
1.654386520385742188e-03,6.364022064208984375e+01
1.727128028869628906e-02,1.109612060546875000e+03
1.727581024169921875e-02,1.063181640625000000e+03
1.728701591491699219e-02,3.052650642395019531e+01
1.727604866027832031e-02,1.047082138061523438e+02
1.727509498596191406e-02,1.358456298828125000e+03
1.727676391601562500e-02,2.705184020996093750e+02
1.727485656738281250e-02,1.234338623046875000e+03
1.727604866027832031e-02,3.852083969116210938e+01
1.727795600891113281e-02,1.793933227539062500e+03
3.289222717285156250e-02,6.627235107421875000e+02
1.727461814880371094e-02,2.704752502441406250e+02
1.727294921875000000e-02,9.891034545898437500e+02
1.731681823730468750e-02,2.694496337890625000e+03
1.723456382751464844e-02,1.502372436523437500e+03
1.728415489196777344e-02,4.033227233886718750e+02
1.727390289306640625e-02,3.848595581054687500e+02
1.727843284606933594e-02,5.921141967773437500e+02
1.726365089416503906e-02,1.626734619140625000e+03
1.727390289306640625e-02,1.632743682861328125e+02
1.727557182312011719e-02,3.349444580078125000e+03
2.461099624633789062e-02,1.251390151977539062e+02
2.194499969482421875e-02,3.890813598632812500e+02
7.318496704101562500e-03,1.273652099609375000e+03
2.089667320251464844e-02,1.605023559570312500e+03
1.731848716735839844e-02,4.346437683105468750e+02
1.727080345153808594e-02,1.170274658203125000e+03
3.289127349853515625e-02,1.326336547851562500e+03
1.728987693786621094e-02,2.345573730468750000e+02
1.726436614990234375e-02,2.169530029296875000e+03
1.726984977722167969e-02,1.086227539062500000e+03
1.724934577941894531e-02,3.994074096679687500e+02
1.729679107666015625e-02,1.536606445312500000e+03
1.727437973022460938e-02,2.648115539550781250e+02
1.728701591491699219e-02,4.878946838378906250e+02
1.726531982421875000e-02,6.874353027343750000e+02
1.727557182312011719e-02,2.668863525390625000e+03
1.730489730834960938e-02,3.987592163085937500e+02
1.724720001220703125e-02,1.331228027343750000e+03
1.728701591491699219e-02,7.286489257812500000e+02
1.727414131164550781e-02,1.151059417724609375e+02
1.727676391601562500e-02,1.362786006927490234e+01
1.943397521972656250e-02,1.658901977539062500e+03
1.732659339904785156e-02,2.670724868774414062e+01
3.287529945373535156e-02,1.231322479248046875e+02
1.654386520385742188e-03,7.320827636718750000e+02
3.310966491699218750e-02,1.483144775390625000e+03
5.432844161987304688e-03,1.780608642578125000e+03
1.730751991271972656e-02,7.310930786132812500e+02
1.727581024169921875e-02,4.019204406738281250e+02
1.727581024169921875e-02,2.103696136474609375e+02
1.724529266357421875e-02,1.776947021484375000e+02
1.730632781982421875e-02,1.177701293945312500e+03
1.727628707885742188e-02,2.695477905273437500e+02
1.727485656738281250e-02,1.377887207031250000e+03
1.836872100830078125e-02,8.333189697265625000e+02
1.729941368103027344e-02,1.555798339843750000e+03
1.654386520385742188e-03,8.135674285888671875e+01
1.728677749633789062e-02,2.460564697265625000e+03
1.727557182312011719e-02,1.265972656250000000e+03
1.727795600891113281e-02,3.288382720947265625e+01
1.726198196411132812e-02,1.539114379882812500e+03
1.727581024169921875e-02,8.692981567382812500e+02
1.727604866027832031e-02,1.472205566406250000e+03
1.734757423400878906e-02,5.250660400390625000e+02
1.721501350402832031e-02,5.353718566894531250e+01
1.729393005371093750e-02,1.819047698974609375e+02
3.287482261657714844e-02,2.817434570312500000e+03
1.726841926574707031e-02,1.677170181274414062e+01
1.654386520385742188e-03,1.299990844726562500e+03
1.727557182312011719e-02,7.408027954101562500e+02
1.728773117065429688e-02,9.948801269531250000e+02
1.727128028869628906e-02,8.234364013671875000e+02
1.728034019470214844e-02,1.457762451171875000e+03
1.727461814880371094e-02,7.222980346679687500e+02
1.727700233459472656e-02,4.451234817504882812e+01
1.727461814880371094e-02,6.780579833984375000e+02
1.727795600891113281e-02,5.558967895507812500e+02
1.727390289306640625e-02,6.292008666992187500e+02
1.726508140563964844e-02,6.333634643554687500e+02
1.727819442749023438e-02,1.865428314208984375e+02
1.725220680236816406e-02,2.767701110839843750e+02
1.732707023620605469e-02,2.208753204345703125e+02
1.725649833679199219e-02,5.750651855468750000e+02
1.990342140197753906e-02,4.141356811523437500e+02
1.553440093994140625e-02,7.637449340820312500e+02
5.338907241821289062e-03,9.533703613281250000e+02
1.730966567993164062e-02,3.065260925292968750e+02
1.727437973022460938e-02,2.413186767578125000e+03
1.727461814880371094e-02,9.153892211914062500e+02
1.727700233459472656e-02,2.305434326171875000e+03
1.727557182312011719e-02,1.970895141601562500e+03
1.726388931274414062e-02,1.729367675781250000e+03
1.728796958923339844e-02,7.138138427734375000e+02
1.726365089416503906e-02,1.199755783081054688e+02
1.727557182312011719e-02,1.355491088867187500e+03
1.728749275207519531e-02,3.074461936950683594e+00
1.724362373352050781e-02,1.536429443359375000e+03
1.730966567993164062e-02,1.681990844726562500e+03
1.727390289306640625e-02,5.183621826171875000e+02
1.729273796081542969e-02,1.651285156250000000e+03
3.287887573242187500e-02,1.039614181518554688e+02
1.728963851928710938e-02,5.891035766601562500e+02
3.288388252258300781e-02,2.135339508056640625e+02
1.654386520385742188e-03,4.312815856933593750e+02
1.726436614990234375e-02,7.427177124023437500e+02
3.290653228759765625e-02,3.087319091796875000e+03
1.727509498596191406e-02,5.070636901855468750e+02
1.728105545043945312e-02,4.652386779785156250e+02
1.727271080017089844e-02,5.114920959472656250e+02
1.727819442749023438e-02,1.018429260253906250e+03
1.727294921875000000e-02,1.128846313476562500e+03
1.727628707885742188e-02,3.768362808227539062e+01
1.727914810180664062e-02,4.760410156250000000e+02
1.727175712585449219e-02,1.128216796875000000e+03
3.414392471313476562e-02,3.672161254882812500e+02
1.731181144714355469e-02,1.623128784179687500e+03
1.727628707885742188e-02,1.965028076171875000e+02
1.729559898376464844e-02,7.430358886718750000e+02
3.287291526794433594e-02,1.983473144531250000e+03
1.726865768432617188e-02,6.129489135742187500e+02
1.654386520385742188e-03,6.919599914550781250e+01
1.725482940673828125e-02,6.562492370605468750e+01
3.292679786682128906e-02,3.023736381530761719e+01
1.727581024169921875e-02,2.489625244140625000e+02
1.727652549743652344e-02,2.717869140625000000e+03
1.727938652038574219e-02,1.361724758148193359e+01
1.839613914489746094e-02,1.514753540039062500e+03
3.293156623840332031e-02,1.774839721679687500e+03
1.727223396301269531e-02,7.000312500000000000e+02
1.726770401000976562e-02,4.573108673095703125e+01
1.727581024169921875e-02,5.956013793945312500e+02
1.727604866027832031e-02,8.639155883789062500e+02
1.728677749633789062e-02,3.857176818847656250e+02
1.727604866027832031e-02,2.439386718750000000e+03
1.654386520385742188e-03,1.643853637695312500e+03
1.724314689636230469e-02,2.951006469726562500e+02
1.731061935424804688e-02,1.093394897460937500e+03
1.726865768432617188e-02,2.534115753173828125e+02
1.728081703186035156e-02,1.305483245849609375e+02
1.724362373352050781e-02,7.624163055419921875e+01
1.730704307556152344e-02,1.620638793945312500e+03
1.727628707885742188e-02,1.106458496093750000e+03
1.726436614990234375e-02,1.310322021484375000e+03
1.727652549743652344e-02,2.291872558593750000e+03
1.905107498168945312e-02,2.826588867187500000e+03
1.814866065979003906e-02,2.098082763671875000e+03
1.444649696350097656e-02,1.819240600585937500e+03
3.292226791381835938e-02,8.617908325195312500e+02
1.654386520385742188e-03,1.133334350585937500e+03
1.726937294006347656e-02,2.918321289062500000e+03
1.727819442749023438e-02,1.246216064453125000e+03
1.725244522094726562e-02,3.845013671875000000e+03
1.730775833129882812e-02,4.443168334960937500e+02
1.727628707885742188e-02,5.365461425781250000e+02
1.727485656738281250e-02,9.537203979492187500e+02
1.727533340454101562e-02,1.804856201171875000e+03
1.727604866027832031e-02,4.478251037597656250e+02
1.727533340454101562e-02,5.388281860351562500e+02
1.727604866027832031e-02,9.296491088867187500e+02
3.289890289306640625e-02,7.149245605468750000e+02
1.726984977722167969e-02,5.338582229614257812e+01
3.290128707885742188e-02,1.560902404785156250e+01
1.727247238159179688e-02,1.150068206787109375e+02
1.726722717285156250e-02,1.290071258544921875e+02
1.725578308105468750e-02,2.409332763671875000e+03
1.727557182312011719e-02,1.246033630371093750e+02
1.729679107666015625e-02,1.489528442382812500e+03
1.729488372802734375e-02,4.066307067871093750e+02
1.726698875427246094e-02,1.206233398437500000e+03
2.524900436401367188e-02,1.825123443603515625e+02
1.836299896240234375e-02,5.408640670776367188e+01
3.225326538085937500e-03,1.027829223632812500e+03
1.729655265808105469e-02,1.210818576812744141e+01
1.728725433349609375e-02,1.453206298828125000e+03
1.727676391601562500e-02,7.567684936523437500e+02
1.727366447448730469e-02,1.018005798339843750e+03
1.727652549743652344e-02,9.997496948242187500e+02
3.289771080017089844e-02,1.242828491210937500e+03
1.724386215209960938e-02,2.391993164062500000e+03
1.737236976623535156e-02,1.354139160156250000e+03
1.719903945922851562e-02,2.897127075195312500e+02
3.290390968322753906e-02,8.799368286132812500e+02
1.727700233459472656e-02,3.595597839355468750e+02
1.726794242858886719e-02,3.356876831054687500e+02
1.728081703186035156e-02,-6.555348968505859375e+01
1.725006103515625000e-02,1.957165039062500000e+03
1.727581024169921875e-02,2.274520568847656250e+02
1.727557182312011719e-02,1.185036254882812500e+03
3.292894363403320312e-02,1.746684082031250000e+03
1.728773117065429688e-02,2.298479309082031250e+02
3.288030624389648438e-02,1.230004577636718750e+02
1.729226112365722656e-02,1.293479003906250000e+03
1.726174354553222656e-02,3.086320800781250000e+02
1.724648475646972656e-02,6.882427368164062500e+02
1.860427856445312500e-02,1.121067581176757812e+02
1.730489730834960938e-02,2.495602264404296875e+02
1.726984977722167969e-02,8.418673095703125000e+02
1.727509498596191406e-02,2.628833007812500000e+03
3.290462493896484375e-02,9.876189422607421875e+01
1.726841926574707031e-02,1.055204589843750000e+03
1.727724075317382812e-02,1.537920654296875000e+03
1.654386520385742188e-03,1.012509918212890625e+02
3.154468536376953125e-02,1.167949340820312500e+03
6.464719772338867188e-03,1.213902359008789062e+02
1.730751991271972656e-02,4.607556457519531250e+02
1.727914810180664062e-02,2.188498535156250000e+02
1.726174354553222656e-02,9.786862792968750000e+02
1.839232444763183594e-02,1.097045898437500000e+02
1.729869842529296875e-02,7.305426025390625000e+02
1.728701591491699219e-02,1.824605957031250000e+03
1.726436614990234375e-02,1.156983642578125000e+03
1.654386520385742188e-03,8.673297729492187500e+02
1.725530624389648438e-02,6.423524780273437500e+02
1.730751991271972656e-02,1.079499877929687500e+03
1.727890968322753906e-02,8.309930801391601562e+00
3.289699554443359375e-02,1.452447387695312500e+03
