2.003192901611328125e-03,2.728218505859375000e+03
1.855325698852539062e-02,7.134303283691406250e+01
2.835679054260253906e-02,2.696125793457031250e+02
7.932662963867187500e-03,9.181610717773437500e+02
2.575182914733886719e-02,1.137775421142578125e+02
1.560330390930175781e-02,3.814196166992187500e+02
1.238155364990234375e-02,3.652792053222656250e+02
1.724743843078613281e-02,4.161247558593750000e+02
1.724791526794433594e-02,4.226555480957031250e+02
4.070997238159179688e-03,1.706165771484375000e+03
1.842546463012695312e-02,1.106069869995117188e+02
1.815366744995117188e-02,1.222767333984375000e+03
2.468776702880859375e-02,3.752121276855468750e+02
1.478409767150878906e-02,1.978450164794921875e+02
2.274179458618164062e-02,7.920784912109375000e+02
1.402640342712402344e-02,2.042515991210937500e+03
1.813268661499023438e-02,5.681476593017578125e+01
1.858472824096679688e-02,8.250506401062011719e+00
1.674246788024902344e-02,1.909984008789062500e+03
1.672172546386718750e-02,3.341739196777343750e+02
1.661348342895507812e-02,8.346761474609375000e+02
1.691651344299316406e-02,1.365831604003906250e+02
5.555391311645507812e-03,6.037042236328125000e+02
1.955604553222656250e-02,7.568255004882812500e+02
2.602863311767578125e-02,2.068349365234375000e+03
1.083183288574218750e-02,1.462177246093750000e+03
2.010416984558105469e-02,1.759040069580078125e+02
1.586675643920898438e-02,1.964124755859375000e+03
1.625823974609375000e-02,1.788783836364746094e+01
1.626014709472656250e-03,5.211862921714782715e-01
1.724815368652343750e-02,7.337205410003662109e+00
1.727843284606933594e-02,1.404434570312500000e+03
1.725196838378906250e-02,1.143850952148437500e+03
1.723122596740722656e-02,8.670966186523437500e+02
1.724815368652343750e-02,1.304175262451171875e+02
1.725769042968750000e-02,1.784510498046875000e+03
1.730298995971679688e-02,2.691736145019531250e+02
2.630233764648437500e-03,-5.000000074505805969e-02
1.726984977722167969e-02,1.628004150390625000e+03
1.725864410400390625e-02,6.190795898437500000e+02
1.724696159362792969e-02,1.296148315429687500e+03
1.723670959472656250e-02,5.759078979492187500e+02
1.724767684936523438e-02,2.466287536621093750e+02
1.726269721984863281e-02,3.936208801269531250e+02
1.721072196960449219e-02,1.497796142578125000e+03
1.726841926574707031e-02,1.158963867187500000e+03
1.827239990234375000e-02,1.043474487304687500e+03
1.812577247619628906e-02,1.798889007568359375e+02
1.787161827087402344e-02,1.604470062255859375e+02
1.556181907653808594e-02,2.012171264648437500e+03
4.651069641113281250e-03,6.096597194671630859e+00
1.835560798645019531e-02,7.820062255859375000e+02
1.840305328369140625e-02,6.620030517578125000e+02
1.852917671203613281e-02,3.845111999511718750e+02
2.363228797912597656e-02,6.587784423828125000e+02
1.324868202209472656e-02,6.571306762695312500e+02
1.836419105529785156e-02,5.093986206054687500e+02
1.700139045715332031e-02,1.197684570312500000e+03
1.732397079467773438e-02,1.573574462890625000e+03
3.077507019042968750e-03,1.260805206298828125e+02
1.912117004394531250e-02,9.776752471923828125e+01
1.742172241210937500e-02,8.739909172058105469e+00
1.852583885192871094e-02,1.590189208984375000e+02
1.842236518859863281e-02,1.499892089843750000e+03
2.210688591003417969e-02,1.881002929687500000e+03
1.439881324768066406e-02,2.399992187500000000e+03
1.797294616699218750e-02,4.882235107421875000e+02
1.561021804809570312e-02,2.758589477539062500e+02
4.262685775756835938e-03,1.450000976562500000e+03
1.868486404418945312e-02,1.201801269531250000e+03
1.849365234375000000e-02,9.936630249023437500e+01
1.781630516052246094e-02,2.857999992370605469e+01
1.883268356323242188e-02,8.110282135009765625e+01
1.815319061279296875e-02,1.925120239257812500e+02
2.058863639831542969e-02,3.219028711318969727e-01
1.553297042846679688e-02,1.859518066406250000e+03
1.558113098144531250e-02,2.695785827636718750e+02
4.703044891357421875e-03,4.155506134033203125e+01
1.728177070617675781e-02,1.303149658203125000e+03
1.724505424499511719e-02,8.471669006347656250e+01
1.723623275756835938e-02,3.647037963867187500e+02
1.724791526794433594e-02,1.830829925537109375e+02
1.724791526794433594e-02,1.644988555908203125e+02
1.626014709472656250e-03,6.746819458007812500e+02
1.722526550292968750e-02,2.119828125000000000e+03
1.727962493896484375e-02,1.484455871582031250e+02
1.724696159362792969e-02,1.089616821289062500e+03
1.723647117614746094e-02,1.978098754882812500e+03
2.165865898132324219e-02,1.245098266601562500e+03
1.619863510131835938e-02,3.035728149414062500e+02
8.877992630004882812e-03,3.385065307617187500e+02
1.825022697448730469e-02,1.129426391601562500e+03
1.831865310668945312e-02,3.093890686035156250e+02
2.072644233703613281e-02,2.189485473632812500e+02
1.635813713073730469e-02,1.361144531250000000e+03
5.321025848388671875e-03,2.213362304687500000e+03
1.686811447143554688e-02,7.749070434570312500e+02
1.827120780944824219e-02,2.660949401855468750e+02
2.627968788146972656e-02,1.571386718750000000e+03
1.618075370788574219e-02,6.608732299804687500e+02
1.661014556884765625e-02,2.270870361328125000e+02
1.346302032470703125e-02,6.341513671875000000e+02
1.819348335266113281e-02,2.020647735595703125e+02
1.689076423645019531e-02,1.032994689941406250e+02
1.828956604003906250e-02,5.090399780273437500e+02
1.707887649536132812e-02,2.595165405273437500e+02
4.949569702148437500e-03,2.154010772705078125e+02
1.680469512939453125e-02,5.666769409179687500e+02
2.864646911621093750e-02,5.364308471679687500e+02
1.640892028808593750e-02,1.462201904296875000e+03
1.633882522583007812e-02,2.587798583984375000e+03
1.722431182861328125e-02,3.239871215820312500e+02
1.637983322143554688e-02,3.667185668945312500e+02
1.730155944824218750e-02,6.854738616943359375e+01
1.627779006958007812e-02,1.143337646484375000e+03
1.561570167541503906e-02,9.532584838867187500e+02
3.943920135498046875e-03,5.331561889648437500e+02
1.774072647094726562e-02,6.693729858398437500e+02
2.665019035339355469e-02,3.937663879394531250e+02
1.586794853210449219e-02,2.405973632812500000e+03
1.147508621215820312e-02,2.463756866455078125e+02
1.727890968322753906e-02,3.953021545410156250e+02
1.723670959472656250e-02,5.635854492187500000e+02
1.626014709472656250e-03,3.193212890625000000e+02
3.124427795410156250e-02,2.938493957519531250e+02
1.563882827758789062e-02,2.378296386718750000e+03
1.132631301879882812e-02,1.766929168701171875e+02
1.903104782104492188e-02,1.641334228515625000e+03
1.824355125427246094e-02,1.076719970703125000e+03
1.870131492614746094e-02,1.996792297363281250e+02
1.771116256713867188e-02,4.493978271484375000e+02
1.871275901794433594e-02,3.343603820800781250e+02
1.626014709472656250e-03,1.791659698486328125e+02
1.803302764892578125e-02,1.826839965820312500e+03
1.908254623413085938e-02,1.355247680664062500e+03
1.744437217712402344e-02,3.001535034179687500e+02
1.827883720397949219e-02,2.448472137451171875e+02
1.833581924438476562e-02,3.578363342285156250e+02
1.844811439514160156e-02,1.206418701171875000e+03
1.987528800964355469e-02,9.733208007812500000e+02
1.589417457580566406e-02,1.796300048828125000e+02
1.558923721313476562e-02,1.851080169677734375e+02
3.305435180664062500e-03,9.270308837890625000e+02
1.728010177612304688e-02,2.760409164428710938e+01
1.724672317504882812e-02,1.760767669677734375e+02
1.723647117614746094e-02,2.387871093750000000e+02
1.724767684936523438e-02,1.392316040039062500e+03
1.725816726684570312e-02,2.233137359619140625e+02
1.723670959472656250e-02,1.039449218750000000e+03
1.626014709472656250e-03,1.531775512695312500e+03
1.722598075866699219e-02,8.065750885009765625e+01
1.728057861328125000e-02,1.024779907226562500e+03
1.724553108215332031e-02,2.071160400390625000e+03
1.723694801330566406e-02,3.796191406250000000e+02
1.724720001220703125e-02,1.289200439453125000e+02
1.726293563842773438e-02,2.040010131835937500e+03
1.723194122314453125e-02,2.356056884765625000e+03
1.705169677734375000e-02,1.881928588867187500e+03
1.626014709472656250e-03,1.616718994140625000e+03
1.724743843078613281e-02,4.738049621582031250e+02
1.728153228759765625e-02,1.527990844726562500e+03
1.724529266357421875e-02,5.876305541992187500e+02
1.724696159362792969e-02,3.580952453613281250e+02
2.123618125915527344e-02,2.642123291015625000e+03
1.725554466247558594e-02,1.222907943725585938e+02
1.626634597778320312e-02,1.160484619140625000e+03
1.139092445373535156e-02,1.341342163085937500e+03
1.602029800415039062e-02,1.548151489257812500e+03
1.755547523498535156e-02,6.032162904739379883e-01
1.429700851440429688e-02,1.059078247070312500e+03
1.724648475646972656e-02,5.021308288574218750e+02
1.626014709472656250e-03,2.883725280761718750e+02
1.728224754333496094e-02,6.007501831054687500e+02
1.724529266357421875e-02,2.769887390136718750e+02
1.724743843078613281e-02,8.326141357421875000e+02
1.721572875976562500e-02,2.167216552734375000e+03
1.727914810180664062e-02,2.205647735595703125e+02
1.724791526794433594e-02,4.810153503417968750e+02
1.723527908325195312e-02,2.386568115234375000e+03
1.626014709472656250e-03,5.825147628784179688e+01
1.722645759582519531e-02,1.695072631835937500e+03
1.728153228759765625e-02,6.269585571289062500e+02
1.724624633789062500e-02,4.867835998535156250e+02
1.723527908325195312e-02,7.687014160156250000e+02
1.724815368652343750e-02,1.615744262695312500e+03
1.725792884826660156e-02,2.433744384765625000e+03
1.723694801330566406e-02,1.759389953613281250e+02
1.626014709472656250e-03,4.826030883789062500e+02
1.725459098815917969e-02,5.292739257812500000e+02
1.725220680236816406e-02,5.871803588867187500e+02
1.724576950073242188e-02,1.768896850585937500e+03
1.721525192260742188e-02,1.620191528320312500e+03
1.726818084716796875e-02,2.431079254150390625e+02
1.724791526794433594e-02,1.268540649414062500e+03
1.722502708435058594e-02,8.266873779296875000e+02
1.626014709472656250e-03,8.881260986328125000e+02
1.727986335754394531e-02,2.676116943359375000e+02
1.724743843078613281e-02,1.808117309570312500e+03
1.062893867492675781e-02,1.769170074462890625e+02
1.726913452148437500e-02,1.911496124267578125e+02
1.724672317504882812e-02,8.677481689453125000e+02
2.048516273498535156e-02,2.785053100585937500e+02
1.626014709472656250e-03,3.646686096191406250e+02
3.091001510620117188e-02,6.636597900390625000e+02
1.567292213439941406e-02,1.001397155761718750e+03
7.948398590087890625e-03,3.042872428894042969e+01
1.726841926574707031e-02,1.815510711669921875e+02
1.845002174377441406e-02,4.516957702636718750e+02
1.935744285583496094e-02,1.391557006835937500e+03
1.626014709472656250e-03,1.462694091796875000e+03
1.831531524658203125e-02,2.564380798339843750e+02
1.844525337219238281e-02,3.690452575683593750e+02
2.634739875793457031e-02,2.091340789794921875e+02
1.598715782165527344e-02,4.863111877441406250e+02
1.232099533081054688e-02,-1.456946969032287598e+00
1.726818084716796875e-02,1.377322082519531250e+02
1.626014709472656250e-03,5.245800170898437500e+02
1.725721359252929688e-02,4.700845642089843750e+02
1.725077629089355469e-02,5.803377532958984375e+01
1.724481582641601562e-02,2.294834716796875000e+03
1.724910736083984375e-02,1.572516967773437500e+03
1.722478866577148438e-02,1.407712524414062500e+03
1.837444305419921875e-02,4.083890686035156250e+02
1.727008819580078125e-02,4.095960083007812500e+02
1.626014709472656250e-03,1.256362915039062500e+03
1.722717285156250000e-02,7.984946899414062500e+02
1.727199554443359375e-02,2.058927764892578125e+02
1.725459098815917969e-02,2.360277557373046875e+02
1.724743843078613281e-02,1.384728393554687500e+03
1.723575592041015625e-02,2.240781250000000000e+03
1.558756828308105469e-02,1.849038208007812500e+03
1.726794242858886719e-02,2.075039825439453125e+02
1.726174354553222656e-02,4.591447448730468750e+02
1.723361015319824219e-02,1.853563880920410156e+01
1.626014709472656250e-03,1.567986392974853516e+01
1.843214035034179688e-02,1.830100219726562500e+03
1.728224754333496094e-02,1.351069946289062500e+02
1.723527908325195312e-02,1.685369506835937500e+03
1.724743843078613281e-02,1.901670227050781250e+02
1.726174354553222656e-02,6.086773681640625000e+02
7.800817489624023438e-03,1.305458740234375000e+03
2.840566635131835938e-02,2.434870910644531250e+02
1.590228080749511719e-02,7.096596069335937500e+02
1.018261909484863281e-02,9.504329223632812500e+02
1.726865768432617188e-02,4.609070129394531250e+02
1.725912094116210938e-02,1.042636032104492188e+02
1.723504066467285156e-02,1.574844116210937500e+03
1.626014709472656250e-03,3.917890548706054688e+00
1.724767684936523438e-02,2.993833312988281250e+02
1.726078987121582031e-02,3.262175292968750000e+02
1.827669143676757812e-02,2.330604248046875000e+02
1.728129386901855469e-02,1.808640869140625000e+03
1.721668243408203125e-02,6.494740600585937500e+02
1.724672317504882812e-02,1.720445678710937500e+03
1.048254966735839844e-02,3.692218627929687500e+02
2.895474433898925781e-02,7.861964721679687500e+02
1.541733741760253906e-02,9.456696777343750000e+02
1.014757156372070312e-02,1.470070922851562500e+03
1.726865768432617188e-02,7.580511474609375000e+01
1.725792884826660156e-02,1.373191928863525391e+01
1.723694801330566406e-02,4.113968811035156250e+02
1.626014709472656250e-03,5.425355224609375000e+02
1.724648475646972656e-02,4.770666198730468750e+02
1.725864410400390625e-02,1.265065002441406250e+02
1.724886894226074219e-02,7.703565673828125000e+02
1.723480224609375000e-02,1.453896362304687500e+03
1.725149154663085938e-02,1.492301879882812500e+03
1.724314689636230469e-02,1.302575561523437500e+03
1.724743843078613281e-02,1.779052124023437500e+03
1.626014709472656250e-03,2.196310058593750000e+03
1.726031303405761719e-02,2.217784309387207031e+01
1.724529266357421875e-02,2.009028625488281250e+02
1.849460601806640625e-02,2.231896514892578125e+02
1.727008819580078125e-02,7.965445556640625000e+02
1.725840568542480469e-02,8.559016418457031250e+01
1.723861694335937500e-02,2.890333557128906250e+02
1.722574234008789062e-02,2.654163818359375000e+02
1.626014709472656250e-03,1.809956420898437500e+03
1.872396469116210938e-02,2.357176513671875000e+03
2.799630165100097656e-02,5.348006057739257812e+01
1.531243324279785156e-02,1.011767578125000000e+02
1.129293441772460938e-02,1.444375152587890625e+02
1.727962493896484375e-02,9.485502929687500000e+02
1.723599433898925781e-02,2.021366882324218750e+02
1.626014709472656250e-03,1.301558959960937500e+03
1.722645759582519531e-02,3.673233947753906250e+02
1.728320121765136719e-02,3.415406494140625000e+02
1.835584640502929688e-02,3.202230529785156250e+02
1.727032661437988281e-02,1.270658950805664062e+02
1.724720001220703125e-02,4.526837463378906250e+02
1.725840568542480469e-02,3.478655090332031250e+02
1.723647117614746094e-02,1.249664382934570312e+02
1.626014709472656250e-03,4.432197570800781250e+02
1.722717285156250000e-02,1.827127319335937500e+03
1.727890968322753906e-02,1.989999961853027344e+01
1.724696159362792969e-02,1.743393188476562500e+03
1.339387893676757812e-02,1.392418579101562500e+03
1.832318305969238281e-02,1.830330047607421875e+02
2.347588539123535156e-02,2.011499877929687500e+03
1.593589782714843750e-02,2.620469726562500000e+03
1.561450958251953125e-02,1.582971557617187500e+03
2.397060394287109375e-03,9.102964782714843750e+01
1.724791526794433594e-02,2.729017089843750000e+03
1.727843284606933594e-02,2.797562255859375000e+02
1.723670959472656250e-02,1.047143310546875000e+03
1.946330070495605469e-02,9.488184204101562500e+02
1.727676391601562500e-02,1.768829956054687500e+02
1.626014709472656250e-03,8.790838241577148438e+00
1.724052429199218750e-02,6.000474853515625000e+02
1.725864410400390625e-02,3.227321166992187500e+02
1.724910736083984375e-02,6.609043579101562500e+02
1.723408699035644531e-02,3.607381286621093750e+02
1.724767684936523438e-02,0.000000000000000000e+00
1.724886894226074219e-02,4.455312347412109375e+01
1.626014709472656250e-03,4.056567668914794922e+00
1.722550392150878906e-02,2.412525634765625000e+02
2.808427810668945312e-02,1.253938110351562500e+03
1.626014709472656250e-03,1.382727905273437500e+03
2.985143661499023438e-02,2.484830566406250000e+03
1.534819602966308594e-02,1.871983276367187500e+03
9.744167327880859375e-03,2.097957519531250000e+03
1.728200912475585938e-02,5.107989196777343750e+02
1.724720001220703125e-02,2.430721191406250000e+03
1.723575592041015625e-02,6.345220947265625000e+02
1.626014709472656250e-03,1.349469848632812500e+03
1.722669601440429688e-02,1.411384277343750000e+03
1.727938652038574219e-02,1.980620849609375000e+03
1.724720001220703125e-02,7.832413330078125000e+02
1.724982261657714844e-02,9.228405761718750000e+02
1.723408699035644531e-02,1.071593505859375000e+03
1.724743843078613281e-02,2.783342895507812500e+02
1.725840568542480469e-02,1.634068908691406250e+02
1.724052429199218750e-02,4.628329849243164062e+01
1.626014709472656250e-03,1.717286254882812500e+03
1.722240447998046875e-02,1.866291992187500000e+03
1.727914810180664062e-02,1.194973999023437500e+03
1.724696159362792969e-02,2.774501647949218750e+02
1.723456382751464844e-02,5.365295410156250000e+02
1.724958419799804688e-02,6.421312866210937500e+02
1.724743843078613281e-02,6.874500274658203125e+01
1.724720001220703125e-02,5.363400878906250000e+02
1.626014709472656250e-03,1.171566528320312500e+03
3.017354011535644531e-02,6.469304656982421875e+01
1.533460617065429688e-02,3.135579833984375000e+02
1.125144958496093750e-02,1.677306762695312500e+03
1.726818084716796875e-02,2.013157501220703125e+02
1.724767684936523438e-02,1.092969238281250000e+03
1.626014709472656250e-03,1.076847045898437500e+03
1.724815368652343750e-02,2.763862419128417969e+01
1.725745201110839844e-02,1.312216552734375000e+03
1.724767684936523438e-02,2.298106933593750000e+03
1.723575592041015625e-02,6.353014373779296875e+01
1.724767684936523438e-02,1.360715209960937500e+03
1.725816726684570312e-02,9.511121215820312500e+02
1.724028587341308594e-02,1.308106536865234375e+02
1.164031028747558594e-02,1.161808090209960938e+02
2.185177803039550781e-02,1.254724853515625000e+03
1.633572578430175781e-02,8.833696899414062500e+02
1.558923721313476562e-02,1.168330932617187500e+03
2.216100692749023438e-03,1.201701660156250000e+03
1.728272438049316406e-02,3.027489318847656250e+02
1.724386215209960938e-02,1.403996948242187500e+03
1.723623275756835938e-02,4.376142578125000000e+02
1.724743843078613281e-02,1.464590759277343750e+02
1.725864410400390625e-02,1.567704101562500000e+03
1.723694801330566406e-02,4.240457916259765625e+01
1.626014709472656250e-03,5.248337402343750000e+02
1.722526550292968750e-02,7.474347534179687500e+02
1.728129386901855469e-02,1.598599609375000000e+03
1.724910736083984375e-02,5.728632202148437500e+02
1.724386215209960938e-02,1.313706054687500000e+03
1.723623275756835938e-02,1.243986694335937500e+03
1.725912094116210938e-02,2.545909423828125000e+02
1.723599433898925781e-02,3.189625854492187500e+02
1.659417152404785156e-02,1.012750793457031250e+03
1.626014709472656250e-03,2.958082275390625000e+02
1.724767684936523438e-02,1.626807098388671875e+02
1.727867126464843750e-02,1.634817138671875000e+03
1.724767684936523438e-02,5.469411621093750000e+02
1.723718643188476562e-02,8.338097534179687500e+02
1.724696159362792969e-02,1.942954833984375000e+03
1.725888252258300781e-02,2.985576438903808594e+01
7.091522216796875000e-03,1.042996337890625000e+03
1.812267303466796875e-02,1.512895263671875000e+03
1.842522621154785156e-02,2.104841796875000000e+03
2.046608924865722656e-02,2.999889526367187500e+02
1.724076271057128906e-02,1.715624237060546875e+01
1.561641693115234375e-02,1.327757080078125000e+03
3.011226654052734375e-03,1.015579895019531250e+03
1.727914810180664062e-02,3.015896606445312500e+02
1.724767684936523438e-02,1.298431518554687500e+03
1.724314689636230469e-02,4.372353515625000000e+02
2.179455757141113281e-02,1.234866455078125000e+03
1.626014709472656250e-03,2.717217407226562500e+02
3.090357780456542969e-02,1.885317230224609375e+02
1.537370681762695312e-02,4.369847717285156250e+02
8.227109909057617188e-03,1.174590454101562500e+03
1.724767684936523438e-02,2.169051971435546875e+02
1.727938652038574219e-02,2.388718719482421875e+02
1.724863052368164062e-02,1.013398071289062500e+03
1.723480224609375000e-02,2.902990417480468750e+02
1.626014709472656250e-03,5.432223510742187500e+01
1.725816726684570312e-02,4.760539550781250000e+02
1.724767684936523438e-02,2.038388824462890625e+02
1.995825767517089844e-02,1.422775573730468750e+02
1.728987693786621094e-02,7.036667346954345703e+00
1.723885536193847656e-02,1.348399963378906250e+02
1.723647117614746094e-02,4.916961975097656250e+02
1.626014709472656250e-03,1.900871582031250000e+03
1.722717285156250000e-02,1.689125244140625000e+03
1.727843284606933594e-02,2.245602264404296875e+02
1.724696159362792969e-02,2.801199951171875000e+02
1.723670959472656250e-02,1.102940429687500000e+03
1.725840568542480469e-02,1.592583129882812500e+03
1.723694801330566406e-02,3.799464416503906250e+02
1.722526550292968750e-02,2.762548522949218750e+02
1.626014709472656250e-03,8.727931518554687500e+02
1.728057861328125000e-02,2.772554626464843750e+02
1.725029945373535156e-02,5.905332641601562500e+02
1.838493347167968750e-02,1.081959533691406250e+01
1.727008819580078125e-02,1.906271240234375000e+03
1.726198196411132812e-02,7.193279266357421875e+01
1.723361015319824219e-02,4.797544250488281250e+02
1.722526550292968750e-02,5.252881469726562500e+02
1.626014709472656250e-03,5.965404052734375000e+02
1.728510856628417969e-02,1.177635498046875000e+03
1.724243164062500000e-02,3.177335815429687500e+02
1.724934577941894531e-02,1.490780639648437500e+02
1.723432540893554688e-02,1.178742446899414062e+02
2.168583869934082031e-02,3.237096252441406250e+02
1.641130447387695312e-02,5.045072021484375000e+02
1.636672019958496094e-02,5.282509765625000000e+02
1.612949371337890625e-02,1.412739624023437500e+03
1.332569122314453125e-02,2.444826202392578125e+02
1.726865768432617188e-02,2.239028930664062500e+01
1.626014709472656250e-03,1.421999359130859375e+02
1.724743843078613281e-02,6.460794677734375000e+02
1.726174354553222656e-02,-1.675957083702087402e+00
1.724410057067871094e-02,4.386999816894531250e+02
1.724720001220703125e-02,3.758847656250000000e+02
1.723575592041015625e-02,1.575314575195312500e+03
1.725888252258300781e-02,1.207575225830078125e+02
1.723647117614746094e-02,2.503766937255859375e+02
1.722550392150878906e-02,8.713505859375000000e+02
1.626014709472656250e-03,2.302584228515625000e+03
1.728343963623046875e-02,2.328942537307739258e+00
1.724362373352050781e-02,1.807713378906250000e+03
1.436066627502441406e-02,1.736237304687500000e+03
1.724839210510253906e-02,1.811373901367187500e+03
1.727843284606933594e-02,2.259449615478515625e+02
1.721596717834472656e-02,1.654834289550781250e+02
1.726818084716796875e-02,1.668928375244140625e+02
1.726341247558593750e-02,1.815651733398437500e+03
1.723098754882812500e-02,1.096032714843750000e+02
1.626014709472656250e-03,3.377809143066406250e+02
1.722645759582519531e-02,1.131558959960937500e+03
1.727914810180664062e-02,2.795538574218750000e+03
1.724791526794433594e-02,1.695086669921875000e+02
1.723599433898925781e-02,2.969784240722656250e+02
1.722669601440429688e-02,7.447109985351562500e+01
1.727938652038574219e-02,5.619362792968750000e+02
1.723909378051757812e-02,1.606344451904296875e+02
1.626014709472656250e-03,3.147401428222656250e+02
1.724386215209960938e-02,2.918818847656250000e+03
1.725864410400390625e-02,4.345867614746093750e+02
1.724791526794433594e-02,6.429763183593750000e+02
1.722383499145507812e-02,4.828857421875000000e+02
1.725983619689941406e-02,5.828339233398437500e+02
2.010655403137207031e-02,2.476589508056640625e+02
1.626014709472656250e-03,2.455560150146484375e+02
1.807260513305664062e-02,5.280843505859375000e+02
1.852130889892578125e-02,1.185103225708007812e+02
2.721810340881347656e-02,2.582191772460937500e+02
1.492094993591308594e-02,1.830229949951171875e+02
1.224684715270996094e-02,5.121400070190429688e+01
1.728010177612304688e-02,1.727557495117187500e+03
1.723575592041015625e-02,1.421352539062500000e+03
1.626014709472656250e-03,7.194639282226562500e+02
1.722693443298339844e-02,5.534299316406250000e+02
1.726818084716796875e-02,1.251133270263671875e+02
1.725864410400390625e-02,4.465263366699218750e+02
1.724886894226074219e-02,2.517547302246093750e+02
1.723456382751464844e-02,8.515733032226562500e+02
1.724720001220703125e-02,1.836419982910156250e+02
1.725840568542480469e-02,2.062293701171875000e+03
1.723599433898925781e-02,1.890960327148437500e+03
1.626014709472656250e-03,1.379736938476562500e+03
1.722621917724609375e-02,1.461994750976562500e+03
1.728010177612304688e-02,2.272928619384765625e+02
1.724696159362792969e-02,2.843680419921875000e+03
1.724910736083984375e-02,1.059331542968750000e+03
1.723575592041015625e-02,4.453873291015625000e+02
1.725530624389648438e-02,3.392998657226562500e+02
1.723861694335937500e-02,7.822281494140625000e+02
1.724743843078613281e-02,1.084675674438476562e+02
1.626014709472656250e-03,2.103938140869140625e+02
1.724720001220703125e-02,4.330475769042968750e+02
1.725792884826660156e-02,1.920335937500000000e+03
1.724743843078613281e-02,2.655664672851562500e+02
1.723670959472656250e-02,2.543487091064453125e+02
1.724720001220703125e-02,3.055753784179687500e+02
1.725935935974121094e-02,2.404303466796875000e+03
1.723527908325195312e-02,1.473123168945312500e+03
6.085395812988281250e-03,7.538191528320312500e+02
1.728105545043945312e-02,1.518376220703125000e+03
1.721572875976562500e-02,3.207550048828125000e+02
1.726818084716796875e-02,1.790692260742187500e+03
1.725888252258300781e-02,7.609603271484375000e+02
1.155614852905273438e-02,1.865336425781250000e+03
2.199172973632812500e-02,1.668934570312500000e+03
1.622128486633300781e-02,1.580892822265625000e+03
1.618933677673339844e-02,2.068094787597656250e+02
1.626014709472656250e-03,1.292311035156250000e+03
1.727986335754394531e-02,1.239888916015625000e+03
1.724672317504882812e-02,4.148553466796875000e+02
2.642869949340820312e-02,2.801679687500000000e+02
1.538395881652832031e-02,1.996804321289062500e+03
1.459145545959472656e-02,4.331589965820312500e+02
3.580331802368164062e-03,3.559698104858398438e+00
1.727962493896484375e-02,8.523987579345703125e+01
1.724696159362792969e-02,8.983363342285156250e+01
1.723647117614746094e-02,7.164613647460937500e+02
1.724720001220703125e-02,5.928504638671875000e+02
1.726198196411132812e-02,4.127193603515625000e+02
1.723337173461914062e-02,8.124219360351562500e+02
1.626014709472656250e-03,1.841405273437500000e+03
1.722645759582519531e-02,8.121916770935058594e+00
1.727962493896484375e-02,2.983631591796875000e+02
1.724767684936523438e-02,8.927482299804687500e+02
1.724147796630859375e-02,4.240668487548828125e+01
1.724100112915039062e-02,6.714438629150390625e+01
1.726150512695312500e-02,3.930622558593750000e+02
1.318883895874023438e-02,7.918121337890625000e+01
1.724743843078613281e-02,1.353038024902343750e+02
1.726841926574707031e-02,1.877346801757812500e+02
1.724743843078613281e-02,2.382900390625000000e+03
1.724696159362792969e-02,1.314392242431640625e+02
1.626014709472656250e-03,1.620636444091796875e+02
1.724767684936523438e-02,5.732442626953125000e+02
1.725816726684570312e-02,1.426945434570312500e+03
1.724815368652343750e-02,6.932854461669921875e+01
1.724052429199218750e-02,1.138440795898437500e+03
1.724338531494140625e-02,2.356134277343750000e+03
1.726317405700683594e-02,7.737407836914062500e+02
1.723051071166992188e-02,7.524342346191406250e+01
1.626014709472656250e-03,2.148046569824218750e+02
1.722693443298339844e-02,1.830169982910156250e+02
1.449680328369140625e-02,1.569815673828125000e+03
2.794551849365234375e-02,6.934071044921875000e+02
1.530838012695312500e-02,1.245560058593750000e+03
1.125645637512207031e-02,6.933682250976562500e+02
1.626014709472656250e-03,3.746893066406250000e+03
1.724767684936523438e-02,1.765173339843750000e+03
1.727914810180664062e-02,5.436669921875000000e+02
1.724791526794433594e-02,2.336104278564453125e+02
2.170801162719726562e-02,3.967561340332031250e+02
1.724696159362792969e-02,2.070357177734375000e+03
2.641677856445312500e-03,1.333396362304687500e+03
1.839399337768554688e-02,4.462649841308593750e+02
2.545928955078125000e-02,1.513335815429687500e+03
1.604056358337402344e-02,5.925932006835937500e+02
1.315975189208984375e-02,3.416266174316406250e+02
1.726913452148437500e-02,2.458689208984375000e+03
1.626014709472656250e-03,3.398383483886718750e+02
1.724648475646972656e-02,1.398158691406250000e+03
1.726222038269042969e-02,8.317484741210937500e+02
1.724338531494140625e-02,4.200682830810546875e+01
1.723742485046386719e-02,6.280802612304687500e+02
1.724648475646972656e-02,2.000736572265625000e+03
1.725864410400390625e-02,6.655119018554687500e+02
1.723623275756835938e-02,1.567041259765625000e+03
1.722598075866699219e-02,8.838809967041015625e+01
1.626014709472656250e-03,4.849115295410156250e+02
1.728010177612304688e-02,2.863908386230468750e+02
1.725077629089355469e-02,1.311176757812500000e+03
1.724410057067871094e-02,6.004102783203125000e+02
1.721429824829101562e-02,9.218201293945312500e+02
1.727986335754394531e-02,7.983337402343750000e+00
1.724767684936523438e-02,9.704633178710937500e+02
1.722097396850585938e-02,1.699322265625000000e+03
1.626014709472656250e-03,7.243065795898437500e+02
1.727366447448730469e-02,4.777501220703125000e+02
1.724910736083984375e-02,1.301323242187500000e+03
1.724505424499511719e-02,1.247836669921875000e+03
2.210569381713867188e-02,5.723748168945312500e+02
1.626014709472656250e-03,1.999288452148437500e+03
3.089642524719238281e-02,1.754738403320312500e+03
1.537466049194335938e-02,1.119385910034179688e+02
8.220911026000976562e-03,9.136096191406250000e+02
1.724720001220703125e-02,1.155004043579101562e+02
2.056956291198730469e-02,8.120216369628906250e+01
1.626014709472656250e-03,6.732471313476562500e+02
1.724839210510253906e-02,1.195542846679687500e+03
1.728057861328125000e-02,3.406015319824218750e+02
1.724600791931152344e-02,3.483598327636718750e+02
1.723623275756835938e-02,1.642800415039062500e+03
1.724648475646972656e-02,1.204444335937500000e+03
1.725888252258300781e-02,2.225979766845703125e+02
1.723790168762207031e-02,8.637800903320312500e+02
1.626014709472656250e-03,1.815430419921875000e+03
1.722526550292968750e-02,7.585690917968750000e+02
1.727938652038574219e-02,1.937897949218750000e+03
2.766966819763183594e-02,2.499420654296875000e+03
1.556110382080078125e-02,5.286281127929687500e+02
1.628565788269042969e-02,1.486403930664062500e+03
5.358934402465820312e-03,2.285111694335937500e+02
1.727938652038574219e-02,-6.899999976158142090e-01
1.723647117614746094e-02,1.101901977539062500e+03
1.724815368652343750e-02,3.583099975585937500e+02
1.725745201110839844e-02,1.960234527587890625e+02
1.724815368652343750e-02,5.764026641845703125e-01
1.723599433898925781e-02,3.388616027832031250e+02
1.626014709472656250e-03,2.643493957519531250e+02
1.724720001220703125e-02,2.418586730957031250e+02
1.726460456848144531e-02,5.063994140625000000e+02
1.724076271057128906e-02,1.354026611328125000e+03
1.723909378051757812e-02,2.131728210449218750e+02
1.724481582641601562e-02,1.464398193359375000e+02
1.834392547607421875e-02,1.315128906250000000e+03
1.773476600646972656e-02,1.637404174804687500e+03
2.631425857543945312e-03,1.994194488525390625e+02
1.728153228759765625e-02,1.089511474609375000e+03
1.724958419799804688e-02,2.409087402343750000e+03
1.723408699035644531e-02,6.602452392578125000e+02
1.642036437988281250e-02,4.560868453979492188e+01
2.386140823364257812e-02,1.256878540039062500e+03
1.429581642150878906e-02,5.606140136718750000e+02
1.559352874755859375e-02,6.233265991210937500e+02
2.296924591064453125e-03,1.436437133789062500e+03
1.727914810180664062e-02,4.398913269042968750e+02
1.724767684936523438e-02,2.372521240234375000e+03
1.724743843078613281e-02,3.227043151855468750e+02
1.723647117614746094e-02,9.853984985351562500e+02
1.725864410400390625e-02,2.794604539871215820e+00
1.944255828857421875e-02,2.258945770263671875e+02
1.626014709472656250e-03,6.095952758789062500e+02
1.725006103515625000e-02,8.420071411132812500e+02
1.727867126464843750e-02,1.395302001953125000e+03
1.724815368652343750e-02,9.337639770507812500e+02
1.723575592041015625e-02,2.523486022949218750e+02
1.724767684936523438e-02,8.214361572265625000e+01
1.725935935974121094e-02,7.543887329101562500e+02
1.223778724670410156e-02,2.323360595703125000e+03
1.831817626953125000e-02,5.054065551757812500e+02
1.841402053833007812e-02,1.546951171875000000e+03
1.626014709472656250e-03,2.362034301757812500e+02
3.040504455566406250e-02,4.644408569335937500e+02
1.599693298339843750e-02,8.970690917968750000e+02
8.239030838012695312e-03,3.069521484375000000e+02
1.832890510559082031e-02,3.496128540039062500e+02
1.728248596191406250e-02,1.351361999511718750e+02
1.723909378051757812e-02,2.942434082031250000e+02
1.626014709472656250e-03,2.060496582031250000e+03
1.722383499145507812e-02,3.885262756347656250e+02
1.727890968322753906e-02,2.934427185058593750e+02
1.724982261657714844e-02,3.242192687988281250e+02
1.723384857177734375e-02,1.415554565429687500e+03
1.724720001220703125e-02,2.145049133300781250e+02
1.725435256958007812e-02,2.833978576660156250e+02
1.725220680236816406e-02,1.121961364746093750e+02
1.723599433898925781e-02,2.978805419921875000e+03
1.256322860717773438e-02,1.667118835449218750e+02
1.981806755065917969e-02,5.973329162597656250e+01
1.621198654174804688e-02,1.892942962646484375e+02
1.519894599914550781e-02,4.020299987792968750e+02
4.863023757934570312e-03,1.183300170898437500e+03
1.727557182312011719e-02,1.293954925537109375e+02
1.725149154663085938e-02,3.023067932128906250e+02
1.723599433898925781e-02,1.281859741210937500e+03
1.725840568542480469e-02,1.047760131835937500e+03
1.723670959472656250e-02,1.840168334960937500e+03
1.724839210510253906e-02,4.259422607421875000e+02
1.626014709472656250e-03,7.620493164062500000e+02
1.724624633789062500e-02,3.558274536132812500e+02
1.725840568542480469e-02,1.483411499023437500e+03
1.724696159362792969e-02,8.068843994140625000e+02
1.723718643188476562e-02,9.549311828613281250e+01
1.724672317504882812e-02,4.319370727539062500e+02
1.353859901428222656e-02,1.072480468750000000e+03
1.727724075317382812e-02,1.514703857421875000e+03
1.724338531494140625e-02,1.886557464599609375e+02
1.725363731384277344e-02,6.547109375000000000e+02
1.721644401550292969e-02,1.081464355468750000e+03
1.626014709472656250e-03,8.480565185546875000e+02
1.726770401000976562e-02,5.129140090942382812e+01
1.725840568542480469e-02,4.477920837402343750e+02
1.845383644104003906e-02,4.821657714843750000e+02
1.727890968322753906e-02,4.630842895507812500e+02
1.725196838378906250e-02,3.970906066894531250e+02
2.061820030212402344e-02,3.004259643554687500e+02
1.532196998596191406e-02,1.363216400146484375e+02
1.025843620300292969e-02,2.160810791015625000e+03
1.726865768432617188e-02,8.633688964843750000e+02
1.724720001220703125e-02,1.737927856445312500e+03
1.725244522094726562e-02,1.583411712646484375e+02
1.724362373352050781e-02,3.262223815917968750e+02
1.626014709472656250e-03,9.345321044921875000e+02
1.722574234008789062e-02,1.091714401245117188e+02
1.728272438049316406e-02,3.782086181640625000e+02
2.495551109313964844e-02,7.504060058593750000e+02
1.903200149536132812e-02,5.679031372070312500e+02
1.561021804809570312e-02,1.695771362304687500e+03
1.535654067993164062e-02,4.976214294433593750e+02
6.242036819458007812e-03,1.349923461914062500e+03
1.726865768432617188e-02,2.497017578125000000e+03
1.724648475646972656e-02,2.725749511718750000e+02
1.725959777832031250e-02,6.548330688476562500e+02
1.724171638488769531e-02,2.058794708251953125e+02
1.724171638488769531e-02,4.530834655761718750e+02
1.626014709472656250e-03,5.452314758300781250e+01
1.722669601440429688e-02,4.124849243164062500e+02
1.727890968322753906e-02,1.035480270385742188e+02
1.724910736083984375e-02,6.305540466308593750e+01
1.724529266357421875e-02,1.463149414062500000e+03
1.831793785095214844e-02,1.027891723632812500e+03
1.728200912475585938e-02,3.669745788574218750e+02
1.723766326904296875e-02,1.451672485351562500e+03
1.626014709472656250e-03,3.085681457519531250e+02
1.722431182861328125e-02,2.906184692382812500e+02
1.727962493896484375e-02,1.999567985534667969e+01
1.724767684936523438e-02,4.206390686035156250e+02
1.724934577941894531e-02,1.414939880371093750e+02
1.723122596740722656e-02,4.829565429687500000e+02
1.626014709472656250e-03,4.365144958496093750e+02
1.722931861877441406e-02,6.975966186523437500e+02
1.724910736083984375e-02,5.334890136718750000e+02
1.724767684936523438e-02,1.068981201171875000e+03
1.724696159362792969e-02,1.870396484375000000e+03
2.294635772705078125e-02,1.902978149414062500e+03
1.796627044677734375e-02,6.904819335937500000e+02
1.904726028442382812e-03,9.630296630859375000e+02
1.849055290222167969e-02,1.934914916992187500e+03
2.704644203186035156e-02,1.794251220703125000e+03
1.631736755371093750e-02,-2.776918113231658936e-01
1.241111755371093750e-02,8.123828125000000000e+02
1.724815368652343750e-02,1.336036499023437500e+03
1.860070228576660156e-02,1.641699981689453125e+01
1.726961135864257812e-02,4.650868988037109375e+01
1.652717590332031250e-02,2.899688415527343750e+02
1.608157157897949219e-02,1.522413696289062500e+03
6.247282028198242188e-03,2.005821037292480469e+01
1.728439331054687500e-02,2.140920898437500000e+03
1.723122596740722656e-02,2.289047363281250000e+03
1.724743843078613281e-02,1.427165893554687500e+03
1.725864410400390625e-02,1.586028003692626953e+01
1.723647117614746094e-02,2.108849365234375000e+03
1.724696159362792969e-02,4.082952880859375000e+01
1.626014709472656250e-03,5.303494262695312500e+02
1.722741127014160156e-02,3.425073242187500000e+02
1.727914810180664062e-02,4.408888854980468750e+02
1.724910736083984375e-02,2.144836273193359375e+02
1.723361015319824219e-02,8.066856265068054199e-01
1.724815368652343750e-02,7.422680053710937500e+02
1.725864410400390625e-02,1.770650634765625000e+03
1.723504066467285156e-02,4.753510742187500000e+02
1.626014709472656250e-03,5.506325073242187500e+02
1.724839210510253906e-02,6.196721801757812500e+02
1.725769042968750000e-02,7.945676422119140625e+01
1.721668243408203125e-02,2.104771575927734375e+02
1.727771759033203125e-02,1.830829925537109375e+02
1.723647117614746094e-02,2.080169677734375000e+03
1.725864410400390625e-02,4.118450012207031250e+02
1.723694801330566406e-02,1.904417266845703125e+02
1.626014709472656250e-03,6.148150024414062500e+02
1.724672317504882812e-02,2.339663696289062500e+02
1.725840568542480469e-02,1.571705169677734375e+02
1.724958419799804688e-02,7.646499633789062500e+02
1.724529266357421875e-02,5.991378784179687500e+02
1.723670959472656250e-02,1.369091552734375000e+03
1.725816726684570312e-02,2.930762863159179688e+01
1.723623275756835938e-02,1.094540405273437500e+03
1.725053787231445312e-02,2.531474121093750000e+03
1.626014709472656250e-03,1.154268798828125000e+03
1.724457740783691406e-02,1.864803466796875000e+03
1.725792884826660156e-02,5.842816772460937500e+02
2.641320228576660156e-02,3.293273925781250000e+01
9.102106094360351562e-03,7.353812255859375000e+02
2.181172370910644531e-02,1.938300628662109375e+02
1.531434059143066406e-02,6.185515136718750000e+02
1.559233665466308594e-02,2.286789093017578125e+02
3.213882446289062500e-03,1.301571777343750000e+03
1.727938652038574219e-02,3.112065734863281250e+02
1.724720001220703125e-02,3.847929382324218750e+01
1.724791526794433594e-02,1.205195693969726562e+02
1.723599433898925781e-02,5.888859176635742188e+01
1.724815368652343750e-02,3.585903015136718750e+02
1.725792884826660156e-02,1.327191284179687500e+03
1.723623275756835938e-02,4.193513488769531250e+02
1.626014709472656250e-03,1.633954620361328125e+02
2.591800689697265625e-02,6.251433563232421875e+01
1.727652549743652344e-02,3.553796691894531250e+02
1.725029945373535156e-02,5.804736328125000000e+02
1.723670959472656250e-02,1.756913085937500000e+03
1.722550392150878906e-02,4.449682312011718750e+02
1.626014709472656250e-03,2.674063205718994141e+00
1.728034019470214844e-02,1.047819946289062500e+03
1.724743843078613281e-02,2.327902526855468750e+02
1.937985420227050781e-02,7.629502105712890625e+01
1.727056503295898438e-02,1.236437255859375000e+03
1.726102828979492188e-02,1.010650329589843750e+02
1.723432540893554688e-02,3.658264160156250000e+02
1.724696159362792969e-02,5.056922607421875000e+02
1.626014709472656250e-03,3.189942932128906250e+02
1.725840568542480469e-02,3.867932739257812500e+02
1.724696159362792969e-02,4.413007202148437500e+02
1.724982261657714844e-02,3.301131591796875000e+02
1.721334457397460938e-02,1.918933349609375000e+03
1.644539833068847656e-02,1.000268737792968750e+03
1.727938652038574219e-02,6.544443359375000000e+02
1.723718643188476562e-02,2.162925567626953125e+02
1.626014709472656250e-03,1.840088623046875000e+03
1.722502708435058594e-02,1.065251342773437500e+03
1.840519905090332031e-02,2.231351318359375000e+03
2.048778533935546875e-02,4.675608825683593750e+02
2.045416831970214844e-02,3.190000000000000000e+02
1.610493659973144531e-02,1.462474243164062500e+03
1.461243629455566406e-02,1.346019531250000000e+03
1.610064506530761719e-02,6.434235839843750000e+02
1.565766334533691406e-02,1.267817993164062500e+03
9.896755218505859375e-03,8.548598022460937500e+02
1.726865768432617188e-02,1.359852661132812500e+03
1.951384544372558594e-02,1.550973510742187500e+03
1.724720001220703125e-02,4.296384887695312500e+02
1.626014709472656250e-03,3.222680053710937500e+02
1.727938652038574219e-02,4.084237976074218750e+02
1.724767684936523438e-02,2.476302001953125000e+03
1.724910736083984375e-02,9.693649902343750000e+02
1.723456382751464844e-02,1.763046142578125000e+03
1.725792884826660156e-02,6.413922729492187500e+02
1.723670959472656250e-02,1.008625183105468750e+02
1.725101470947265625e-02,5.320519638061523438e+01
1.626014709472656250e-03,2.056222076416015625e+02
1.724791526794433594e-02,1.488585815429687500e+03
1.725411415100097656e-02,4.315220642089843750e+01
1.724696159362792969e-02,2.403044891357421875e+02
1.723623275756835938e-02,3.683501815795898438e+01
1.725864410400390625e-02,2.672969970703125000e+02
1.723670959472656250e-02,3.205570983886718750e+02
1.722550392150878906e-02,5.490069198608398438e+01
1.626014709472656250e-03,9.725035095214843750e+01
1.726055145263671875e-02,7.058619384765625000e+02
1.726603507995605469e-02,3.864112243652343750e+02
1.725220680236816406e-02,3.319428100585937500e+02
1.847624778747558594e-02,1.569832397460937500e+03
1.728177070617675781e-02,6.572314453125000000e+02
1.723909378051757812e-02,7.583525390625000000e+02
1.722335815429687500e-02,1.865613891601562500e+03
1.626014709472656250e-03,9.046536865234375000e+02
1.727914810180664062e-02,1.198330200195312500e+03
1.724910736083984375e-02,2.742394775390625000e+03
1.724672317504882812e-02,3.499210815429687500e+02
1.723504066467285156e-02,2.493976440429687500e+02
1.135945320129394531e-02,1.329764770507812500e+03
2.594017982482910156e-02,1.575165283203125000e+03
1.631355285644531250e-02,1.464179077148437500e+03
1.226329803466796875e-02,8.612035522460937500e+02
1.724910736083984375e-02,2.424149780273437500e+02
1.724767684936523438e-02,2.018003692626953125e+02
1.626014709472656250e-03,1.604008544921875000e+03
1.834273338317871094e-02,1.364496948242187500e+03
1.728248596191406250e-02,1.905396484375000000e+03
2.546834945678710938e-02,3.127453613281250000e+02
1.637816429138183594e-02,4.549300231933593750e+02
1.573514938354492188e-02,1.255925140380859375e+02
2.019405364990234375e-03,1.516908203125000000e+03
1.724767684936523438e-02,1.890290649414062500e+03
1.724696159362792969e-02,5.989904880523681641e+00
1.724720001220703125e-02,1.419365966796875000e+03
1.724720001220703125e-02,4.446868286132812500e+02
1.724791526794433594e-02,3.556247314453125000e+03
1.724743843078613281e-02,4.129357910156250000e+02
1.724815368652343750e-02,1.037121713161468506e-01
1.724648475646972656e-02,5.417976074218750000e+02
1.626014709472656250e-03,1.286044921875000000e+03
1.724696159362792969e-02,4.387449951171875000e+02
1.724791526794433594e-02,1.108626365661621094e+01
1.724720001220703125e-02,7.412362575531005859e+00
1.724648475646972656e-02,7.576639404296875000e+02
1.724791526794433594e-02,7.729050292968750000e+02
1.673460006713867188e-02,7.549505615234375000e+02
1.724791526794433594e-02,4.777605895996093750e+02
1.724743843078613281e-02,6.266331787109375000e+02
1.626014709472656250e-03,1.554531860351562500e+03
1.724720001220703125e-02,3.419247131347656250e+02
1.724720001220703125e-02,2.296416015625000000e+02
1.724720001220703125e-02,2.279504776000976562e+01
1.724720001220703125e-02,5.555578002929687500e+02
1.724839210510253906e-02,1.043597656250000000e+03
1.724672317504882812e-02,3.238579406738281250e+02
1.724767684936523438e-02,7.111506958007812500e+02
1.013255119323730469e-02,2.742385559082031250e+02
2.204537391662597656e-02,3.851635131835937500e+02
1.539540290832519531e-02,2.188017120361328125e+02
1.558923721313476562e-02,2.447573852539062500e+02
3.202199935913085938e-03,3.256168823242187500e+02
2.041387557983398438e-02,2.246793457031250000e+03
1.727771759033203125e-02,3.481829223632812500e+02
1.721954345703125000e-02,1.578729248046875000e+03
1.727938652038574219e-02,1.419334869384765625e+02
1.723527908325195312e-02,6.136822509765625000e+02
1.626014709472656250e-03,2.097376098632812500e+02
2.061557769775390625e-02,4.536435546875000000e+02
1.833415031433105469e-02,3.676100969314575195e+00
1.844739913940429688e-02,2.039943237304687500e+03
1.943254470825195312e-02,2.166964111328125000e+02
1.686716079711914062e-02,5.428912639617919922e+00
1.562333106994628906e-02,3.515243835449218750e+02
4.364967346191406250e-03,7.847752685546875000e+02
1.727914810180664062e-02,4.295766601562500000e+02
1.723623275756835938e-02,4.267225341796875000e+02
1.836133003234863281e-02,1.739748535156250000e+03
1.727080345153808594e-02,6.034704589843750000e+02
1.626014709472656250e-03,1.200707763671875000e+03
1.722598075866699219e-02,1.910564086914062500e+03
1.727986335754394531e-02,9.183992309570312500e+02
1.724743843078613281e-02,7.439984130859375000e+02
1.721549034118652344e-02,1.483295410156250000e+03
1.726770401000976562e-02,2.705841064453125000e+02
1.725888252258300781e-02,1.886682983398437500e+03
1.723575592041015625e-02,1.771002807617187500e+03
1.626014709472656250e-03,1.789774414062500000e+03
1.722693443298339844e-02,5.208169555664062500e+02
1.727867126464843750e-02,1.371953887939453125e+02
1.725316047668457031e-02,8.886076660156250000e+02
1.723146438598632812e-02,1.411812286376953125e+02
1.724696159362792969e-02,5.756821899414062500e+02
1.722717285156250000e-02,9.002101135253906250e+01
1.834559440612792969e-02,5.612897338867187500e+02
1.991033554077148438e-03,1.323325729370117188e+01
3.001928329467773438e-02,3.688069534301757812e+01
1.533722877502441406e-02,1.722694702148437500e+02
9.228467941284179688e-03,4.491297912597656250e+02
1.726818084716796875e-02,1.488416381835937500e+03
1.725864410400390625e-02,7.547290039062500000e+02
1.723718643188476562e-02,8.588858642578125000e+02
1.626014709472656250e-03,1.589584655761718750e+02
1.722574234008789062e-02,5.091411437988281250e+02
1.727867126464843750e-02,4.342677917480468750e+02
1.724767684936523438e-02,2.993591308593750000e+02
1.723599433898925781e-02,1.087697753906250000e+03
1.724767684936523438e-02,1.685260986328125000e+03
1.726150512695312500e-02,1.247876739501953125e+02
1.723670959472656250e-02,3.092627868652343750e+02
1.725101470947265625e-02,1.671705932617187500e+03
1.626014709472656250e-03,1.819927368164062500e+03
1.724028587341308594e-02,1.702343994140625000e+03
1.725935935974121094e-02,1.656455688476562500e+03
1.724672317504882812e-02,3.392002441406250000e+03
2.446460723876953125e-02,1.670223632812500000e+03
1.543593406677246094e-02,1.162052154541015625e+02
1.446270942687988281e-02,1.349930908203125000e+03
1.725220680236816406e-02,1.087893920898437500e+03
1.626014709472656250e-03,1.411363830566406250e+02
1.727461814880371094e-02,6.947844696044921875e+01
1.724767684936523438e-02,2.368507843017578125e+02
1.724720001220703125e-02,2.345158203125000000e+03
1.723742485046386719e-02,1.255742065429687500e+03
1.725792884826660156e-02,4.883158569335937500e+02
1.724696159362792969e-02,7.802151489257812500e+01
1.723670959472656250e-02,1.713004455566406250e+02
1.626014709472656250e-03,1.060319213867187500e+03
1.725816726684570312e-02,4.118398437500000000e+02
1.724624633789062500e-02,3.139657592773437500e+02
1.723694801330566406e-02,3.199120712280273438e+01
1.724743843078613281e-02,3.884230346679687500e+02
1.724720001220703125e-02,1.214000473022460938e+02
1.450443267822265625e-02,4.100345764160156250e+02
1.811933517456054688e-02,9.412508544921875000e+02
1.661419868469238281e-02,3.032470947265625000e+03
1.612615585327148438e-02,2.655448608398437500e+02
5.254030227661132812e-03,9.483184204101562500e+02
1.727938652038574219e-02,5.611941528320312500e+02
1.721501350402832031e-02,1.128926010131835938e+02
1.726841926574707031e-02,1.167582885742187500e+03
1.725935935974121094e-02,5.821018066406250000e+02
1.723623275756835938e-02,7.149222412109375000e+02
1.722693443298339844e-02,2.545836944580078125e+02
1.724743843078613281e-02,1.122456359863281250e+01
1.727700233459472656e-02,3.542144775390625000e+02
1.022458076477050781e-02,2.270905029296875000e+03
1.726841926574707031e-02,4.844382629394531250e+02
1.725792884826660156e-02,1.120070190429687500e+03
1.723718643188476562e-02,2.135401153564453125e+02
1.626014709472656250e-03,7.622680664062500000e+02
1.722574234008789062e-02,1.019090026855468750e+03
1.728057861328125000e-02,1.939982757568359375e+02
1.724839210510253906e-02,1.751197814941406250e+02
1.721405982971191406e-02,1.657306274414062500e+03
9.038448333740234375e-03,2.230767822265625000e+02
1.851391792297363281e-02,2.867874908447265625e+01
1.823091506958007812e-02,2.932191162109375000e+02
2.247929573059082031e-02,5.750286865234375000e+01
1.592516899108886719e-02,5.185212402343750000e+02
1.459193229675292969e-02,1.166944824218750000e+03
3.168106079101562500e-03,2.953704833984375000e+02
1.728010177612304688e-02,2.109161621093750000e+03
1.724839210510253906e-02,8.355606689453125000e+02
1.724505424499511719e-02,2.775266113281250000e+02
1.723694801330566406e-02,2.466406250000000000e+03
1.724743843078613281e-02,1.756353881835937500e+03
1.725840568542480469e-02,1.829302856445312500e+03
1.723623275756835938e-02,7.783704833984375000e+02
1.724743843078613281e-02,6.858051757812500000e+02
1.626014709472656250e-03,1.309530639648437500e+03
2.734470367431640625e-02,2.992035217285156250e+02
1.880931854248046875e-02,2.836961425781250000e+03
1.560997962951660156e-02,1.766436004638671875e+02
1.538872718811035156e-02,-2.500000000000000000e-01
6.252765655517578125e-03,8.576888084411621094e+00
1.837182044982910156e-02,1.367556457519531250e+02
1.727032661437988281e-02,4.332304687500000000e+02
1.725840568542480469e-02,1.416070800781250000e+03
1.724028587341308594e-02,1.876013061523437500e+03
1.722192764282226562e-02,1.289800048828125000e+03
1.626014709472656250e-03,7.423262939453125000e+02
1.724886894226074219e-02,8.462077636718750000e+02
1.728367805480957031e-02,1.515805541992187500e+03
1.724243164062500000e-02,1.699702758789062500e+03
1.724696159362792969e-02,2.527742187500000000e+03
1.721572875976562500e-02,6.873092651367187500e+02
1.727962493896484375e-02,3.296361541748046875e+01
1.723623275756835938e-02,1.599857910156250000e+03
1.626014709472656250e-03,1.313929321289062500e+03
3.032636642456054688e-02,1.102441406250000000e+03
2.259254455566406250e-03,5.944545288085937500e+02
1.724791526794433594e-02,2.286237640380859375e+02
1.727843284606933594e-02,3.436715698242187500e+02
1.723647117614746094e-02,2.558280273437500000e+03
1.724720001220703125e-02,2.940289306640625000e+02
1.726388931274414062e-02,1.675110473632812500e+03
1.723146438598632812e-02,1.886335754394531250e+02
1.626014709472656250e-03,7.027014160156250000e+02
1.722693443298339844e-02,9.360738525390625000e+02
1.727867126464843750e-02,1.523698329925537109e+01
2.659130096435546875e-02,9.035385131835937500e+02
1.558947563171386719e-02,2.895333251953125000e+02
1.536870002746582031e-02,4.464131774902343750e+02
6.396293640136718750e-03,1.386384643554687500e+03
1.726841926574707031e-02,3.542377929687500000e+02
1.724696159362792969e-02,1.035710296630859375e+02
1.726126670837402344e-02,1.347613891601562500e+03
1.723432540893554688e-02,6.368625488281250000e+02
1.626014709472656250e-03,1.104147705078125000e+03
2.289199829101562500e-02,1.985497283935546875e+02
2.389240264892578125e-02,8.064793701171875000e+02
1.333141326904296875e-02,6.399575424194335938e+01
1.558852195739746094e-02,8.325679321289062500e+02
3.253221511840820312e-03,2.006117187500000000e+03
1.728415489196777344e-02,3.957805480957031250e+02
1.724767684936523438e-02,4.145717163085937500e+02
1.723623275756835938e-02,3.632612609863281250e+02
1.724314689636230469e-02,1.192577438354492188e+02
1.725816726684570312e-02,1.051707153320312500e+02
1.723599433898925781e-02,4.460642395019531250e+02
1.724457740783691406e-02,4.875213623046875000e+02
1.626014709472656250e-03,1.219861450195312500e+03
1.726126670837402344e-02,2.421190338134765625e+02
1.725077629089355469e-02,1.328322601318359375e+02
1.724910736083984375e-02,9.397547607421875000e+02
1.723599433898925781e-02,1.874401000976562500e+03
1.725554466247558594e-02,1.163432861328125000e+03
1.723456382751464844e-02,1.894003784179687500e+03
1.626014709472656250e-03,8.100657958984375000e+02
1.967740058898925781e-02,2.940034790039062500e+02
1.728391647338867188e-02,5.909724121093750000e+02
1.724505424499511719e-02,4.184933776855468750e+02
1.723623275756835938e-02,1.096866577148437500e+03
1.722693443298339844e-02,1.580433227539062500e+03
1.726770401000976562e-02,2.102265930175781250e+01
1.725292205810546875e-02,2.624050855636596680e+00
1.626014709472656250e-03,1.455590209960937500e+03
1.724147796630859375e-02,4.597130126953125000e+02
1.725888252258300781e-02,9.337525177001953125e+01
1.724791526794433594e-02,3.475163269042968750e+02
2.367258071899414062e-02,2.793278121948242188e+01
1.626014709472656250e-03,3.565435791015625000e+02
1.835918426513671875e-02,1.910000000000000000e+02
1.868796348571777344e-02,1.667207946777343750e+02
2.362370491027832031e-02,1.503459072113037109e+01
1.543879508972167969e-02,1.655354858398437500e+03
1.557540893554687500e-02,1.362763793945312500e+03
1.543593406677246094e-02,2.303132476806640625e+02
1.517868041992187500e-02,7.085619506835937500e+02
7.281541824340820312e-03,6.340046997070312500e+02
1.725912094116210938e-02,1.769100036621093750e+02
1.727294921875000000e-02,8.285161743164062500e+02
1.723122596740722656e-02,1.758600006103515625e+02
1.626014709472656250e-03,2.677326049804687500e+02
1.724362373352050781e-02,1.496723144531250000e+03
1.726198196411132812e-02,6.598756313323974609e-01
1.724791526794433594e-02,3.239642333984375000e+02
1.723551750183105469e-02,6.766877441406250000e+02
1.990509033203125000e-02,1.301484680175781250e+02
1.727652549743652344e-02,2.445417175292968750e+02
1.626014709472656250e-03,2.600467300415039062e+01
2.636408805847167969e-02,2.140510498046875000e+03
1.724815368652343750e-02,1.100616210937500000e+03
1.724600791931152344e-02,3.428208007812500000e+03
1.626014709472656250e-03,1.893271606445312500e+03
1.724863052368164062e-02,3.454622192382812500e+02
1.728415489196777344e-02,2.802285766601562500e+02
1.724171638488769531e-02,1.023831115722656250e+03
1.723670959472656250e-02,6.639055786132812500e+02
1.724863052368164062e-02,3.087747497558593750e+02
1.725697517395019531e-02,5.842069091796875000e+02
1.723623275756835938e-02,1.119463134765625000e+03
1.722574234008789062e-02,3.304953002929687500e+02
1.626014709472656250e-03,1.751675537109375000e+03
1.835012435913085938e-02,2.860671386718750000e+02
1.728224754333496094e-02,1.893628082275390625e+02
1.721501350402832031e-02,3.103289184570312500e+02
1.726889610290527344e-02,2.935901184082031250e+02
1.725769042968750000e-02,2.059339599609375000e+03
1.723670959472656250e-02,2.381847686767578125e+02
1.651692390441894531e-02,3.179520568847656250e+02
1.626014709472656250e-03,1.434812133789062500e+03
1.724767684936523438e-02,3.508022689819335938e+01
1.727962493896484375e-02,2.152032958984375000e+03
1.724696159362792969e-02,2.105977050781250000e+03
2.147936820983886719e-02,3.436772460937500000e+02
1.805782318115234375e-02,2.391669433593750000e+03
1.626014709472656250e-03,9.289855346679687500e+02
3.020763397216796875e-02,1.489462524414062500e+03
1.692891120910644531e-02,1.376693878173828125e+02
7.664203643798828125e-03,2.145440292358398438e+01
1.726794242858886719e-02,4.709536437988281250e+02
1.724910736083984375e-02,2.024913482666015625e+02
1.725888252258300781e-02,7.206713256835937500e+02
1.723408699035644531e-02,1.764315917968750000e+03
1.725459098815917969e-02,1.615222534179687500e+03
1.626014709472656250e-03,4.152893981933593750e+02
1.724028587341308594e-02,1.515992126464843750e+02
1.725792884826660156e-02,1.898169250488281250e+02
1.725077629089355469e-02,9.283485107421875000e+02
1.723313331604003906e-02,5.280441894531250000e+02
1.724791526794433594e-02,6.971251678466796875e+01
1.725888252258300781e-02,3.408383483886718750e+02
1.723623275756835938e-02,1.799817352294921875e+02
1.626014709472656250e-03,8.437802124023437500e+02
1.725339889526367188e-02,3.617195129394531250e+02
1.725244522094726562e-02,1.456209350585937500e+03
1.724696159362792969e-02,1.913631591796875000e+02
1.721477508544921875e-02,3.957916870117187500e+02
1.726913452148437500e-02,6.963226318359375000e+02
1.725769042968750000e-02,2.548562622070312500e+02
1.723837852478027344e-02,4.435539245605468750e+02
1.626014709472656250e-03,1.495036315917968750e+02
1.724481582641601562e-02,2.053766113281250000e+03
1.725959777832031250e-02,2.889982299804687500e+02
1.724696159362792969e-02,6.221273193359375000e+02
1.723694801330566406e-02,2.037512054443359375e+02
1.722621917724609375e-02,1.830099945068359375e+02
1.726746559143066406e-02,6.491439819335937500e+02
1.626014709472656250e-03,1.225039306640625000e+03
1.724767684936523438e-02,1.761329498291015625e+02
1.725792884826660156e-02,2.678955316543579102e+00
1.724815368652343750e-02,1.521368530273437500e+03
1.723647117614746094e-02,4.492802734375000000e+02
1.609325408935546875e-02,5.745656490325927734e+00
2.287220954895019531e-02,2.343351135253906250e+02
1.561093330383300781e-02,8.426740112304687500e+02
1.632976531982421875e-02,5.642339477539062500e+02
1.626014709472656250e-03,1.929617919921875000e+02
1.814222335815429688e-02,1.856113159179687500e+03
1.845335960388183594e-02,1.541906127929687500e+03
2.347016334533691406e-02,2.351803131103515625e+02
1.588416099548339844e-02,3.361433105468750000e+02
1.652765274047851562e-02,8.858168945312500000e+02
1.626014709472656250e-03,1.485432006835937500e+03
1.727914810180664062e-02,2.167191772460937500e+02
1.724743843078613281e-02,3.559546661376953125e+01
1.724934577941894531e-02,1.026620605468750000e+03
1.723623275756835938e-02,9.355671386718750000e+02
1.725721359252929688e-02,9.010947875976562500e+02
1.723599433898925781e-02,2.409326477050781250e+02
1.626014709472656250e-03,7.892032470703125000e+02
1.722693443298339844e-02,1.636134521484375000e+03
1.727890968322753906e-02,5.033770446777343750e+02
1.724743843078613281e-02,1.108654907226562500e+03
1.723623275756835938e-02,1.849650634765625000e+03
1.724815368652343750e-02,3.680757446289062500e+02
1.726055145263671875e-02,3.185917053222656250e+02
1.723337173461914062e-02,9.041615295410156250e+01
1.626014709472656250e-03,1.160154342651367188e+01
1.722550392150878906e-02,9.841395874023437500e+02
1.727986335754394531e-02,1.948243286132812500e+03
1.724767684936523438e-02,3.161467895507812500e+02
1.721930503845214844e-02,3.012541809082031250e+02
1.726436614990234375e-02,1.088963222503662109e+01
1.725840568542480469e-02,6.127387619018554688e+01
1.723623275756835938e-02,1.813665008544921875e+02
1.626014709472656250e-03,1.215541381835937500e+03
1.973342895507812500e-02,1.906747894287109375e+02
1.728153228759765625e-02,2.123140411376953125e+02
1.724815368652343750e-02,1.769170074462890625e+02
1.723909378051757812e-02,1.754677001953125000e+03
1.724410057067871094e-02,1.488924194335937500e+03
7.995128631591796875e-03,7.536722412109375000e+02
2.597022056579589844e-02,8.689551391601562500e+02
1.528215408325195312e-02,3.923643798828125000e+02
1.334142684936523438e-02,5.413214874267578125e+01
1.724982261657714844e-02,5.792799682617187500e+02
1.626014709472656250e-03,1.759928512573242188e+01
1.724529266357421875e-02,2.030530517578125000e+03
1.727914810180664062e-02,1.173474609375000000e+03
1.724767684936523438e-02,4.006506958007812500e+02
1.723623275756835938e-02,5.370279541015625000e+02
1.839113235473632812e-02,4.185336685180664062e+01
1.727056503295898438e-02,2.091973388671875000e+03
1.775979995727539062e-02,2.024948730468750000e+02
1.535654067993164062e-02,6.214341430664062500e+02
1.127982139587402344e-02,2.285322021484375000e+03
1.727938652038574219e-02,2.335267028808593750e+02
1.723885536193847656e-02,9.983862304687500000e+02
1.626014709472656250e-03,1.695553344726562500e+03
1.722383499145507812e-02,1.576859252929687500e+03
1.727914810180664062e-02,6.699793243408203125e+01
1.724720001220703125e-02,6.732095947265625000e+02
1.724171638488769531e-02,1.341769409179687500e+03
1.724529266357421875e-02,4.493372802734375000e+02
1.725578308105468750e-02,3.730877380371093750e+02
1.723623275756835938e-02,1.424443359375000000e+02
1.626014709472656250e-03,1.837166595458984375e+02
1.722669601440429688e-02,5.331321411132812500e+02
1.727890968322753906e-02,5.213074340820312500e+02
1.724672317504882812e-02,1.386902221679687500e+03
1.724767684936523438e-02,4.013950805664062500e+02
1.721596717834472656e-02,1.527758331298828125e+02
1.728034019470214844e-02,4.589329833984375000e+02
1.724195480346679688e-02,2.207621826171875000e+03
1.724028587341308594e-02,3.112900695800781250e+02
1.626014709472656250e-03,3.413175659179687500e+02
1.724696159362792969e-02,2.328797912597656250e+02
1.725935935974121094e-02,3.009250183105468750e+02
2.212095260620117188e-02,3.652258911132812500e+02
1.892542839050292969e-02,7.702628173828125000e+02
1.558852195739746094e-02,6.093576431274414062e+01
1.640629768371582031e-02,2.834643249511718750e+02
5.221366882324218750e-03,1.505864135742187500e+03
1.727962493896484375e-02,2.674408203125000000e+03
2.046465873718261719e-02,4.717451477050781250e+02
1.724815368652343750e-02,2.207201385498046875e+02
1.626014709472656250e-03,5.267397460937500000e+02
1.724720001220703125e-02,5.091627807617187500e+02
1.727890968322753906e-02,2.126519775390625000e+02
1.724791526794433594e-02,1.910562622070312500e+03
1.723647117614746094e-02,5.812543334960937500e+02
1.724743843078613281e-02,1.092973266601562500e+03
1.725816726684570312e-02,3.472538146972656250e+02
8.028984069824218750e-03,1.170358764648437500e+03
1.826286315917968750e-02,6.960958251953125000e+02
1.845049858093261719e-02,1.323748779296875000e+03
2.042841911315917969e-02,1.435675292968750000e+03
1.557970046997070312e-02,1.389039672851562500e+03
1.504611968994140625e-02,3.655796203613281250e+02
5.228519439697265625e-03,1.899953460693359375e+02
1.728034019470214844e-02,3.055614318847656250e+02
1.723599433898925781e-02,1.667953613281250000e+03
1.724720001220703125e-02,2.368479248046875000e+03
1.725816726684570312e-02,1.799105102539062500e+03
6.193876266479492188e-03,1.769629974365234375e+02
1.728057861328125000e-02,2.196613922119140625e+02
1.724648475646972656e-02,1.065136352539062500e+03
1.723647117614746094e-02,6.854146728515625000e+02
1.724958419799804688e-02,1.367050048828125000e+03
1.725769042968750000e-02,1.612843261718750000e+03
1.723432540893554688e-02,3.150145874023437500e+02
1.626014709472656250e-03,1.665470336914062500e+03
1.722645759582519531e-02,1.567914794921875000e+03
1.727890968322753906e-02,1.607163330078125000e+03
1.724743843078613281e-02,2.197094573974609375e+02
1.724839210510253906e-02,2.055241455078125000e+03
1.723551750183105469e-02,2.071898269653320312e+01
1.722741127014160156e-02,1.525171203613281250e+02
1.432156562805175781e-02,1.180938034057617188e+02
2.396392822265625000e-02,1.119145812988281250e+02
1.632213592529296875e-02,1.986186370849609375e+02
1.426506042480468750e-02,1.024715332031250000e+03
1.726889610290527344e-02,4.037665710449218750e+02
1.626014709472656250e-03,1.349066162109375000e+03
1.725840568542480469e-02,4.098792076110839844e-01
1.724696159362792969e-02,1.920620971679687500e+03
1.725149154663085938e-02,3.261601867675781250e+02
1.723217964172363281e-02,2.757000122070312500e+02
1.724743843078613281e-02,3.570268249511718750e+01
1.725959777832031250e-02,3.029549560546875000e+02
1.723575592041015625e-02,8.146928100585937500e+02
1.626014709472656250e-03,8.871280670166015625e+01
1.724815368652343750e-02,1.661936645507812500e+02
1.725673675537109375e-02,1.806357421875000000e+03
2.079129219055175781e-02,1.720528198242187500e+03
1.728248596191406250e-02,1.629729248046875000e+03
1.724934577941894531e-02,2.227406982421875000e+03
1.724028587341308594e-02,4.652370605468750000e+02
1.626014709472656250e-03,3.510072326660156250e+02
2.952885627746582031e-02,9.300803222656250000e+02
1.657295227050781250e-02,6.951089477539062500e+02
1.538014411926269531e-02,5.958554077148437500e+02
6.273269653320312500e-03,1.787007141113281250e+02
1.727938652038574219e-02,1.776829345703125000e+03
1.723647117614746094e-02,1.550496582031250000e+03
1.726007461547851562e-02,2.016926422119140625e+02
1.723527908325195312e-02,1.010650558471679688e+02
1.722526550292968750e-02,1.577570037841796875e+02
1.626014709472656250e-03,3.319499206542968750e+01
1.842927932739257812e-02,1.621177124023437500e+03
1.728153228759765625e-02,1.053435440063476562e+02
1.723647117614746094e-02,2.975127563476562500e+02
1.724743843078613281e-02,1.988238067626953125e+02
1.725888252258300781e-02,-1.200000047683715820e+00
1.723647117614746094e-02,7.376989135742187500e+02
1.250004768371582031e-02,1.958693115234375000e+03
2.012205123901367188e-02,2.438489990234375000e+03
1.610541343688964844e-02,1.418567657470703125e+02
1.461243629455566406e-02,2.414970214843750000e+03
5.174875259399414062e-03,3.728563537597656250e+02
1.727867126464843750e-02,1.681824707031250000e+03
1.723670959472656250e-02,5.776325073242187500e+02
1.724791526794433594e-02,2.456937500000000000e+03
1.726269721984863281e-02,1.002837768554687500e+03
1.723122596740722656e-02,1.027236709594726562e+02
1.626014709472656250e-03,2.135134429931640625e+02
1.722645759582519531e-02,5.485283203125000000e+02
1.727938652038574219e-02,7.807487792968750000e+02
1.724815368652343750e-02,1.294301269531250000e+03
1.723599433898925781e-02,3.712969055175781250e+02
1.724982261657714844e-02,8.224002685546875000e+02
1.725864410400390625e-02,1.702293395996093750e+02
1.723361015319824219e-02,1.107153930664062500e+03
1.626014709472656250e-03,2.160363464355468750e+02
1.722669601440429688e-02,1.470833984375000000e+03
1.728343963623046875e-02,8.927540283203125000e+02
1.724338531494140625e-02,8.377015380859375000e+02
1.723575592041015625e-02,1.093610473632812500e+03
1.888442039489746094e-02,1.759040069580078125e+02
1.626014709472656250e-03,1.857873168945312500e+03
1.820063591003417969e-02,0.000000000000000000e+00
1.828217506408691406e-02,2.334752502441406250e+02
1.849889755249023438e-02,1.569509643554687500e+03
2.029418945312500000e-02,1.464803955078125000e+03
1.582694053649902344e-02,5.724940795898437500e+02
1.483607292175292969e-02,8.210529785156250000e+02
5.296230316162109375e-03,1.538940582275390625e+02
1.727938652038574219e-02,1.766457519531250000e+02
1.723647117614746094e-02,1.113865112304687500e+03
1.724815368652343750e-02,6.307523193359375000e+02
1.724696159362792969e-02,1.202316284179687500e+03
1.724696159362792969e-02,8.044877929687500000e+02
1.626014709472656250e-03,7.200803833007812500e+02
1.725959777832031250e-02,1.988842773437500000e+03
2.500224113464355469e-02,9.336548461914062500e+02
1.790571212768554688e-02,1.248932495117187500e+03
1.461267471313476562e-02,1.664122558593750000e+03
1.663661003112792969e-02,5.311392593383789062e+01
7.007837295532226562e-03,9.092800292968750000e+02
1.726865768432617188e-02,1.862624145507812500e+03
1.724696159362792969e-02,9.199342651367187500e+02
1.855564117431640625e-02,1.248369384765625000e+03
1.727676391601562500e-02,4.610172119140625000e+02
1.626014709472656250e-03,1.550029663085937500e+03
1.725387573242187500e-02,1.336586669921875000e+03
1.724600791931152344e-02,1.339400756835937500e+03
1.723599433898925781e-02,1.318136718750000000e+03
1.724696159362792969e-02,2.567772705078125000e+03
1.725864410400390625e-02,2.920032348632812500e+02
1.724290847778320312e-02,1.288907104492187500e+03
1.626014709472656250e-03,1.440977630615234375e+02
1.724123954772949219e-02,1.759040069580078125e+02
1.725816726684570312e-02,9.992922973632812500e+02
1.724886894226074219e-02,5.437009429931640625e+01
1.723456382751464844e-02,1.209029418945312500e+03
1.724743843078613281e-02,1.755236938476562500e+03
1.835060119628906250e-02,2.041229057312011719e+01
1.626014709472656250e-03,1.285649047851562500e+03
1.728343963623046875e-02,2.500531768798828125e+02
1.721382141113281250e-02,3.500533447265625000e+02
1.728224754333496094e-02,9.208068847656250000e+02
1.723337173461914062e-02,3.201899108886718750e+02
1.724696159362792969e-02,2.142381477355957031e+01
1.725172996520996094e-02,1.160169677734375000e+03
1.724314689636230469e-02,1.812440063476562500e+03
1.626014709472656250e-03,2.536437011718750000e+03
1.725816726684570312e-02,2.193996337890625000e+03
2.754187583923339844e-02,2.166356201171875000e+03
1.535129547119140625e-02,1.585025939941406250e+02
1.563000679016113281e-02,9.550268554687500000e+02
5.632877349853515625e-03,7.180209960937500000e+02
1.728296279907226562e-02,2.964462890625000000e+02
1.827859878540039062e-02,3.432246093750000000e+02
2.152228355407714844e-02,3.702699890136718750e+02
1.478171348571777344e-02,1.658964111328125000e+03
1.560950279235839844e-02,2.524781227111816406e+01
4.327058792114257812e-03,1.311488159179687500e+03
1.727938652038574219e-02,4.846450805664062500e+02
1.724743843078613281e-02,1.369659423828125000e+02
1.723623275756835938e-02,1.759040069580078125e+02
1.725864410400390625e-02,7.916797485351562500e+02
1.723670959472656250e-02,2.576667236328125000e+03
1.626014709472656250e-03,1.615142700195312500e+03
1.722550392150878906e-02,2.778059082031250000e+02
1.727986335754394531e-02,1.386649475097656250e+02
1.724696159362792969e-02,3.176567687988281250e+02
1.723670959472656250e-02,2.349744110107421875e+02
1.724934577941894531e-02,1.829935302734375000e+03
1.725816726684570312e-02,2.068996582031250000e+03
1.831293106079101562e-02,2.010078857421875000e+03
1.345849037170410156e-02,3.524351806640625000e+02
1.728034019470214844e-02,3.797778015136718750e+02
1.723575592041015625e-02,1.343297607421875000e+03
1.626014709472656250e-03,3.716466674804687500e+02
1.724767684936523438e-02,5.202896728515625000e+02
1.725769042968750000e-02,1.354957275390625000e+02
1.724982261657714844e-02,4.441801834106445312e+01
1.721286773681640625e-02,2.633152770996093750e+02
1.726865768432617188e-02,5.176086425781250000e+02
1.725912094116210938e-02,2.568240661621093750e+02
1.723599433898925781e-02,4.101378479003906250e+02
1.626014709472656250e-03,1.141066970825195312e+02
1.725244522094726562e-02,7.146737060546875000e+02
1.725292205810546875e-02,0.000000000000000000e+00
1.724791526794433594e-02,2.359412231445312500e+02
1.723599433898925781e-02,4.861142883300781250e+02
1.724720001220703125e-02,1.741968505859375000e+03
1.636195182800292969e-02,1.974183227539062500e+03
1.821899414062500000e-02,3.080713500976562500e+02
1.626014709472656250e-03,1.897125816345214844e+01
1.847124099731445312e-02,4.332871398925781250e+02
1.859521865844726562e-02,8.192814331054687500e+02
2.479648590087890625e-02,1.362849975585937500e+03
1.631832122802734375e-02,9.605934143066406250e+01
1.327061653137207031e-02,2.277927001953125000e+03
1.726913452148437500e-02,6.650626220703125000e+02
1.626014709472656250e-03,4.093706359863281250e+02
1.724696159362792969e-02,2.074243011474609375e+02
1.725816726684570312e-02,1.735326004028320312e+01
1.725006103515625000e-02,2.226674652099609375e+02
1.723337173461914062e-02,5.863174438476562500e+02
1.722645759582519531e-02,4.225283813476562500e+02
1.728034019470214844e-02,2.802856445312500000e+02
1.723670959472656250e-02,2.608093643188476562e+01
1.724624633789062500e-02,3.351198120117187500e+02
1.626014709472656250e-03,5.329581909179687500e+02
1.722693443298339844e-02,1.776761230468750000e+03
1.727843284606933594e-02,1.645599609375000000e+03
1.725101470947265625e-02,1.758600006103515625e+02
1.723361015319824219e-02,3.025366210937500000e+02
1.725840568542480469e-02,2.389180755615234375e+02
1.723575592041015625e-02,0.000000000000000000e+00
1.626014709472656250e-03,1.015979385375976562e+02
1.724314689636230469e-02,7.953381347656250000e+02
1.726222038269042969e-02,9.038735351562500000e+02
1.724767684936523438e-02,3.973973693847656250e+02
1.723718643188476562e-02,3.399377441406250000e+03
1.724648475646972656e-02,2.347384521484375000e+03
1.724767684936523438e-02,3.117440490722656250e+02
1.724696159362792969e-02,4.296446228027343750e+02
1.626014709472656250e-03,3.118094177246093750e+02
1.725864410400390625e-02,1.682079833984375000e+03
2.657532691955566406e-02,4.894620361328125000e+02
2.517223358154296875e-03,2.488216400146484375e+02
1.728200912475585938e-02,4.303418884277343750e+02
1.724505424499511719e-02,1.962171508789062500e+03
1.724767684936523438e-02,1.488033905029296875e+02
1.721549034118652344e-02,6.463527832031250000e+02
1.727962493896484375e-02,6.387891235351562500e+02
1.723599433898925781e-02,1.480400024414062500e+03
6.757497787475585938e-03,2.406764526367187500e+02
2.682018280029296875e-02,5.143653564453125000e+02
1.547288894653320312e-02,6.236894531250000000e+02
1.593804359436035156e-02,1.556759399414062500e+03
1.561737060546875000e-02,1.912741333007812500e+03
1.658725738525390625e-02,1.506867919921875000e+03
2.311229705810546875e-03,1.541115478515625000e+03
1.727962493896484375e-02,1.202078094482421875e+02
1.724720001220703125e-02,1.705306152343750000e+03
1.723742485046386719e-02,1.823295898437500000e+03
1.724624633789062500e-02,2.254055786132812500e+02
1.726126670837402344e-02,2.111568908691406250e+02
1.723337173461914062e-02,7.773870239257812500e+02
1.724839210510253906e-02,6.411104736328125000e+02
1.626014709472656250e-03,2.320315917968750000e+03
1.724600791931152344e-02,1.357739257812500000e+03
1.726198196411132812e-02,2.964595642089843750e+02
1.724410057067871094e-02,3.725592346191406250e+02
1.724553108215332031e-02,7.135232543945312500e+02
1.723837852478027344e-02,4.357951660156250000e+02
1.726078987121582031e-02,1.861367675781250000e+03
1.723361015319824219e-02,1.502012634277343750e+02
1.626014709472656250e-03,2.596211242675781250e+02
1.979613304138183594e-02,5.363892822265625000e+02
1.728177070617675781e-02,4.517030029296875000e+02
1.723647117614746094e-02,9.300887451171875000e+02
1.725435256958007812e-02,3.071736145019531250e+02
1.725101470947265625e-02,8.277968139648437500e+02
1.723694801330566406e-02,2.440497131347656250e+02
1.724696159362792969e-02,1.861019744873046875e+02
1.626014709472656250e-03,2.077169799804687500e+02
1.724815368652343750e-02,2.203822708129882812e+01
1.725721359252929688e-02,5.841801757812500000e+02
1.724791526794433594e-02,6.881285400390625000e+02
1.722192764282226562e-02,4.152612915039062500e+02
1.726126670837402344e-02,1.246203735351562500e+03
1.726222038269042969e-02,3.181259765625000000e+02
1.728510856628417969e-02,3.572261962890625000e+02
1.260805130004882812e-02,6.779397583007812500e+02
1.874160766601562500e-02,3.250213623046875000e+02
1.558828353881835938e-02,2.755192871093750000e+02
1.631689071655273438e-02,1.530916259765625000e+03
5.223989486694335938e-03,1.450965332031250000e+03
1.852440834045410156e-02,3.011574401855468750e+02
1.823854446411132812e-02,2.367555847167968750e+02
1.892352104187011719e-02,1.369781860351562500e+03
1.626014709472656250e-03,6.262728271484375000e+02
1.794815063476562500e-02,1.638311309814453125e+02
3.074288368225097656e-02,7.137286376953125000e+02
1.653909683227539062e-02,1.635953979492187500e+03
7.227897644042968750e-03,1.828532470703125000e+03
1.726818084716796875e-02,2.630738220214843750e+02
1.724767684936523438e-02,1.345831665039062500e+03
1.725864410400390625e-02,2.322863769531250000e+02
1.723623275756835938e-02,1.527577758789062500e+03
1.626014709472656250e-03,1.514400146484375000e+03
1.725864410400390625e-02,1.277798614501953125e+02
1.724696159362792969e-02,1.953678344726562500e+03
1.724934577941894531e-02,2.152270202636718750e+02
1.721286773681640625e-02,1.181837768554687500e+03
1.835083961486816406e-02,1.296290161132812500e+03
1.727032661437988281e-02,1.026168212890625000e+03
1.626014709472656250e-03,7.006503906250000000e+02
1.722669601440429688e-02,2.564041442871093750e+02
1.727938652038574219e-02,1.487993286132812500e+03
1.470875740051269531e-02,1.957304199218750000e+03
1.727938652038574219e-02,3.124128112792968750e+02
1.725101470947265625e-02,2.119562072753906250e+02
1.723241806030273438e-02,2.049367218017578125e+02
1.724767684936523438e-02,7.703950195312500000e+02
1.725935935974121094e-02,1.813792114257812500e+03
1.724648475646972656e-02,3.479652099609375000e+02
1.723647117614746094e-02,1.557548706054687500e+03
1.626014709472656250e-03,1.570610473632812500e+03
1.724958419799804688e-02,4.800937500000000000e+02
1.725840568542480469e-02,8.942135009765625000e+02
2.672362327575683594e-02,1.744248352050781250e+02
1.626014709472656250e-03,3.580678939819335938e+01
3.089261054992675781e-02,1.501956054687500000e+03
1.634192466735839844e-02,1.745777282714843750e+02
7.318973541259765625e-03,8.163140869140625000e+02
1.726865768432617188e-02,1.292995117187500000e+03
1.725125312805175781e-02,2.315441894531250000e+03
1.725506782531738281e-02,8.000819702148437500e+02
1.723623275756835938e-02,8.469389343261718750e+01
6.054639816284179688e-03,6.955518798828125000e+02
1.728010177612304688e-02,1.441959075927734375e+02
1.723623275756835938e-02,4.069943237304687500e+02
1.724743843078613281e-02,7.931978759765625000e+02
1.725769042968750000e-02,1.583935852050781250e+02
1.723742485046386719e-02,2.066317138671875000e+03
1.663160324096679688e-02,2.293244934082031250e+02
1.534581184387207031e-02,1.393209472656250000e+03
1.126837730407714844e-02,1.596265869140625000e+02
1.727938652038574219e-02,8.163825073242187500e+02
1.723790168762207031e-02,2.883736572265625000e+02
1.626014709472656250e-03,5.656532669067382812e+01
1.722526550292968750e-02,2.041843414306640625e+02
1.728320121765136719e-02,1.587697998046875000e+03
1.724290847778320312e-02,3.280730895996093750e+02
1.721596717834472656e-02,1.753197509765625000e+03
1.726818084716796875e-02,1.037764160156250000e+03
1.725840568542480469e-02,2.166624511718750000e+03
1.723909378051757812e-02,4.231737976074218750e+02
1.626014709472656250e-03,3.559424591064453125e+01
1.722311973571777344e-02,1.248772705078125000e+03
1.728177070617675781e-02,3.395909423828125000e+02
1.724553108215332031e-02,3.123259277343750000e+02
1.723575592041015625e-02,6.268459701538085938e+01
1.724767684936523438e-02,4.558844299316406250e+02
1.725864410400390625e-02,2.841352233886718750e+02
1.723599433898925781e-02,1.308278564453125000e+03
1.626014709472656250e-03,3.139947204589843750e+02
1.722598075866699219e-02,1.579973754882812500e+03
2.006411552429199219e-02,1.176288070678710938e+02
2.489995956420898438e-02,9.474028320312500000e+02
1.537275314331054688e-02,1.375844360351562500e+03
1.422953605651855469e-02,5.815634155273437500e+02
1.726603507995605469e-02,2.517375976562500000e+03
1.626014709472656250e-03,1.653477294921875000e+03
1.724958419799804688e-02,9.462349243164062500e+02
2.011537551879882812e-02,2.730532531738281250e+02
1.727056503295898438e-02,2.576758789062500000e+03
1.724815368652343750e-02,7.543812255859375000e+02
1.725816726684570312e-02,1.167701187133789062e+02
1.626014709472656250e-03,2.180734863281250000e+03
1.721429824829101562e-02,2.672989501953125000e+02
1.728010177612304688e-02,2.073920654296875000e+03
1.724696159362792969e-02,1.769689941406250000e+02
1.723647117614746094e-02,8.356583251953125000e+02
1.724696159362792969e-02,2.278112304687500000e+03
1.050543785095214844e-02,1.528659423828125000e+03
1.831579208374023438e-02,5.797495727539062500e+02
1.844906806945800781e-02,4.071610717773437500e+02
1.938223838806152344e-02,6.343916015625000000e+02
1.558232307434082031e-02,5.713663330078125000e+02
1.558804512023925781e-02,2.389195312500000000e+03
7.028818130493164062e-03,2.754612121582031250e+02
1.728105545043945312e-02,2.390429382324218750e+02
1.723432540893554688e-02,8.898216247558593750e+01
1.725912094116210938e-02,-2.249089926481246948e-01
1.723647117614746094e-02,9.195672607421875000e+02
1.626014709472656250e-03,2.948896484375000000e+02
1.722717285156250000e-02,1.205629150390625000e+03
1.727771759033203125e-02,1.623691894531250000e+03
1.725125312805175781e-02,1.379111816406250000e+03
1.723265647888183594e-02,5.913778686523437500e+01
1.724696159362792969e-02,2.597666320800781250e+02
1.725912094116210938e-02,2.166009521484375000e+02
1.723575592041015625e-02,4.876687622070312500e+02
1.626014709472656250e-03,2.718707580566406250e+02
1.722717285156250000e-02,7.407317352294921875e+01
1.727890968322753906e-02,8.115621948242187500e+01
1.724934577941894531e-02,1.415785980224609375e+02
1.544666290283203125e-02,3.024227600097656250e+02
2.591800689697265625e-02,1.193216918945312500e+03
1.534700393676757812e-02,8.792360839843750000e+02
1.330018043518066406e-02,8.133895263671875000e+02
1.726961135864257812e-02,1.100862426757812500e+03
1.626014709472656250e-03,6.129226074218750000e+02
1.724648475646972656e-02,3.089746398925781250e+02
1.725840568542480469e-02,8.471563110351562500e+02
1.724720001220703125e-02,1.433799438476562500e+02
1.721572875976562500e-02,1.478042480468750000e+03
1.726841926574707031e-02,1.562228637695312500e+03
1.726102828979492188e-02,5.838673706054687500e+02
1.723313331604003906e-02,1.319524169921875000e+03
1.626014709472656250e-03,1.223457153320312500e+03
1.726222038269042969e-02,2.775760009765625000e+03
1.724386215209960938e-02,2.151569213867187500e+02
1.724672317504882812e-02,2.601514892578125000e+02
1.721620559692382812e-02,4.947789001464843750e+02
1.727890968322753906e-02,2.956181640625000000e+02
1.723647117614746094e-02,9.568709106445312500e+02
1.722574234008789062e-02,8.502192382812500000e+02
1.626014709472656250e-03,9.877108154296875000e+02
1.727557182312011719e-02,2.039373291015625000e+03
2.747893333435058594e-02,1.729136047363281250e+02
1.537084579467773438e-02,6.827714538574218750e+01
1.231312751770019531e-02,2.931206359863281250e+02
1.726818084716796875e-02,3.788454895019531250e+02
1.724791526794433594e-02,7.522068023681640625e+01
1.626014709472656250e-03,1.773814331054687500e+03
1.725840568542480469e-02,4.832062988281250000e+02
1.724815368652343750e-02,1.839207519531250000e+03
1.724958419799804688e-02,1.219052734375000000e+02
1.721239089965820312e-02,1.423996459960937500e+03
1.726865768432617188e-02,8.901918334960937500e+02
1.724743843078613281e-02,1.463597656250000000e+03
1.626014709472656250e-03,2.268571533203125000e+03
1.722669601440429688e-02,1.478353637695312500e+03
2.840995788574218750e-02,1.904969848632812500e+03
1.626014709472656250e-03,1.769858093261718750e+02
2.874636650085449219e-02,1.648425048828125000e+03
1.634454727172851562e-02,1.973639221191406250e+02
9.184598922729492188e-03,2.002503051757812500e+03
1.726913452148437500e-02,1.254968338012695312e+02
1.726341247558593750e-02,8.801657714843750000e+02
1.723074913024902344e-02,4.426349792480468750e+02
1.626014709472656250e-03,2.752493591308593750e+02
1.722621917724609375e-02,1.010841003417968750e+03
1.727938652038574219e-02,1.665588745117187500e+03
1.724720001220703125e-02,2.114121337890625000e+03
1.723647117614746094e-02,2.962478332519531250e+02
1.724815368652343750e-02,9.290160369873046875e+01
1.725840568542480469e-02,7.022427368164062500e+02
1.723623275756835938e-02,2.407238311767578125e+02
1.626014709472656250e-03,5.285167236328125000e+02
1.724648475646972656e-02,2.394437255859375000e+02
1.725840568542480469e-02,4.279860534667968750e+02
1.567435264587402344e-02,1.331531250000000000e+03
1.727962493896484375e-02,2.561519775390625000e+02
1.721453666687011719e-02,7.181016235351562500e+02
1.726889610290527344e-02,1.108732147216796875e+02
1.725935935974121094e-02,1.066609039306640625e+02
1.723551750183105469e-02,2.066068359375000000e+03
1.626014709472656250e-03,1.656085449218750000e+03
2.248382568359375000e-02,1.183212432861328125e+02
1.818823814392089844e-02,3.675752868652343750e+02
2.089405059814453125e-02,7.291860961914062500e+01
1.600813865661621094e-02,1.442223388671875000e+03
1.560974121093750000e-02,1.762760375976562500e+03
1.594495773315429688e-02,1.615934814453125000e+03
6.203889846801757812e-03,1.830330047607421875e+02
1.726841926574707031e-02,2.664330749511718750e+02
1.724767684936523438e-02,8.358967285156250000e+02
1.725864410400390625e-02,1.202887695312500000e+03
1.723575592041015625e-02,8.218469238281250000e+01
1.626014709472656250e-03,5.550518798828125000e+02
1.724743843078613281e-02,7.360254516601562500e+02
2.524566650390625000e-02,1.223530273437500000e+03
1.922321319580078125e-02,1.933299682617187500e+03
1.581645011901855469e-02,4.283317565917968750e+02
1.561450958251953125e-02,7.117465209960937500e+02
4.288911819458007812e-03,3.020527038574218750e+02
1.835632324218750000e-02,7.198873901367187500e+02
1.727032661437988281e-02,2.489897949218750000e+03
1.724767684936523438e-02,2.620731811523437500e+02
1.726341247558593750e-02,2.008772888183593750e+02
1.721143722534179688e-02,1.464326660156250000e+03
1.726841926574707031e-02,1.396839523315429688e+01
1.725411415100097656e-02,9.677398071289062500e+02
8.045196533203125000e-03,4.220759277343750000e+02
1.728224754333496094e-02,1.626377929687500000e+03
1.852440834045410156e-02,1.131452148437500000e+03
1.727104187011718750e-02,2.379949951171875000e+03
1.725983619689941406e-02,9.101363525390625000e+02
1.723456382751464844e-02,3.888524780273437500e+02
1.626014709472656250e-03,3.995138244628906250e+02
1.722645759582519531e-02,1.224888458251953125e+02
1.727914810180664062e-02,9.365314483642578125e+01
1.724696159362792969e-02,1.307327423095703125e+02
1.721644401550292969e-02,1.767559967041015625e+02
1.727914810180664062e-02,5.462949371337890625e+01
1.723718643188476562e-02,1.820424560546875000e+03
1.626014709472656250e-03,4.796201782226562500e+02
1.722478866577148438e-02,1.759056640625000000e+03
1.727962493896484375e-02,3.043861694335937500e+02
1.724767684936523438e-02,2.701246337890625000e+03
1.723742485046386719e-02,1.268244781494140625e+02
1.722550392150878906e-02,1.940033569335937500e+03
1.728534698486328125e-02,1.831303588867187500e+03
1.723027229309082031e-02,1.036712646484375000e+03
1.724743843078613281e-02,7.462556762695312500e+02
1.652550697326660156e-02,6.236238777637481689e-02
1.539921760559082031e-02,7.925722503662109375e+01
8.224010467529296875e-03,2.739546508789062500e+02
1.873111724853515625e-02,2.593943481445312500e+02
1.993513107299804688e-02,1.466903686523437500e+03
1.608848571777343750e-02,2.036511230468750000e+03
1.483845710754394531e-02,9.447910766601562500e+02
5.226850509643554688e-03,1.085227050781250000e+03
1.727962493896484375e-02,2.199842285156250000e+03
1.721596717834472656e-02,3.123954467773437500e+02
1.726770401000976562e-02,1.769170074462890625e+02
1.724743843078613281e-02,5.629589233398437500e+02
1.626014709472656250e-03,1.351339843750000000e+03
1.722693443298339844e-02,2.492409667968750000e+03
1.728129386901855469e-02,2.141399536132812500e+02
1.724505424499511719e-02,1.789728698730468750e+02
1.724910736083984375e-02,1.444217285156250000e+03
1.723480224609375000e-02,6.284816894531250000e+02
1.262712478637695312e-02,1.025230957031250000e+03
1.727962493896484375e-02,3.745697326660156250e+02
1.721572875976562500e-02,7.888952636718750000e+02
1.728177070617675781e-02,3.692005615234375000e+02
1.723408699035644531e-02,2.948381958007812500e+02
1.724672317504882812e-02,2.499302001953125000e+03
1.626014709472656250e-03,1.257354858398437500e+03
1.724767684936523438e-02,2.694645996093750000e+02
1.726531982421875000e-02,2.377996093750000000e+03
1.724028587341308594e-02,4.139151763916015625e+01
1.721549034118652344e-02,1.429569702148437500e+03
1.726818084716796875e-02,2.768630371093750000e+03
1.725840568542480469e-02,3.514817199707031250e+02
1.724147796630859375e-02,2.427774505615234375e+02
1.626014709472656250e-03,5.402384948730468750e+01
1.722168922424316406e-02,8.115811767578125000e+02
1.727843284606933594e-02,1.102098941802978516e+00
1.724839210510253906e-02,1.342493408203125000e+03
1.724624633789062500e-02,1.647496704101562500e+03
1.721620559692382812e-02,2.196747802734375000e+03
1.727962493896484375e-02,1.643903564453125000e+03
1.910805702209472656e-02,1.040049316406250000e+03
1.936435699462890625e-03,1.485373046875000000e+03
1.822304725646972656e-02,2.836032714843750000e+02
1.862716674804687500e-02,2.589853271484375000e+03
2.219796180725097656e-02,1.928989013671875000e+03
1.602363586425781250e-02,7.508000183105468750e+01
1.559472084045410156e-02,3.098650207519531250e+02
2.177953720092773438e-03,3.319689025878906250e+02
1.727962493896484375e-02,5.735892944335937500e+02
1.724696159362792969e-02,2.151666503906250000e+03
1.724767684936523438e-02,4.213778076171875000e+02
1.723599433898925781e-02,1.219456005096435547e+01
1.724863052368164062e-02,6.328698120117187500e+02
1.725959777832031250e-02,2.722379150390625000e+02
1.840591430664062500e-02,2.469741668701171875e+02
1.626014709472656250e-03,2.485648193359375000e+02
1.725006103515625000e-02,1.793755645751953125e+02
1.728010177612304688e-02,4.906246948242187500e+02
1.724624633789062500e-02,2.313012237548828125e+02
1.723694801330566406e-02,2.077691162109375000e+03
1.724648475646972656e-02,2.234467773437500000e+03
1.726055145263671875e-02,3.416859130859375000e+02
1.723432540893554688e-02,1.742076568603515625e+02
1.723504066467285156e-02,6.903065185546875000e+02
1.626014709472656250e-03,2.133857727050781250e+02
1.727104187011718750e-02,1.437202758789062500e+02
1.722884178161621094e-02,3.126040954589843750e+02
1.723408699035644531e-02,1.085181518554687500e+03
1.726865768432617188e-02,1.499404174804687500e+03
1.725769042968750000e-02,3.430779418945312500e+02
1.728892326354980469e-02,8.642998046875000000e+02
2.629995346069335938e-03,3.642261657714843750e+02
1.728177070617675781e-02,4.220381164550781250e+02
1.724720001220703125e-02,1.894184448242187500e+03
1.724767684936523438e-02,2.384021484375000000e+03
1.723599433898925781e-02,5.173770751953125000e+02
1.724720001220703125e-02,9.214008789062500000e+02
1.725912094116210938e-02,1.307715576171875000e+03
1.723623275756835938e-02,1.382584960937500000e+03
1.626014709472656250e-03,4.624608154296875000e+02
1.722574234008789062e-02,9.353270263671875000e+02
1.727962493896484375e-02,2.137398147583007812e+01
1.724743843078613281e-02,7.556898193359375000e+02
1.601982116699218750e-02,9.847918090820312500e+02
2.591037750244140625e-02,7.887274780273437500e+02
1.628065109252929688e-02,1.011086914062500000e+03
1.596069335937500000e-02,4.643381347656250000e+02
1.562547683715820312e-02,1.311702758789062500e+03
1.558756828308105469e-02,8.559023437500000000e+02
3.327131271362304688e-03,2.276572509765625000e+03
1.942372322082519531e-02,5.061519470214843750e+02
1.724815368652343750e-02,3.216992492675781250e+02
1.726794242858886719e-02,2.580981140136718750e+02
1.724791526794433594e-02,1.802798652648925781e+01
1.725721359252929688e-02,1.488230468750000000e+03
1.723694801330566406e-02,3.942458801269531250e+02
1.626014709472656250e-03,2.386266174316406250e+02
1.722598075866699219e-02,2.613470214843750000e+03
1.727938652038574219e-02,1.946986328125000000e+03
1.724767684936523438e-02,2.842788818359375000e+03
1.723623275756835938e-02,5.124243164062500000e+02
1.725196838378906250e-02,1.991016769409179688e+01
1.725363731384277344e-02,1.159695068359375000e+03
1.723694801330566406e-02,1.038973754882812500e+03
1.626014709472656250e-03,1.768907592773437500e+03
1.722550392150878906e-02,7.960310058593750000e+02
1.727914810180664062e-02,1.514932006835937500e+03
1.724815368652343750e-02,2.446330566406250000e+02
1.723599433898925781e-02,1.019350280761718750e+03
1.722764968872070312e-02,3.850688171386718750e+02
1.726722717285156250e-02,5.618378906250000000e+02
1.626014709472656250e-03,4.430693054199218750e+02
1.724696159362792969e-02,2.359669494628906250e+02
2.122759819030761719e-02,1.217436065673828125e+02
1.726961135864257812e-02,2.093273925781250000e+03
1.725721359252929688e-02,9.872393035888671875e+01
1.723599433898925781e-02,1.769170074462890625e+02
1.626014709472656250e-03,4.040258178710937500e+02
1.722693443298339844e-02,2.416860809326171875e+02
1.727843284606933594e-02,1.187218261718750000e+03
2.329850196838378906e-02,6.326715698242187500e+02
1.892471313476562500e-02,2.471242370605468750e+02
1.558852195739746094e-02,6.066672515869140625e+01
1.638340950012207031e-02,9.349685668945312500e+02
5.254268646240234375e-03,6.394177246093750000e+02
1.728177070617675781e-02,1.408924682617187500e+03
1.723408699035644531e-02,3.681730957031250000e+02
2.059555053710937500e-02,1.414541259765625000e+03
1.626014709472656250e-03,2.743137207031250000e+03
1.826810836791992188e-02,0.000000000000000000e+00
1.839971542358398438e-02,2.276051513671875000e+03
2.253150939941406250e-02,1.683747053146362305e+00
1.593375205993652344e-02,2.731536132812500000e+03
1.624798774719238281e-02,5.684395217895507812e+01
1.626014709472656250e-03,1.781439331054687500e+03
1.726841926574707031e-02,2.321502075195312500e+02
1.725912094116210938e-02,1.080203151702880859e+01
1.724672317504882812e-02,1.718626708984375000e+03
1.723647117614746094e-02,2.003828430175781250e+02
1.726388931274414062e-02,2.455536193847656250e+02
1.724219322204589844e-02,2.099999427795410156e+01
1.723599433898925781e-02,1.729199981689453125e+02
1.626014709472656250e-03,2.231005554199218750e+02
1.724696159362792969e-02,9.026251220703125000e+02
1.725840568542480469e-02,2.030109100341796875e+02
1.724743843078613281e-02,7.672047119140625000e+02
1.723647117614746094e-02,2.262779785156250000e+03
1.724720001220703125e-02,3.084313354492187500e+02
1.725959777832031250e-02,3.988109741210937500e+02
1.724433898925781250e-02,2.307007598876953125e+02
1.626014709472656250e-03,1.155456924438476562e+01
1.721692085266113281e-02,2.067490386962890625e+01
1.727986335754394531e-02,1.419772491455078125e+02
1.724815368652343750e-02,1.722071899414062500e+03
1.899409294128417969e-02,3.206337280273437500e+02
1.728177070617675781e-02,8.394394531250000000e+02
1.723575592041015625e-02,3.563800048828125000e+02
1.724958419799804688e-02,8.324805297851562500e+02
1.626014709472656250e-03,1.483651000976562500e+03
2.239584922790527344e-02,2.082502746582031250e+02
2.098727226257324219e-02,1.769490051269531250e+02
1.630616188049316406e-02,5.325632934570312500e+02
1.558947563171386719e-02,1.593881225585937500e+03
4.493951797485351562e-03,3.204597412109375000e+03
1.723504066467285156e-02,1.137263717651367188e+02
1.726770401000976562e-02,1.492386474609375000e+02
1.722693443298339844e-02,2.134902587890625000e+03
1.726794242858886719e-02,2.178094970703125000e+03
1.725840568542480469e-02,2.147255126953125000e+03
1.730179786682128906e-02,1.170281005859375000e+03
2.630472183227539062e-03,2.249399414062500000e+03
1.728129386901855469e-02,2.203220939636230469e+01
1.724696159362792969e-02,2.348410644531250000e+03
1.724791526794433594e-02,1.855356689453125000e+03
1.723670959472656250e-02,1.658504028320312500e+03
2.189207077026367188e-02,1.493045166015625000e+03
1.635813713073730469e-02,3.194917236328125000e+03
8.280754089355468750e-03,1.383387695312500000e+03
1.727151870727539062e-02,1.659782836914062500e+03
1.725792884826660156e-02,3.598053359985351562e+01
1.723361015319824219e-02,7.637291870117187500e+02
1.626014709472656250e-03,1.774267089843750000e+03
1.722693443298339844e-02,7.862325439453125000e+02
1.727962493896484375e-02,1.530830322265625000e+03
1.724672317504882812e-02,8.048000488281250000e+02
1.724767684936523438e-02,9.208109130859375000e+02
1.723694801330566406e-02,5.408128662109375000e+02
1.724648475646972656e-02,2.534922119140625000e+03
1.725697517395019531e-02,3.191975402832031250e+02
1.723861694335937500e-02,2.690987548828125000e+02
1.626014709472656250e-03,4.661900329589843750e+02
1.722502708435058594e-02,1.867273803710937500e+03
2.166914939880371094e-02,4.529877624511718750e+02
1.727056503295898438e-02,1.821640991210937500e+03
1.725840568542480469e-02,2.587149047851562500e+02
1.724243164062500000e-02,4.088879699707031250e+02
1.724195480346679688e-02,3.482733535766601562e+01
1.570248603820800781e-02,1.586211059570312500e+03
1.626014709472656250e-03,1.640061157226562500e+03
3.075480461120605469e-02,2.979924440383911133e+00
1.633071899414062500e-02,8.686531066894531250e+01
7.253170013427734375e-03,7.049797058105468750e+00
1.726841926574707031e-02,1.033582885742187500e+03
1.724767684936523438e-02,4.042060546875000000e+02
1.626014709472656250e-03,7.451083984375000000e+02
1.722621917724609375e-02,1.819251220703125000e+03
1.727938652038574219e-02,1.163511840820312500e+03
1.834702491760253906e-02,2.997750854492187500e+02
1.726984977722167969e-02,1.486909301757812500e+03
1.725912094116210938e-02,1.841667633056640625e+02
1.723623275756835938e-02,4.716936340332031250e+02
1.724839210510253906e-02,3.297984008789062500e+02
1.626014709472656250e-03,6.043421554565429688e+01
1.724648475646972656e-02,2.322749023437500000e+02
1.725769042968750000e-02,3.366279907226562500e+02
1.724982261657714844e-02,2.697407531738281250e+02
1.344680786132812500e-02,1.172996582031250000e+03
1.839756965637207031e-02,1.351604125976562500e+03
2.328252792358398438e-02,3.163288269042968750e+02
1.607465744018554688e-02,1.789223754882812500e+03
1.522064208984375000e-02,2.703089599609375000e+02
1.626014709472656250e-03,3.557925720214843750e+02
1.726841926574707031e-02,9.778613281250000000e+01
1.725912094116210938e-02,1.824134765625000000e+03
1.724648475646972656e-02,2.355213928222656250e+02
1.723623275756835938e-02,5.596746444702148438e+01
1.724743843078613281e-02,2.924845581054687500e+02
1.725840568542480469e-02,2.389532012939453125e+02
1.723647117614746094e-02,3.291243591308593750e+02
1.626014709472656250e-03,1.283525634765625000e+03
1.722693443298339844e-02,3.131921386718750000e+02
1.727986335754394531e-02,1.461961975097656250e+02
1.724624633789062500e-02,1.963728790283203125e+02
1.723647117614746094e-02,3.823343505859375000e+02
1.724767684936523438e-02,1.789314575195312500e+03
1.725840568542480469e-02,3.440647583007812500e+02
1.654314994812011719e-02,1.048272216796875000e+03
1.715254783630371094e-02,1.839031738281250000e+03
1.561021804809570312e-02,2.547028732299804688e+01
1.632070541381835938e-02,1.000947387695312500e+03
6.262779235839843750e-03,2.188486328125000000e+02
1.727914810180664062e-02,3.007172119140625000e+03
1.723670959472656250e-02,4.130000000000000000e+02
1.726388931274414062e-02,8.843751525878906250e+01
1.723122596740722656e-02,2.282231445312500000e+02
1.626014709472656250e-03,6.193864746093750000e+02
1.722550392150878906e-02,3.907998962402343750e+02
1.727938652038574219e-02,9.234238281250000000e+02
1.724791526794433594e-02,3.102222290039062500e+02
1.723670959472656250e-02,2.872564697265625000e+02
1.725029945373535156e-02,6.895838928222656250e+01
1.725745201110839844e-02,1.231619750976562500e+03
1.852321624755859375e-02,1.429358886718750000e+03
2.630949020385742188e-03,1.399247192382812500e+03
1.728153228759765625e-02,2.083066101074218750e+02
1.724696159362792969e-02,8.710642089843750000e+02
1.723647117614746094e-02,1.149554672241210938e+02
1.724910736083984375e-02,1.650165405273437500e+03
1.725888252258300781e-02,5.197821044921875000e+01
1.723504066467285156e-02,2.963661804199218750e+02
1.765704154968261719e-02,2.076565429687500000e+03
1.626014709472656250e-03,2.698788146972656250e+02
3.088855743408203125e-02,1.727290771484375000e+03
1.635742187500000000e-02,1.137990875244140625e+02
7.334232330322265625e-03,1.229500000000000000e+03
1.726794242858886719e-02,2.576568115234375000e+03
1.724815368652343750e-02,7.564553222656250000e+02
1.724767684936523438e-02,2.720537414550781250e+02
1.724720001220703125e-02,3.938545532226562500e+02
1.626014709472656250e-03,7.146828002929687500e+02
1.724696159362792969e-02,3.103009643554687500e+02
1.835918426513671875e-02,4.447192077636718750e+02
1.727080345153808594e-02,6.478920936584472656e+00
1.722574234008789062e-02,2.136482666015625000e+03
9.232759475708007812e-03,3.532187652587890625e+01
2.903342247009277344e-02,2.073468994140625000e+03
1.535058021545410156e-02,6.553577270507812500e+02
1.026558876037597656e-02,5.921777343750000000e+02
1.728296279907226562e-02,4.824068908691406250e+02
1.723384857177734375e-02,8.626426696777343750e+01
1.626014709472656250e-03,6.096871948242187500e+02
1.722621917724609375e-02,2.070421905517578125e+02
1.728034019470214844e-02,1.214364379882812500e+03
1.724576950073242188e-02,1.121616455078125000e+03
1.724720001220703125e-02,1.265591918945312500e+03
1.723599433898925781e-02,2.214138793945312500e+02
1.725959777832031250e-02,2.615078735351562500e+02
1.723527908325195312e-02,3.481106185913085938e+01
1.722621917724609375e-02,4.192319030761718750e+02
1.626014709472656250e-03,2.488152770996093750e+02
1.727962493896484375e-02,1.334455688476562500e+03
1.724982261657714844e-02,3.962053527832031250e+02
1.724910736083984375e-02,1.834790039062500000e+02
1.723194122314453125e-02,2.517415771484375000e+03
1.725840568542480469e-02,7.483372192382812500e+02
1.724362373352050781e-02,5.903448581695556641e+00
1.721954345703125000e-02,1.645128295898437500e+03
1.626014709472656250e-03,3.946192016601562500e+02
1.727986335754394531e-02,4.990774230957031250e+02
1.724863052368164062e-02,3.145889892578125000e+02
1.724529266357421875e-02,4.962547912597656250e+02
2.290081977844238281e-02,2.838156738281250000e+02
1.626014709472656250e-03,1.304088378906250000e+03
1.832079887390136719e-02,5.154084472656250000e+02
1.848125457763671875e-02,4.130729293823242188e+01
2.443408966064453125e-02,2.098046264648437500e+02
1.591229438781738281e-02,5.235189208984375000e+02
1.545047760009765625e-02,3.043274841308593750e+02
1.626014709472656250e-03,9.538088378906250000e+02
1.724791526794433594e-02,2.090356201171875000e+03
1.727890968322753906e-02,1.560032836914062500e+03
1.724815368652343750e-02,2.447060302734375000e+03
2.056384086608886719e-02,3.457652893066406250e+02
1.996803283691406250e-02,9.662949829101562500e+02
1.561069488525390625e-02,1.062198852539062500e+03
1.533961296081542969e-02,3.221696777343750000e+02
5.296707153320312500e-03,2.123022766113281250e+02
1.727914810180664062e-02,5.874274291992187500e+02
1.723647117614746094e-02,3.900098266601562500e+02
1.724743843078613281e-02,1.069692138671875000e+03
1.725840568542480469e-02,1.220256713867187500e+03
1.723670959472656250e-02,1.152705574035644531e+01
1.626014709472656250e-03,2.035259399414062500e+03
1.722574234008789062e-02,1.208057861328125000e+02
1.727962493896484375e-02,1.422320800781250000e+03
1.724815368652343750e-02,4.168800735473632812e+01
1.724696159362792969e-02,1.317900390625000000e+03
1.723957061767578125e-02,1.896047973632812500e+03
1.724433898925781250e-02,1.134619995117187500e+03
1.725840568542480469e-02,9.881035156250000000e+02
1.723599433898925781e-02,1.010125854492187500e+03
1.626014709472656250e-03,2.679272460937500000e+02
1.724720001220703125e-02,4.470745544433593750e+02
1.725888252258300781e-02,6.656024169921875000e+02
1.724243164062500000e-02,4.019789733886718750e+02
1.724028587341308594e-02,1.836130065917968750e+02
1.725959777832031250e-02,9.201823730468750000e+02
1.723575592041015625e-02,2.514029541015625000e+03
1.626014709472656250e-03,1.443712524414062500e+03
1.722669601440429688e-02,1.420121093750000000e+03
1.727914810180664062e-02,4.657418212890625000e+02
1.725029945373535156e-02,1.687467651367187500e+03
1.724624633789062500e-02,1.333256469726562500e+03
1.723408699035644531e-02,5.973269042968750000e+02
1.725959777832031250e-02,2.618396301269531250e+02
1.724028587341308594e-02,1.937087158203125000e+03
1.724267005920410156e-02,3.260137023925781250e+02
1.626014709472656250e-03,1.808596191406250000e+03
3.019928932189941406e-02,1.294215576171875000e+03
1.659369468688964844e-02,1.686742065429687500e+03
3.767013549804687500e-03,1.310593750000000000e+03
2.766799926757812500e-02,1.830829925537109375e+02
1.552414894104003906e-02,4.717605285644531250e+02
1.127123832702636719e-02,1.306582641601562500e+02
1.727914810180664062e-02,2.447572937011718750e+02
1.724863052368164062e-02,4.170108032226562500e+01
1.723551750183105469e-02,1.261757812500000000e+03
1.626014709472656250e-03,1.323040771484375000e+03
1.722693443298339844e-02,2.020366058349609375e+02
1.727938652038574219e-02,8.223121337890625000e+02
1.724624633789062500e-02,1.534033447265625000e+03
1.724767684936523438e-02,7.043591308593750000e+02
1.723623275756835938e-02,1.035105133056640625e+02
1.724839210510253906e-02,2.105929931640625000e+03
1.725816726684570312e-02,5.792716217041015625e+01
1.723933219909667969e-02,2.741853637695312500e+02
1.626014709472656250e-03,3.146518249511718750e+02
1.722288131713867188e-02,1.782712402343750000e+03
1.727914810180664062e-02,1.022844085693359375e+02
1.724743843078613281e-02,5.079729614257812500e+02
1.723670959472656250e-02,5.264400024414062500e+02
1.724672317504882812e-02,3.019977722167968750e+02
1.725959777832031250e-02,2.547683868408203125e+02
1.724648475646972656e-02,1.871175079345703125e+02
1.732993125915527344e-02,2.594159851074218750e+02
2.630472183227539062e-03,2.816846313476562500e+02
1.728320121765136719e-02,7.186215972900390625e+01
1.724720001220703125e-02,1.866351928710937500e+03
1.723432540893554688e-02,3.616396484375000000e+02
1.724720001220703125e-02,9.702617187500000000e+02
1.725959777832031250e-02,2.735090065002441406e+01
1.026582717895507812e-02,9.260571899414062500e+02
1.725935935974121094e-02,4.081066894531250000e+02
1.727008819580078125e-02,2.198159423828125000e+03
1.723456382751464844e-02,1.300762084960937500e+03
1.724720001220703125e-02,1.547308959960937500e+03
1.626014709472656250e-03,2.658333007812500000e+03
1.724648475646972656e-02,1.138078918457031250e+02
2.284288406372070312e-02,1.278022216796875000e+03
2.044701576232910156e-02,2.169119140625000000e+03
1.635384559631347656e-02,8.189305114746093750e+01
1.626014709472656250e-03,2.819896484375000000e+03
3.029847145080566406e-02,8.432896423339843750e+01
1.581406593322753906e-02,8.106753826141357422e-01
8.316516876220703125e-03,2.425046875000000000e+03
1.726818084716796875e-02,5.272122955322265625e+01
1.724767684936523438e-02,1.498499633789062500e+03
1.724767684936523438e-02,2.667530517578125000e+02
1.626014709472656250e-03,1.283042236328125000e+03
1.722669601440429688e-02,1.761591644287109375e+02
1.727938652038574219e-02,6.684855346679687500e+02
1.724720001220703125e-02,2.564960937500000000e+02
1.721549034118652344e-02,2.403023437500000000e+03
1.726865768432617188e-02,2.987908630371093750e+02
1.725769042968750000e-02,4.477757263183593750e+02
1.723647117614746094e-02,8.664522705078125000e+02
1.241898536682128906e-02,1.740987670898437500e+03
1.728034019470214844e-02,6.068364257812500000e+02
1.723551750183105469e-02,2.867503662109375000e+02
1.626014709472656250e-03,1.084651367187500000e+03
1.722621917724609375e-02,1.051904449462890625e+02
1.728177070617675781e-02,2.795058593750000000e+02
1.724481582641601562e-02,4.128048706054687500e+01
1.725125312805175781e-02,2.010692749023437500e+02
1.723337173461914062e-02,5.733631591796875000e+02
1.724982261657714844e-02,3.706418762207031250e+02
1.724505424499511719e-02,1.600311767578125000e+03
1.626014709472656250e-03,3.755539855957031250e+02
1.722526550292968750e-02,2.914411376953125000e+03
1.728034019470214844e-02,9.232403564453125000e+01
1.725363731384277344e-02,2.986365661621093750e+02
1.724028587341308594e-02,1.383944824218750000e+03
1.723694801330566406e-02,2.245212158203125000e+03
1.724839210510253906e-02,1.078840576171875000e+03
1.722526550292968750e-02,2.450538024902343750e+02
1.626014709472656250e-03,7.372663879394531250e+01
1.724767684936523438e-02,1.737215209960937500e+03
1.969885826110839844e-02,5.393905639648437500e+02
2.397370338439941406e-02,2.676182556152343750e+02
1.634883880615234375e-02,2.872154541015625000e+02
1.427245140075683594e-02,3.172519531250000000e+02
1.626014709472656250e-03,1.658755798339843750e+02
1.724743843078613281e-02,1.538707427978515625e+02
1.727914810180664062e-02,2.407524261474609375e+02
1.724767684936523438e-02,1.454575439453125000e+03
2.542710304260253906e-02,1.123760009765625000e+03
1.536679267883300781e-02,2.534912841796875000e+03
1.656436920166015625e-02,3.325949707031250000e+03
2.233982086181640625e-03,6.130509033203125000e+02
1.727962493896484375e-02,1.611529785156250000e+03
1.724910736083984375e-02,1.190628051757812500e+03
1.723384857177734375e-02,1.855711822509765625e+02
1.724767684936523438e-02,2.857704833984375000e+03
1.725864410400390625e-02,3.338289489746093750e+02
1.723647117614746094e-02,4.924148864746093750e+02
1.626014709472656250e-03,1.248135131835937500e+03
1.722621917724609375e-02,3.832374877929687500e+02
1.727890968322753906e-02,2.037378295898437500e+03
1.724791526794433594e-02,6.995008544921875000e+02
1.865601539611816406e-02,1.567046020507812500e+03
1.727032661437988281e-02,1.754490844726562500e+03
1.725912094116210938e-02,2.413916503906250000e+03
1.723670959472656250e-02,2.371067047119140625e+02
1.520729064941406250e-02,1.357776184082031250e+02
1.626014709472656250e-03,2.306469970703125000e+03
1.724815368652343750e-02,5.298040161132812500e+02
1.727938652038574219e-02,1.931172363281250000e+03
1.724672317504882812e-02,3.613867187500000000e+02
1.723718643188476562e-02,1.124934814453125000e+03
1.724648475646972656e-02,8.709020996093750000e+02
1.725888252258300781e-02,5.004071044921875000e+02
1.723599433898925781e-02,2.956367797851562500e+02
1.626014709472656250e-03,4.135162963867187500e+02
1.722621917724609375e-02,5.670919799804687500e+02
1.727938652038574219e-02,2.859679199218750000e+03
1.830959320068359375e-02,1.146947753906250000e+03
1.024484634399414062e-02,1.549700012207031250e+02
2.798390388488769531e-02,7.050421142578125000e+02
1.630830764770507812e-02,4.524024353027343750e+02
1.029729843139648438e-02,6.027438354492187500e+02
1.728296279907226562e-02,2.539797973632812500e+01
1.723265647888183594e-02,4.578534851074218750e+02
1.626014709472656250e-03,1.704175415039062500e+02
1.722836494445800781e-02,1.866037841796875000e+03
1.727747917175292969e-02,1.374475402832031250e+02
2.262902259826660156e-02,1.741697998046875000e+03
1.832699775695800781e-02,1.208423706054687500e+03
1.626014709472656250e-03,2.574448547363281250e+02
1.842904090881347656e-02,8.619061279296875000e+02
2.739882469177246094e-02,2.471848602294921875e+02
1.599645614624023438e-02,3.661647949218750000e+02
1.128387451171875000e-02,1.193662475585937500e+03
1.727986335754394531e-02,2.882485046386718750e+02
1.723623275756835938e-02,1.310814575195312500e+03
1.626014709472656250e-03,1.511726440429687500e+03
1.722598075866699219e-02,3.589388427734375000e+02
1.727962493896484375e-02,3.900763244628906250e+02
1.724672317504882812e-02,2.428043212890625000e+02
1.724791526794433594e-02,5.775111083984375000e+02
1.723623275756835938e-02,3.252206726074218750e+02
1.724743843078613281e-02,3.360668640136718750e+02
1.725816726684570312e-02,2.168448486328125000e+03
1.723718643188476562e-02,2.312545928955078125e+02
1.626014709472656250e-03,2.190700195312500000e+03
1.722598075866699219e-02,3.416997070312500000e+02
1.727890968322753906e-02,4.025255737304687500e+02
1.724720001220703125e-02,7.758679962158203125e+01
1.723694801330566406e-02,2.185791748046875000e+03
1.724672317504882812e-02,6.061927490234375000e+02
1.725435256958007812e-02,1.543827056884765625e+02
1.724123954772949219e-02,1.830659637451171875e+02
1.626014709472656250e-03,4.131517333984375000e+02
1.722550392150878906e-02,5.397238769531250000e+02
2.100086212158203125e-02,2.615543212890625000e+02
2.293586730957031250e-02,1.692457885742187500e+03
1.641678810119628906e-02,1.199308593750000000e+03
1.526975631713867188e-02,4.058288269042968750e+02
1.626014709472656250e-03,2.721138427734375000e+03
1.726865768432617188e-02,5.917202148437500000e+02
1.725840568542480469e-02,8.819228515625000000e+02
2.057862281799316406e-02,8.647214965820312500e+02
1.726865768432617188e-02,1.125375610351562500e+03
1.724743843078613281e-02,8.157893066406250000e+02
1.726007461547851562e-02,1.343363494873046875e+02
1.723527908325195312e-02,1.230847835540771484e+01
1.626014709472656250e-03,1.118139495849609375e+02
1.722526550292968750e-02,5.935627365112304688e+01
1.728129386901855469e-02,1.061907653808593750e+02
1.724553108215332031e-02,1.811653442382812500e+03
1.724767684936523438e-02,1.804091644287109375e+02
1.723599433898925781e-02,2.270143890380859375e+02
1.725459098815917969e-02,4.101325073242187500e+02
2.094388008117675781e-02,2.550670051574707031e+01
1.637125015258789062e-02,2.957627868652343750e+02
1.249814033508300781e-02,1.805797119140625000e+03
1.724767684936523438e-02,5.019397583007812500e+02
1.724624633789062500e-02,8.668531799316406250e+01
1.626014709472656250e-03,1.735028839111328125e+02
1.728177070617675781e-02,1.702276611328125000e+03
1.724553108215332031e-02,2.032120361328125000e+03
1.725101470947265625e-02,6.714677734375000000e+02
1.723313331604003906e-02,3.640314025878906250e+02
1.724696159362792969e-02,1.673694946289062500e+03
1.725888252258300781e-02,1.976094665527343750e+02
1.723623275756835938e-02,8.767604980468750000e+02
1.626014709472656250e-03,3.618046875000000000e+02
1.724767684936523438e-02,2.219575958251953125e+02
3.284907341003417969e-02,7.134708251953125000e+02
1.615095138549804688e-02,1.452105255126953125e+02
1.725077629089355469e-02,7.535397949218750000e+02
1.724672317504882812e-02,6.049309082031250000e+02
1.773810386657714844e-02,2.166986572265625000e+03
2.296662330627441406e-02,7.586655273437500000e+02
1.631498336791992188e-02,5.223889923095703125e+01
1.522088050842285156e-02,2.691206970214843750e+02
1.626014709472656250e-03,5.673419799804687500e+02
1.724815368652343750e-02,2.247224121093750000e+02
1.727962493896484375e-02,3.010665588378906250e+02
1.721525192260742188e-02,1.568757812500000000e+03
1.726746559143066406e-02,3.223406372070312500e+02
2.272963523864746094e-02,2.549789733886718750e+02
1.727581024169921875e-02,5.084718627929687500e+02
1.626014709472656250e-03,7.402010498046875000e+02
1.722025871276855469e-02,2.421016693115234375e+02
1.727747917175292969e-02,4.146117553710937500e+02
1.724791526794433594e-02,2.562830810546875000e+03
1.723623275756835938e-02,6.219014892578125000e+02
1.724720001220703125e-02,4.331320800781250000e+02
1.726031303405761719e-02,1.466935913085937500e+03
1.723480224609375000e-02,1.303895263671875000e+03
1.009750366210937500e-02,2.646937866210937500e+02
1.873040199279785156e-02,3.709533081054687500e+02
1.797676086425781250e-02,1.643756469726562500e+03
1.626014709472656250e-03,6.341665039062500000e+02
3.045415878295898438e-02,6.405233764648437500e+02
1.592564582824707031e-02,3.981532592773437500e+02
8.218765258789062500e-03,3.729918823242187500e+02
1.725196838378906250e-02,3.276835918426513672e+00
1.726412773132324219e-02,3.444726257324218750e+02
1.726031303405761719e-02,2.150418945312500000e+03
1.723408699035644531e-02,2.732267150878906250e+02
1.626014709472656250e-03,1.962782958984375000e+03
1.722598075866699219e-02,4.644798278808593750e+02
1.727938652038574219e-02,2.563965087890625000e+03
1.724767684936523438e-02,2.678494262695312500e+02
1.723647117614746094e-02,9.878744506835937500e+02
1.724672317504882812e-02,1.622770141601562500e+03
1.725959777832031250e-02,4.292097091674804688e+01
1.251626014709472656e-02,9.365252075195312500e+02
2.296805381774902344e-02,2.763363647460937500e+02
1.538181304931640625e-02,1.745563964843750000e+02
1.626682281494140625e-02,1.077100219726562500e+03
1.626014709472656250e-03,6.341875000000000000e+02
3.287124633789062500e-02,1.990439086914062500e+03
1.724553108215332031e-02,2.540779418945312500e+02
1.726794242858886719e-02,8.356300048828125000e+02
1.726126670837402344e-02,1.804430664062500000e+03
1.724910736083984375e-02,3.764872436523437500e+02
1.723146438598632812e-02,1.622802856445312500e+03
1.724743843078613281e-02,4.625445861816406250e+02
1.725912094116210938e-02,4.338439941406250000e+02
1.723670959472656250e-02,1.001453186035156250e+03
1.626014709472656250e-03,3.611939086914062500e+02
1.722478866577148438e-02,1.012119388580322266e+01
1.727938652038574219e-02,1.830169982910156250e+02
1.547288894653320312e-02,2.124462585449218750e+02
1.724791526794433594e-02,1.882087646484375000e+03
1.726794242858886719e-02,6.248656616210937500e+02
1.724672317504882812e-02,1.177906616210937500e+03
1.726150512695312500e-02,1.994317871093750000e+03
1.723361015319824219e-02,6.669490051269531250e+01
1.626014709472656250e-03,1.270097290039062500e+03
1.724743843078613281e-02,5.790885620117187500e+02
1.725888252258300781e-02,1.994342529296875000e+03
1.724672317504882812e-02,4.597473754882812500e+02
1.723718643188476562e-02,9.259382324218750000e+02
2.293992042541503906e-02,5.069653625488281250e+02
1.632523536682128906e-02,6.027441406250000000e+02
7.254838943481445312e-03,2.329170654296875000e+03
1.726889610290527344e-02,3.223281250000000000e+02
1.725792884826660156e-02,1.054949584960937500e+03
1.723647117614746094e-02,2.846378906250000000e+03
1.724648475646972656e-02,5.297326049804687500e+02
1.626014709472656250e-03,2.046194824218750000e+03
1.724958419799804688e-02,3.850744628906250000e+02
2.400088310241699219e-02,1.101500976562500000e+03
1.995372772216796875e-02,1.854165077209472656e+01
1.632952690124511719e-02,1.059594604492187500e+03
1.560974121093750000e-02,8.173442382812500000e+02
4.307746887207031250e-03,1.308361450195312500e+03
1.727938652038574219e-02,1.175652465820312500e+02
1.724743843078613281e-02,1.704280395507812500e+03
1.723647117614746094e-02,1.190124053955078125e+02
1.722717285156250000e-02,2.202427734375000000e+03
1.726865768432617188e-02,4.629579162597656250e+02
1.725959777832031250e-02,1.596350830078125000e+03
1.723504066467285156e-02,1.962185180664062500e+03
1.626014709472656250e-03,5.631311645507812500e+02
1.722764968872070312e-02,3.456488037109375000e+03
1.727771759033203125e-02,1.853257080078125000e+03
1.724696159362792969e-02,1.838016510009765625e+02
1.723599433898925781e-02,7.925786132812500000e+02
1.724815368652343750e-02,6.289914550781250000e+02
1.726031303405761719e-02,3.133436889648437500e+02
1.723504066467285156e-02,1.883190460205078125e+02
1.626014709472656250e-03,8.502424926757812500e+02
1.722598075866699219e-02,2.265389160156250000e+03
1.725983619689941406e-02,1.408031463623046875e+02
1.726603507995605469e-02,1.193432006835937500e+03
1.723957061767578125e-02,1.447183380126953125e+02
1.724362373352050781e-02,1.799938598632812500e+03
1.725912094116210938e-02,4.034458312988281250e+02
1.723575592041015625e-02,9.340541992187500000e+02
1.626014709472656250e-03,1.631483886718750000e+03
1.874923706054687500e-02,1.314551635742187500e+03
2.348613739013671875e-02,5.513461303710937500e+02
1.838874816894531250e-02,3.101799926757812500e+02
1.626014709472656250e-03,7.600484008789062500e+02
1.834034919738769531e-02,5.324797363281250000e+02
2.768611907958984375e-02,1.387263671875000000e+03
1.670336723327636719e-02,1.182626220703125000e+03
1.017475128173828125e-02,5.726250000000000000e+02
1.879334449768066406e-02,1.579553710937500000e+03
1.791310310363769531e-02,1.085919418334960938e+02
1.561069488525390625e-02,2.027742797851562500e+03
1.532840728759765625e-02,3.010129089355468750e+02
7.241010665893554688e-03,1.554613525390625000e+03
1.726841926574707031e-02,9.780334472656250000e+01
1.830816268920898438e-02,1.513784332275390625e+02
1.728177070617675781e-02,6.967127227783203125e+01
1.723814010620117188e-02,2.767581176757812500e+02
1.626014709472656250e-03,8.303862762451171875e+01
1.722478866577148438e-02,5.224590454101562500e+02
1.728177070617675781e-02,3.752615356445312500e+02
1.724863052368164062e-02,8.053706054687500000e+02
1.724290847778320312e-02,5.826956787109375000e+02
1.723647117614746094e-02,5.375953369140625000e+02
1.121520996093750000e-02,1.393311767578125000e+02
1.724910736083984375e-02,2.983567382812500000e+03
1.726722717285156250e-02,2.208832519531250000e+03
1.724696159362792969e-02,3.045831298828125000e+02
1.725959777832031250e-02,1.783134155273437500e+03
1.723575592041015625e-02,1.868196411132812500e+02
1.626014709472656250e-03,9.534075927734375000e+02
1.722621917724609375e-02,1.759389953613281250e+02
1.727914810180664062e-02,1.009501159667968750e+03
1.723575592041015625e-02,2.331286773681640625e+02
1.724934577941894531e-02,2.035387725830078125e+02
1.725959777832031250e-02,1.039599853515625000e+03
1.723384857177734375e-02,2.999039916992187500e+02
1.626014709472656250e-03,1.530025268554687500e+03
1.722645759582519531e-02,2.575166015625000000e+02
1.728057861328125000e-02,3.005012939453125000e+03
1.724576950073242188e-02,4.469114990234375000e+02
1.723790168762207031e-02,1.856743041992187500e+03
1.724648475646972656e-02,1.459851928710937500e+03
1.723146438598632812e-02,3.252847290039062500e+02
1.726603507995605469e-02,1.173081970214843750e+02
1.626014709472656250e-03,1.068644287109375000e+03
1.723337173461914062e-02,2.103420654296875000e+03
1.727294921875000000e-02,3.987365112304687500e+02
2.203679084777832031e-02,6.924359893798828125e+01
1.987004280090332031e-02,2.236728515625000000e+02
1.561141014099121094e-02,4.581933288574218750e+02
1.638364791870117188e-02,1.308390869140625000e+03
4.628896713256835938e-03,1.749197509765625000e+03
1.728415489196777344e-02,1.001501220703125000e+03
1.724267005920410156e-02,2.891071166992187500e+02
1.723647117614746094e-02,5.438784790039062500e+02
1.725840568542480469e-02,1.409949951171875000e+02
1.724362373352050781e-02,2.344040374755859375e+02
1.722025871276855469e-02,4.678535079956054688e+01
1.727962493896484375e-02,8.869519653320312500e+02
8.896350860595703125e-03,2.546341247558593750e+02
1.728200912475585938e-02,1.169526824951171875e+02
1.721358299255371094e-02,3.754553833007812500e+02
1.727247238159179688e-02,9.708214721679687500e+02
1.725387573242187500e-02,5.047640991210937500e+02
1.723623275756835938e-02,1.753806762695312500e+02
1.626014709472656250e-03,1.664806175231933594e+01
1.722598075866699219e-02,3.930779418945312500e+02
1.728177070617675781e-02,8.744428710937500000e+02
1.724720001220703125e-02,1.324865570068359375e+02
1.842069625854492188e-02,1.990810180664062500e+03
1.728129386901855469e-02,1.426751220703125000e+03
1.723718643188476562e-02,5.066350555419921875e+01
1.626014709472656250e-03,1.106333618164062500e+02
1.722645759582519531e-02,1.944428405761718750e+02
1.726889610290527344e-02,5.012825775146484375e+01
1.725983619689941406e-02,1.737810058593750000e+02
1.723456382751464844e-02,1.192107788085937500e+03
1.724600791931152344e-02,3.413630371093750000e+02
1.722741127014160156e-02,6.488170776367187500e+02
1.726794242858886719e-02,3.950598754882812500e+02
1.626014709472656250e-03,2.666092285156250000e+03
1.722693443298339844e-02,6.795399475097656250e+01
1.728177070617675781e-02,1.830829925537109375e+02
1.724457740783691406e-02,1.928335815429687500e+03
1.832938194274902344e-02,2.204554687500000000e+03
1.728296279907226562e-02,3.449341125488281250e+02
7.078886032104492188e-03,9.256742553710937500e+02
2.789974212646484375e-02,1.227720458984375000e+03
1.465964317321777344e-02,1.786822052001953125e+02
1.220393180847167969e-02,1.630545288085937500e+03
1.837587356567382812e-02,1.226379150390625000e+03
1.626014709472656250e-03,1.698110839843750000e+03
3.037190437316894531e-02,3.911424865722656250e+02
1.598668098449707031e-02,4.434779052734375000e+02
9.476900100708007812e-03,6.678951263427734375e+01
1.724767684936523438e-02,2.857927246093750000e+03
1.727938652038574219e-02,1.078505783081054688e+02
1.891613006591796875e-02,4.803614044189453125e+01
1.626014709472656250e-03,3.194318542480468750e+02
1.727032661437988281e-02,1.320475616455078125e+02
1.725864410400390625e-02,5.114458007812500000e+02
1.724767684936523438e-02,1.501342773437500000e+02
1.721549034118652344e-02,3.436228332519531250e+02
1.726889610290527344e-02,1.644141967773437500e+03
1.726078987121582031e-02,5.314089965820312500e+02
1.723361015319824219e-02,2.262591552734375000e+03
1.626014709472656250e-03,3.450491714477539062e+01
1.724767684936523438e-02,1.121948623657226562e+02
1.725721359252929688e-02,1.463611206054687500e+03
1.724791526794433594e-02,1.011040573120117188e+02
1.723623275756835938e-02,2.591845703125000000e+02
1.725435256958007812e-02,1.339230224609375000e+03
1.834917068481445312e-02,6.170074462890625000e+02
1.727128028869628906e-02,8.602886962890625000e+02
1.626014709472656250e-03,2.548815917968750000e+02
1.722574234008789062e-02,4.092377929687500000e+02
1.728200912475585938e-02,3.069355468750000000e+02
1.724457740783691406e-02,3.432870178222656250e+02
1.723670959472656250e-02,6.885213012695312500e+02
1.724720001220703125e-02,2.519849548339843750e+02
1.724839210510253906e-02,1.769759979248046875e+02
1.626014709472656250e-03,2.119722167968750000e+03
1.722621917724609375e-02,1.038240509033203125e+02
1.727819442749023438e-02,8.753344726562500000e+02
2.444005012512207031e-02,9.320490112304687500e+02
1.784706115722656250e-02,3.809862365722656250e+02
1.560974121093750000e-02,2.565877380371093750e+02
1.636147499084472656e-02,8.801340332031250000e+02
6.319999694824218750e-03,7.877012939453125000e+02
1.726865768432617188e-02,2.235526367187500000e+03
1.724743843078613281e-02,6.784621429443359375e+01
1.725840568542480469e-02,1.616037963867187500e+03
1.723694801330566406e-02,2.890962123870849609e+00
1.626014709472656250e-03,2.177732391357421875e+02
1.724720001220703125e-02,1.743502502441406250e+02
2.857494354248046875e-02,1.934040527343750000e+03
1.534032821655273438e-02,1.989499969482421875e+02
1.624917984008789062e-02,1.805705200195312500e+03
1.626014709472656250e-03,1.115258636474609375e+02
1.726889610290527344e-02,2.164835937500000000e+03
1.725864410400390625e-02,7.476273803710937500e+02
1.724815368652343750e-02,1.089746093750000000e+02
1.723456382751464844e-02,1.279319946289062500e+03
1.725912094116210938e-02,1.355778045654296875e+02
1.724696159362792969e-02,8.530440063476562500e+02
1.723647117614746094e-02,2.481085449218750000e+03
1.626014709472656250e-03,2.486020355224609375e+02
1.724672317504882812e-02,4.101524353027343750e+02
1.725959777832031250e-02,2.225065612792968750e+02
1.724648475646972656e-02,4.906441345214843750e+02
1.723718643188476562e-02,3.192128601074218750e+02
1.724743843078613281e-02,3.048627014160156250e+02
1.725816726684570312e-02,2.176929687500000000e+03
1.723575592041015625e-02,8.020206909179687500e+02
1.626014709472656250e-03,3.314162597656250000e+02
1.722598075866699219e-02,2.594435058593750000e+03
1.726865768432617188e-02,1.859271812438964844e+01
1.725840568542480469e-02,8.745904541015625000e+02
1.724600791931152344e-02,2.800000976562500000e+03
1.724267005920410156e-02,5.539432983398437500e+02
1.725363731384277344e-02,2.154474639892578125e+01
1.725053787231445312e-02,3.307906799316406250e+02
1.723456382751464844e-02,2.022799377441406250e+02
8.632421493530273438e-03,1.761749877929687500e+02
2.295947074890136719e-02,1.294801483154296875e+02
1.627898216247558594e-02,4.116900444030761719e+00
1.556801795959472656e-02,3.822951660156250000e+02
2.555370330810546875e-03,4.662482299804687500e+02
1.728177070617675781e-02,3.117108154296875000e+03
1.724505424499511719e-02,2.359623046875000000e+03
1.724815368652343750e-02,2.684937744140625000e+03
1.723504066467285156e-02,6.414972686767578125e+01
1.725912094116210938e-02,1.439454650878906250e+02
1.723647117614746094e-02,4.540806884765625000e+02
1.724839210510253906e-02,6.271775512695312500e+02
8.003473281860351562e-03,1.279236450195312500e+03
1.847434043884277344e-02,1.941248046875000000e+03
1.820898056030273438e-02,1.918033905029296875e+02
1.843595504760742188e-02,1.362364959716796875e+02
1.558828353881835938e-02,1.874994506835937500e+03
1.491928100585937500e-02,2.682290039062500000e+03
7.277250289916992188e-03,1.830410003662109375e+02
1.726818084716796875e-02,-2.133604139089584351e-01
1.725888252258300781e-02,1.122125976562500000e+03
1.723647117614746094e-02,1.536854736328125000e+03
1.626014709472656250e-03,9.881936035156250000e+02
1.722598075866699219e-02,1.171827468872070312e+02
1.727938652038574219e-02,3.472181701660156250e+02
1.724767684936523438e-02,2.404340057373046875e+02
1.724720001220703125e-02,1.349393432617187500e+03
1.721572875976562500e-02,1.130430297851562500e+02
1.728296279907226562e-02,5.312400512695312500e+02
1.723289489746093750e-02,3.415043640136718750e+02
1.724791526794433594e-02,3.429303283691406250e+02
1.626014709472656250e-03,8.808211059570312500e+02
1.724624633789062500e-02,3.037093200683593750e+02
1.726269721984863281e-02,2.153100097656250000e+03
1.840949058532714844e-02,2.563539306640625000e+03
1.727080345153808594e-02,1.005477844238281250e+03
1.725816726684570312e-02,6.054019775390625000e+02
1.777243614196777344e-02,9.737966918945312500e+02
1.789617538452148438e-02,2.387034912109375000e+02
1.560997962951660156e-02,2.183179199218750000e+03
1.532292366027832031e-02,1.166793090820312500e+03
7.288455963134765625e-03,3.342945312500000000e+03
1.726841926574707031e-02,8.780972900390625000e+02
1.725316047668457031e-02,2.815255432128906250e+02
1.725268363952636719e-02,1.636071624755859375e+02
1.723718643188476562e-02,1.364369750976562500e+03
1.626014709472656250e-03,1.123662567138671875e+02
1.722502708435058594e-02,7.327579956054687500e+02
1.728272438049316406e-02,2.311595764160156250e+02
1.834082603454589844e-02,5.466543579101562500e+02
1.727390289306640625e-02,1.544867675781250000e+03
1.725530624389648438e-02,9.050237274169921875e+01
1.723670959472656250e-02,3.221529296875000000e+03
1.626014709472656250e-03,2.367824707031250000e+02
1.722550392150878906e-02,1.978759643554687500e+03
1.727938652038574219e-02,1.206046752929687500e+03
1.724743843078613281e-02,3.458312377929687500e+02
1.723718643188476562e-02,2.389108886718750000e+03
1.724672317504882812e-02,9.378681640625000000e+02
2.137875556945800781e-02,2.137334899902343750e+02
1.534128189086914062e-02,2.288574829101562500e+02
1.509666442871093750e-02,3.583791198730468750e+02
2.710580825805664062e-03,2.148666687011718750e+02
1.728463172912597656e-02,1.486738647460937500e+03
1.724290847778320312e-02,1.834713012695312500e+03
1.723575592041015625e-02,1.430431884765625000e+03
1.724791526794433594e-02,3.154539062500000000e+03
1.726245880126953125e-02,7.270130615234375000e+02
1.723194122314453125e-02,4.123312377929687500e+02
1.724720001220703125e-02,1.367215454101562500e+03
1.626014709472656250e-03,2.142872558593750000e+03
1.722669601440429688e-02,5.194809570312500000e+02
1.728034019470214844e-02,2.751425781250000000e+02
1.724576950073242188e-02,9.553024291992187500e+02
1.723647117614746094e-02,8.963204956054687500e+01
1.724743843078613281e-02,1.286286010742187500e+03
1.725840568542480469e-02,6.156775512695312500e+02
1.648974418640136719e-02,9.954653167724609375e+01
1.723694801330566406e-02,1.399704284667968750e+02
1.661515235900878906e-02,2.620763244628906250e+02
1.639437675476074219e-02,5.294382324218750000e+02
5.204916000366210938e-03,1.423402099609375000e+02
1.727914810180664062e-02,5.574410247802734375e+01
1.723670959472656250e-02,1.506342163085937500e+03
1.219081878662109375e-02,1.108052673339843750e+02
1.728129386901855469e-02,8.090958862304687500e+02
1.724767684936523438e-02,1.385355957031250000e+03
1.724290847778320312e-02,1.714511718750000000e+02
1.724100112915039062e-02,1.538215087890625000e+03
1.726007461547851562e-02,1.887580871582031250e+02
1.626014709472656250e-03,2.095776977539062500e+02
1.724505424499511719e-02,1.567213256835937500e+03
1.724696159362792969e-02,1.089641799926757812e+02
1.721668243408203125e-02,2.639179229736328125e+01
1.724958419799804688e-02,1.704041992187500000e+03
1.727724075317382812e-02,9.826531372070312500e+02
1.723551750183105469e-02,1.444316406250000000e+03
1.626014709472656250e-03,1.828023529052734375e+02
1.722693443298339844e-02,2.071519775390625000e+02
2.272391319274902344e-02,2.126290039062500000e+03
1.831269264221191406e-02,3.588445281982421875e+01
1.848340034484863281e-02,1.349979858398437500e+02
1.626014709472656250e-03,5.137067794799804688e+01
3.032088279724121094e-02,1.527502075195312500e+03
1.592564582824707031e-02,1.225292663574218750e+02
8.280277252197265625e-03,1.211253295898437500e+03
1.726889610290527344e-02,1.460508789062500000e+03
1.724791526794433594e-02,1.203393432617187500e+03
1.724672317504882812e-02,2.626818847656250000e+01
1.626014709472656250e-03,8.701317787170410156e+00
1.724720001220703125e-02,1.287219238281250000e+03
1.725888252258300781e-02,2.156208801269531250e+02
1.724934577941894531e-02,2.113989715576171875e+02
1.723432540893554688e-02,1.391910156250000000e+03
1.725196838378906250e-02,2.332498626708984375e+02
1.044607162475585938e-02,5.374245605468750000e+02
2.497577667236328125e-02,9.372609863281250000e+02
1.636743545532226562e-02,4.591636047363281250e+02
1.324915885925292969e-02,9.028077125549316406e+00
1.727294921875000000e-02,9.398493041992187500e+02
1.626014709472656250e-03,1.263929077148437500e+03
1.725578308105468750e-02,4.271824340820312500e+02
1.724529266357421875e-02,5.090508117675781250e+02
1.724720001220703125e-02,1.495376953125000000e+03
1.626014709472656250e-03,nan
1.721620559692382812e-02,2.491506591796875000e+03
3.289651870727539062e-02,2.229232330322265625e+02
1.725459098815917969e-02,1.985485229492187500e+03
1.724553108215332031e-02,2.210379638671875000e+03
1.724553108215332031e-02,4.518050003051757812e+01
1.725149154663085938e-02,7.812901611328125000e+02
1.915264129638671875e-02,1.078716674804687500e+03
1.727890968322753906e-02,5.309655380249023438e+01
1.724433898925781250e-02,4.985083389282226562e+01
1.725244522094726562e-02,1.273938354492187500e+03
1.724791526794433594e-02,2.521206092834472656e+01
1.724696159362792969e-02,2.328002777099609375e+02
3.286910057067871094e-02,9.080408325195312500e+02
1.721596717834472656e-02,1.481574951171875000e+03
1.726841926574707031e-02,9.652556152343750000e+02
1.724624633789062500e-02,2.914451293945312500e+02
1.724696159362792969e-02,7.205575704574584961e-01
3.221321105957031250e-02,8.863754272460937500e+02
2.224612236022949219e-02,1.098157348632812500e+03
7.296562194824218750e-03,3.073264770507812500e+02
1.724791526794433594e-02,1.887478637695312500e+02
1.728177070617675781e-02,2.004740356445312500e+03
1.724386215209960938e-02,9.550513305664062500e+02
2.066922187805175781e-02,1.898970458984375000e+03
3.567147254943847656e-02,2.253486083984375000e+03
1.730394363403320312e-02,1.195828735351562500e+03
1.626014709472656250e-03,1.249085205078125000e+03
1.724791526794433594e-02,3.379669189453125000e+02
1.727318763732910156e-02,7.266501464843750000e+02
1.724147796630859375e-02,3.170937500000000000e+02
1.726555824279785156e-02,2.646683837890625000e+03
3.286242485046386719e-02,1.003147216796875000e+03
1.721763610839843750e-02,2.116814422607421875e+02
1.727724075317382812e-02,8.883742523193359375e+01
1.724648475646972656e-02,2.091725341796875000e+03
1.724839210510253906e-02,4.875899963378906250e+02
1.724648475646972656e-02,1.525937194824218750e+02
3.286814689636230469e-02,2.433166259765625000e+03
1.724386215209960938e-02,7.942443847656250000e+01
1.727080345153808594e-02,3.063873291015625000e+02
1.719760894775390625e-02,2.116841796875000000e+03
1.727819442749023438e-02,1.537329101562500000e+02
1.724696159362792969e-02,2.211062011718750000e+03
2.095341682434082031e-02,9.011410522460937500e+02
1.729607582092285156e-02,1.234121459960937500e+03
1.722788810729980469e-02,1.525171661376953125e+02
1.725053787231445312e-02,2.042185424804687500e+03
1.724886894226074219e-02,3.154923706054687500e+02
1.724529266357421875e-02,1.321416568756103516e+01
2.335572242736816406e-02,1.124304077148437500e+03
1.835227012634277344e-02,1.178410522460937500e+03
1.846313476562500000e-02,5.784647827148437500e+02
1.834964752197265625e-02,1.668331054687500000e+03
1.886653900146484375e-02,7.309480590820312500e+02
2.781724929809570312e-02,3.475902404785156250e+02
1.834917068481445312e-02,2.137781738281250000e+03
2.344560623168945312e-02,1.481483520507812500e+03
1.721739768981933594e-02,1.187740600585937500e+03
1.729750633239746094e-02,6.082431640625000000e+02
1.723670959472656250e-02,4.526815795898437500e+02
1.724767684936523438e-02,1.266485229492187500e+03
1.720690727233886719e-02,2.372918548583984375e+02
1.727890968322753906e-02,1.598685546875000000e+03
1.723599433898925781e-02,1.829709930419921875e+02
1.724743843078613281e-02,3.699221191406250000e+02
1.725816726684570312e-02,1.411024475097656250e+02
1.724839210510253906e-02,2.864640197753906250e+02
1.725029945373535156e-02,1.607216262817382812e+01
1.724338531494140625e-02,1.902092651367187500e+03
3.286504745483398438e-02,1.438487304687500000e+03
1.721930503845214844e-02,1.034913940429687500e+03
1.726961135864257812e-02,1.505813964843750000e+03
1.726555824279785156e-02,2.427218818664550781e+01
1.720762252807617188e-02,2.893228149414062500e+02
1.737093925476074219e-02,2.765944091796875000e+03
1.723265647888183594e-02,1.304457275390625000e+03
1.719093322753906250e-02,3.483942260742187500e+02
1.724553108215332031e-02,1.201772705078125000e+03
2.599978446960449219e-02,3.743596801757812500e+02
1.727318763732910156e-02,3.389328918457031250e+02
1.723933219909667969e-02,9.869114685058593750e+01
3.287935256958007812e-02,2.332547607421875000e+03
1.727080345153808594e-02,5.692764892578125000e+02
1.724362373352050781e-02,6.965419311523437500e+02
8.182525634765625000e-03,8.176442260742187500e+02
3.488373756408691406e-02,2.169886016845703125e+02
2.755546569824218750e-02,1.190050811767578125e+02
1.682806015014648438e-02,1.366952806711196899e-01
1.026582717895507812e-02,2.232025146484375000e+03
3.290390968322753906e-02,2.194336181640625000e+03
1.724123954772949219e-02,5.078881835937500000e+02
1.725864410400390625e-02,3.648134155273437500e+02
1.725769042968750000e-02,1.602191650390625000e+03
3.284525871276855469e-02,8.626204833984375000e+02
1.724123954772949219e-02,1.877016601562500000e+02
1.833724975585937500e-02,1.975260131835937500e+03
1.724934577941894531e-02,2.657063293457031250e+02
1.727700233459472656e-02,2.769509277343750000e+02
1.724910736083984375e-02,3.140997314453125000e+02
1.724791526794433594e-02,1.722418975830078125e+01
3.287053108215332031e-02,8.472738647460937500e+02
1.724362373352050781e-02,2.280640380859375000e+03
3.287315368652343750e-02,4.790977783203125000e+02
1.724195480346679688e-02,3.393402709960937500e+02
1.724314689636230469e-02,5.515158691406250000e+02
1.724338531494140625e-02,1.726536987304687500e+03
1.722621917724609375e-02,1.735087402343750000e+03
1.729869842529296875e-02,8.182918090820312500e+02
1.722908020019531250e-02,1.189017257690429688e+02
1.723670959472656250e-02,8.228092041015625000e+02
3.287529945373535156e-02,1.000114074707031250e+03
1.726531982421875000e-02,3.432185974121093750e+02
3.311800956726074219e-02,1.983368682861328125e+02
2.763319015502929688e-02,2.061084289550781250e+02
2.294373512268066406e-02,1.595611858367919922e+01
1.846647262573242188e-02,1.400909545898437500e+03
1.821351051330566406e-02,3.466174316406250000e+02
2.937030792236328125e-02,6.715744628906250000e+02
1.793265342712402344e-02,4.175426940917968750e+02
7.290124893188476562e-03,4.179228820800781250e+02
1.727890968322753906e-02,2.274963867187500000e+03
1.724815368652343750e-02,1.528164428710937500e+03
1.724696159362792969e-02,5.817136840820312500e+02
1.723670959472656250e-02,2.802671875000000000e+03
1.833128929138183594e-02,2.307733886718750000e+03
1.727008819580078125e-02,2.601683959960937500e+02
3.287601470947265625e-02,1.528891845703125000e+03
1.724100112915039062e-02,1.769170074462890625e+02
1.725745201110839844e-02,2.035751800537109375e+02
1.724958419799804688e-02,6.347999954223632812e+01
1.724505424499511719e-02,4.744145202636718750e+02
1.445984840393066406e-02,2.295632781982421875e+02
3.290224075317382812e-02,7.361740875244140625e+01
1.725625991821289062e-02,6.780854492187500000e+02
3.285694122314453125e-02,7.067160797119140625e+01
1.726555824279785156e-02,2.577710533142089844e+01
3.284764289855957031e-02,1.055839843750000000e+03
1.726388931274414062e-02,3.734907531738281250e+01
1.723432540893554688e-02,2.960971069335937500e+02
2.854681015014648438e-02,1.857074096679687500e+03
3.406929969787597656e-02,3.527039489746093750e+02
1.835989952087402344e-02,2.003771362304687500e+03
1.727080345153808594e-02,2.561733154296875000e+03
1.724553108215332031e-02,1.512417755126953125e+02
1.726841926574707031e-02,1.946932029724121094e+01
3.285646438598632812e-02,2.785334228515625000e+03
1.724672317504882812e-02,4.985630416870117188e+01
3.286862373352050781e-02,9.951493530273437500e+02
2.668380737304687500e-02,1.830099945068359375e+02
1.829957962036132812e-02,2.804422760009765625e+01
1.726794242858886719e-02,2.667712707519531250e+02
2.000355720520019531e-02,6.010447998046875000e+02
1.728057861328125000e-02,1.360351074218750000e+03
1.724386215209960938e-02,1.827502441406250000e+02
3.617715835571289062e-02,1.046580688476562500e+03
1.727795600891113281e-02,1.213167724609375000e+03
1.726412773132324219e-02,1.876793518066406250e+02
1.723361015319824219e-02,1.575094726562500000e+03
3.286790847778320312e-02,2.850558090209960938e+01
1.724672317504882812e-02,1.077714767456054688e+02
1.724934577941894531e-02,1.706503784179687500e+03
1.724815368652343750e-02,3.089760131835937500e+02
3.287196159362792969e-02,1.569140777587890625e+02
1.724553108215332031e-02,2.552076873779296875e+02
3.398442268371582031e-02,3.178868408203125000e+02
1.484751701354980469e-02,5.406493377685546875e+01
2.793359756469726562e-02,1.373029541015625000e+03
1.815199851989746094e-02,4.581849670410156250e+02
8.443117141723632812e-03,3.168716735839843750e+02
1.726841926574707031e-02,2.238438476562500000e+03
1.722693443298339844e-02,1.028898906707763672e+01
1.726770401000976562e-02,3.787043457031250000e+02
3.288173675537109375e-02,2.740399658203125000e+03
1.724147796630859375e-02,2.541007812500000000e+03
1.730179786682128906e-02,1.717403320312500000e+03
1.718592643737792969e-02,5.021694030761718750e+02
1.722574234008789062e-02,4.107594909667968750e+02
1.143455505371093750e-02,8.888333129882812500e+02
1.841616630554199219e-02,4.033489379882812500e+02
1.854109764099121094e-02,2.888086547851562500e+02
3.078269958496093750e-02,2.340845794677734375e+02
1.797437667846679688e-02,1.962542724609375000e+02
2.228283882141113281e-02,4.272062377929687500e+02
1.727604866027832031e-02,2.308927001953125000e+02
3.287482261657714844e-02,7.785614013671875000e+02
1.721096038818359375e-02,2.096200752258300781e+01
1.726818084716796875e-02,2.164180175781250000e+03
1.722645759582519531e-02,7.083949584960937500e+02
1.727652549743652344e-02,1.134665161132812500e+03
1.723885536193847656e-02,3.726466655731201172e+00
1.724743843078613281e-02,6.945866088867187500e+02
1.724696159362792969e-02,9.853831787109375000e+02
1.722621917724609375e-02,1.674807006835937500e+03
1.728963851928710938e-02,2.434332519531250000e+03
1.729774475097656250e-02,3.360217590332031250e+02
1.720857620239257812e-02,8.382724609375000000e+02
1.672816276550292969e-02,4.370697631835937500e+02
2.616310119628906250e-02,1.757457275390625000e+03
2.675056457519531250e-02,1.768940925598144531e+01
1.724696159362792969e-02,7.973982543945312500e+02
1.728677749633789062e-02,3.479326782226562500e+02
3.282928466796875000e-02,1.093432006835937500e+02
1.729536056518554688e-02,4.549706726074218750e+02
3.284764289855957031e-02,5.182749633789062500e+02
1.726317405700683594e-02,1.087817916870117188e+02
3.285479545593261719e-02,1.553756141662597656e+01
1.724791526794433594e-02,1.972921386718750000e+03
1.724767684936523438e-02,2.089410247802734375e+02
1.724410057067871094e-02,2.686689147949218750e+02
1.724100112915039062e-02,4.527376651763916016e+00
1.722621917724609375e-02,1.831000061035156250e+02
3.733229637145996094e-02,5.459444580078125000e+02
2.274608612060546875e-02,1.544041137695312500e+03
1.068186759948730469e-02,2.542469024658203125e+02
1.726841926574707031e-02,1.769689941406250000e+02
1.727390289306640625e-02,2.982044677734375000e+02
1.725077629089355469e-02,2.867652893066406250e+02
1.719689369201660156e-02,1.951582641601562500e+02
1.726841926574707031e-02,6.965208740234375000e+02
3.287887573242187500e-02,1.677861450195312500e+03
1.725006103515625000e-02,1.056513916015625000e+03
1.721358299255371094e-02,2.893695983886718750e+02
1.726770401000976562e-02,1.000653137207031250e+03
1.724696159362792969e-02,3.083760070800781250e+02
1.380968093872070312e-02,9.656476593017578125e+01
3.254723548889160156e-02,4.414469604492187500e+02
2.030038833618164062e-02,1.547845703125000000e+03
1.727533340454101562e-02,2.746438720703125000e+03
1.838302612304687500e-02,7.292725830078125000e+02
1.728272438049316406e-02,2.413810272216796875e+02
1.724696159362792969e-02,8.296826171875000000e+02
3.286576271057128906e-02,1.255862304687500000e+03
1.724743843078613281e-02,2.936878356933593750e+02
1.724791526794433594e-02,1.646782714843750000e+03
3.287458419799804688e-02,7.067630004882812500e+01
1.242423057556152344e-02,1.503940063476562500e+03
3.290605545043945312e-02,1.612780609130859375e+02
1.723814010620117188e-02,2.720590515136718750e+02
1.725029945373535156e-02,1.057157226562500000e+03
3.404021263122558594e-02,2.452218322753906250e+02
2.206301689147949219e-02,3.813286437988281250e+02
1.875901222229003906e-02,1.286013916015625000e+03
3.373122215270996094e-02,4.864530029296875000e+02
1.798295974731445312e-02,5.973015136718750000e+02
1.769638061523437500e-02,1.626059936523437500e+03
3.217458724975585938e-03,2.265496444702148438e+01
1.726794242858886719e-02,3.542960510253906250e+02
3.287720680236816406e-02,1.460072875976562500e+03
1.724743843078613281e-02,1.414212158203125000e+03
3.286910057067871094e-02,1.820295715332031250e+02
2.566814422607421875e-02,2.294592041015625000e+03
1.834130287170410156e-02,3.368240966796875000e+02
1.719832420349121094e-02,1.508805419921875000e+03
1.626014709472656250e-03,1.762829895019531250e+02
1.727914810180664062e-02,8.268476486206054688e+00
1.724815368652343750e-02,2.227809082031250000e+03
3.286576271057128906e-02,4.910318603515625000e+02
1.724648475646972656e-02,1.759040069580078125e+02
2.389144897460937500e-02,9.435213470458984375e+01
1.728034019470214844e-02,4.690015563964843750e+02
1.724600791931152344e-02,1.751744018554687500e+03
1.724290847778320312e-02,1.766380004882812500e+02
1.724767684936523438e-02,3.074234008789062500e+02
1.724100112915039062e-02,5.528255462646484375e+01
1.724672317504882812e-02,5.244175415039062500e+02
1.727509498596191406e-02,1.303519409179687500e+03
1.723217964172363281e-02,1.852849853515625000e+03
1.724243164062500000e-02,5.666173706054687500e+02
1.723980903625488281e-02,1.507077026367187500e+03
3.287720680236816406e-02,1.224839706420898438e+02
1.725029945373535156e-02,3.026817932128906250e+02
3.286886215209960938e-02,2.560554931640625000e+03
1.721596717834472656e-02,1.128705139160156250e+02
1.727890968322753906e-02,1.766247070312500000e+03
1.724648475646972656e-02,1.631728881835937500e+03
1.724839210510253906e-02,9.926900482177734375e+01
2.820587158203125000e-02,1.466722534179687500e+03
1.661920547485351562e-02,2.042449584960937500e+03
1.323103904724121094e-02,1.174781127929687500e+03
1.725363731384277344e-02,6.228336181640625000e+02
1.994991302490234375e-02,1.280837158203125000e+03
3.161573410034179688e-02,1.857856323242187500e+03
2.117562294006347656e-02,1.621824951171875000e+03
1.727461814880371094e-02,1.344902099609375000e+03
3.287220001220703125e-02,2.510435638427734375e+02
1.724648475646972656e-02,1.619326934814453125e+02
3.287196159362792969e-02,4.529916381835937500e+01
1.724100112915039062e-02,1.972507690429687500e+03
2.565503120422363281e-02,1.125419235229492188e+02
1.727509498596191406e-02,2.538684844970703125e+02
3.286981582641601562e-02,1.340502471923828125e+02
1.724553108215332031e-02,4.575115051269531250e+02
3.439426422119140625e-02,8.419371948242187500e+02
1.728296279907226562e-02,9.180906677246093750e+01
1.724648475646972656e-02,1.089523391723632812e+02
1.721739768981933594e-02,3.584174194335937500e+02
1.724624633789062500e-02,1.006846313476562500e+02
1.727938652038574219e-02,1.184358886718750000e+03
1.726460456848144531e-02,2.591251220703125000e+02
3.284645080566406250e-02,4.499973754882812500e+02
1.724028587341308594e-02,4.493871765136718750e+02
1.724767684936523438e-02,1.769740112304687500e+03
1.724815368652343750e-02,2.438161865234375000e+03
1.917219161987304688e-02,1.959545654296875000e+03
1.728248596191406250e-02,4.845817871093750000e+02
1.828527450561523438e-02,4.541116027832031250e+02
1.856899261474609375e-02,3.506837463378906250e+02
3.884506225585937500e-02,1.378608398437500000e+02
1.399302482604980469e-02,1.486127807617187500e+03
3.296780586242675781e-02,1.980279846191406250e+02
1.828956604003906250e-02,2.350691162109375000e+03
1.728677749633789062e-02,3.286758728027343750e+02
1.725769042968750000e-02,1.393333984375000000e+03
1.723790168762207031e-02,8.343227539062500000e+02
3.285813331604003906e-02,3.585253601074218750e+02
1.726078987121582031e-02,2.833189392089843750e+02
3.285336494445800781e-02,2.378145019531250000e+03
1.723957061767578125e-02,1.071102752685546875e+02
1.727533340454101562e-02,1.797030273437500000e+03
1.722717285156250000e-02,2.244955596923828125e+02
1.724600791931152344e-02,1.394053710937500000e+03
3.284454345703125000e-02,3.714700317382812500e+02
1.727795600891113281e-02,7.665366821289062500e+02
3.286933898925781250e-02,1.064358444213867188e+02
1.724171638488769531e-02,1.379853027343750000e+03
1.725053787231445312e-02,1.001997009277343750e+03
3.286838531494140625e-02,3.165022583007812500e+02
1.724123954772949219e-02,4.801250610351562500e+02
3.287553787231445312e-02,8.500347137451171875e+01
1.724910736083984375e-02,1.251144775390625000e+03
1.723027229309082031e-02,3.194400634765625000e+02
1.723074913024902344e-02,2.011481079101562500e+03
1.731586456298828125e-02,9.291429901123046875e+01
1.722860336303710938e-02,3.303298645019531250e+02
2.361488342285156250e-02,9.219594116210937500e+02
1.750230789184570312e-02,4.396813659667968750e+02
2.582955360412597656e-02,8.977308349609375000e+02
2.231526374816894531e-02,1.564209838867187500e+03
2.066445350646972656e-02,2.039610107421875000e+03
1.727724075317382812e-02,2.080090576171875000e+03
3.286910057067871094e-02,1.015390136718750000e+03
1.724410057067871094e-02,4.095380554199218750e+02
1.721882820129394531e-02,6.708955688476562500e+02
3.290009498596191406e-02,1.275180358886718750e+02
1.725602149963378906e-02,2.554971679687500000e+03
1.722908020019531250e-02,1.470260620117187500e+03
3.287482261657714844e-02,7.750666809082031250e+01
1.723933219909667969e-02,1.773099975585937500e+02
1.724791526794433594e-02,2.776981811523437500e+02
1.724767684936523438e-02,1.479422119140625000e+03
1.724720001220703125e-02,1.103020385742187500e+03
1.724743843078613281e-02,2.910725097656250000e+02
1.727557182312011719e-02,1.901346130371093750e+02
1.719903945922851562e-02,1.758639984130859375e+02
1.727724075317382812e-02,2.304668426513671875e+02
1.724839210510253906e-02,5.436162948608398438e+01
1.724028587341308594e-02,9.994000244140625000e+02
3.287363052368164062e-02,1.420696533203125000e+03
1.724648475646972656e-02,5.485748291015625000e+02
3.287482261657714844e-02,1.530408287048339844e+01
2.675676345825195312e-02,1.940884857177734375e+02
1.902985572814941406e-02,8.495031738281250000e+02
1.756262779235839844e-02,1.835603637695312500e+03
1.726818084716796875e-02,4.629689788818359375e+01
1.991224288940429688e-02,2.867140502929687500e+02
1.790881156921386719e-02,1.235447311401367188e+02
1.850318908691406250e-02,1.665284790039062500e+03
2.969169616699218750e-02,1.297819824218750000e+03
1.810050010681152344e-02,4.530001831054687500e+02
2.233672142028808594e-02,2.047508789062500000e+03
1.721596717834472656e-02,8.033799438476562500e+02
1.726746559143066406e-02,2.253811950683593750e+02
1.724696159362792969e-02,8.162796783447265625e+01
1.725959777832031250e-02,2.203514404296875000e+03
1.723575592041015625e-02,2.447924194335937500e+02
1.725006103515625000e-02,2.602795166015625000e+03
1.725912094116210938e-02,1.240849243164062500e+03
1.723575592041015625e-02,2.417087707519531250e+02
1.724529266357421875e-02,1.264044555664062500e+03
1.722598075866699219e-02,1.867621826171875000e+03
1.724791526794433594e-02,1.736493041992187500e+03
1.724815368652343750e-02,1.594386005401611328e+01
1.727962493896484375e-02,3.682468566894531250e+02
1.724553108215332031e-02,2.625710144042968750e+02
1.725006103515625000e-02,1.663530120849609375e+02
1.724481582641601562e-02,1.034779663085937500e+03
1.726365089416503906e-02,2.142458007812500000e+03
3.401589393615722656e-02,3.940002136230468750e+02
1.726651191711425781e-02,1.446643432617187500e+03
1.722860336303710938e-02,7.427548217773437500e+02
4.056525230407714844e-02,2.502970581054687500e+02
2.235317230224609375e-02,1.914652587890625000e+03
1.740336418151855469e-02,3.749766845703125000e+02
1.727485656738281250e-02,1.323290039062500000e+03
3.284311294555664062e-02,6.533220214843750000e+02
1.727271080017089844e-02,1.239358886718750000e+03
3.286957740783691406e-02,1.259644409179687500e+03
1.724410057067871094e-02,4.458250122070312500e+02
1.727390289306640625e-02,3.552124328613281250e+02
3.227186203002929688e-02,1.241097778320312500e+03
1.738905906677246094e-02,1.270432128906250000e+03
1.046252250671386719e-02,1.397363769531250000e+03
1.726818084716796875e-02,6.831255493164062500e+02
1.727700233459472656e-02,1.306912841796875000e+03
1.721763610839843750e-02,1.466325836181640625e+02
1.727724075317382812e-02,1.022461486816406250e+03
1.719737052917480469e-02,9.462473869323730469e+00
1.726770401000976562e-02,5.373059082031250000e+02
1.727557182312011719e-02,3.043797912597656250e+02
1.722931861877441406e-02,9.895672607421875000e+01
3.287076950073242188e-02,8.219446411132812500e+02
1.724362373352050781e-02,1.996699707031250000e+03
1.724910736083984375e-02,1.432160766601562500e+03
3.286695480346679688e-02,6.137242431640625000e+02
1.724720001220703125e-02,5.979456787109375000e+02
3.287172317504882812e-02,2.592289733886718750e+02
1.724314689636230469e-02,2.059843994140625000e+03
2.189874649047851562e-02,5.794389343261718750e+01
3.477978706359863281e-02,1.360385620117187500e+03
1.744151115417480469e-02,1.697910034179687500e+03
1.727533340454101562e-02,3.442731323242187500e+02
3.286862373352050781e-02,8.198241424560546875e+01
1.724743843078613281e-02,2.002234458923339844e+01
1.724839210510253906e-02,1.159722412109375000e+03
3.287005424499511719e-02,5.946912231445312500e+02
1.721644401550292969e-02,2.543966064453125000e+03
1.724839210510253906e-02,1.562217407226562500e+03
1.724696159362792969e-02,1.185109252929687500e+02
1.724576950073242188e-02,7.765531921386718750e+01
1.335263252258300781e-02,3.868615417480468750e+02
1.837897300720214844e-02,4.633647155761718750e+01
3.889727592468261719e-02,1.055615600585937500e+03
1.403641700744628906e-02,2.252573776245117188e+01
1.725292205810546875e-02,5.962917327880859375e+01
1.726222038269042969e-02,1.005931762695312500e+03
1.732349395751953125e-02,8.990344238281250000e+02
1.720118522644042969e-02,3.998961486816406250e+02
1.721239089965820312e-02,2.893517150878906250e+02
3.288149833679199219e-02,2.863319091796875000e+02
1.726126670837402344e-02,3.227966918945312500e+02
3.577256202697753906e-02,3.459622802734375000e+02
2.631425857543945312e-03,1.563040405273437500e+03
3.289914131164550781e-02,7.570870971679687500e+02
1.723980903625488281e-02,1.342288208007812500e+03
1.253056526184082031e-02,1.222762084960937500e+03
1.757597923278808594e-02,2.184803222656250000e+03
2.099299430847167969e-02,1.653649658203125000e+03
2.567172050476074219e-02,1.100588623046875000e+03
2.355766296386718750e-02,2.265572357177734375e+02
1.724791526794433594e-02,1.628343505859375000e+03
1.724839210510253906e-02,1.797095825195312500e+03
3.398799896240234375e-02,2.236794128417968750e+02
1.728010177612304688e-02,1.741536376953125000e+03
3.287220001220703125e-02,2.573561096191406250e+02
3.286838531494140625e-02,5.905636596679687500e+02
1.724362373352050781e-02,3.255003051757812500e+02
3.287243843078613281e-02,2.122310791015625000e+03
1.724958419799804688e-02,5.922907104492187500e+02
1.721358299255371094e-02,1.441704254150390625e+02
1.727938652038574219e-02,5.212815551757812500e+02
1.721620559692382812e-02,6.168892822265625000e+02
2.606105804443359375e-02,5.818988037109375000e+02
1.767182350158691406e-02,7.773591613769531250e+01
1.134681701660156250e-02,2.211154022216796875e+02
1.726794242858886719e-02,3.706506958007812500e+02
1.722741127014160156e-02,1.760043701171875000e+03
1.725625991821289062e-02,1.132015323638916016e+01
1.725864410400390625e-02,1.770150451660156250e+02
1.725840568542480469e-02,3.730164184570312500e+02
7.177829742431640625e-03,1.575448120117187500e+03
3.290319442749023438e-02,1.451804077148437500e+03
1.724243164062500000e-02,1.912799835205078125e+02
2.150774002075195312e-02,7.300692749023437500e+02
2.395749092102050781e-02,2.237860107421875000e+02
1.801228523254394531e-02,2.096671630859375000e+03
1.266551017761230469e-02,1.591171722412109375e+02
1.727914810180664062e-02,2.651616699218750000e+03
1.722073554992675781e-02,1.091882690429687500e+03
1.724958419799804688e-02,2.068488281250000000e+03
1.725101470947265625e-02,3.684375610351562500e+02
1.724743843078613281e-02,5.750590209960937500e+02
1.724743843078613281e-02,1.322804687500000000e+03
3.286504745483398438e-02,2.370223236083984375e+02
1.725029945373535156e-02,3.857186584472656250e+02
3.286623954772949219e-02,3.064003662109375000e+03
1.724720001220703125e-02,7.088090515136718750e+01
1.724720001220703125e-02,3.009580383300781250e+02
1.724720001220703125e-02,5.609398193359375000e+02
1.724720001220703125e-02,1.957779052734375000e+03
1.724767684936523438e-02,8.904555664062500000e+02
1.725220680236816406e-02,1.673900878906250000e+03
3.286385536193847656e-02,3.401864013671875000e+02
2.220010757446289062e-02,1.304341796875000000e+03
1.801514625549316406e-02,1.831000061035156250e+02
1.837778091430664062e-02,6.983688354492187500e+00
2.043652534484863281e-02,1.284129638671875000e+02
1.692414283752441406e-02,1.260718505859375000e+03
1.722002029418945312e-02,4.223910522460937500e+02
1.829051971435546875e-02,2.943552551269531250e+02
2.851724624633789062e-03,2.503920440673828125e+02
1.724815368652343750e-02,8.857427215576171875e+01
3.288888931274414062e-02,5.438133544921875000e+02
1.724743843078613281e-02,3.666911315917968750e+01
4.984855651855468750e-03,1.763156616210937500e+03
3.133654594421386719e-02,4.716321105957031250e+02
1.704120635986328125e-02,4.281417236328125000e+02
6.158351898193359375e-03,4.029435424804687500e+02
1.728367805480957031e-02,1.759040069580078125e+02
3.286433219909667969e-02,4.198041381835937500e+02
1.724410057067871094e-02,4.317682495117187500e+02
1.723957061767578125e-02,8.366004028320312500e+02
3.287816047668457031e-02,1.341558349609375000e+03
1.725053787231445312e-02,1.347505371093750000e+03
1.724576950073242188e-02,1.460234497070312500e+03
1.726889610290527344e-02,1.068643188476562500e+01
3.409981727600097656e-02,3.113732299804687500e+02
1.728177070617675781e-02,1.492019348144531250e+02
1.626014709472656250e-03,1.830169982910156250e+02
1.721596717834472656e-02,1.742543212890625000e+03
3.289699554443359375e-02,2.899927978515625000e+02
1.721882820129394531e-02,2.820845336914062500e+02
3.289818763732910156e-02,3.004229125976562500e+02
1.724720001220703125e-02,1.759559326171875000e+03
1.724767684936523438e-02,4.021715393066406250e+02
1.724839210510253906e-02,1.768829956054687500e+02
1.723694801330566406e-02,5.168153686523437500e+02
1.724791526794433594e-02,7.070457458496093750e+00
1.834750175476074219e-02,1.284612548828125000e+03
1.729106903076171875e-02,3.476059265136718750e+02
3.190994262695312500e-02,1.437307617187500000e+03
2.240848541259765625e-02,7.973968505859375000e+01
9.039878845214843750e-03,1.166003265380859375e+02
1.874327659606933594e-02,3.649799194335937500e+02
2.693223953247070312e-02,3.621741027832031250e+02
2.593684196472167969e-02,1.716537231445312500e+03
1.724743843078613281e-02,4.084286499023437500e+01
1.728320121765136719e-02,6.356005249023437500e+02
3.286027908325195312e-02,4.542402038574218750e+02
1.726102828979492188e-02,8.534302978515625000e+02
3.285741806030273438e-02,7.941531982421875000e+02
1.726102828979492188e-02,5.651703491210937500e+02
1.723289489746093750e-02,1.913816894531250000e+03
3.286862373352050781e-02,5.768453121185302734e+00
1.724648475646972656e-02,4.998776245117187500e+02
1.725006103515625000e-02,1.758639984130859375e+02
1.724958419799804688e-02,3.958706054687500000e+02
1.724553108215332031e-02,3.948157653808593750e+02
1.721572875976562500e-02,8.878165283203125000e+02
3.290057182312011719e-02,1.463948730468750000e+03
1.721596717834472656e-02,1.927817138671875000e+03
1.726722717285156250e-02,1.314488281250000000e+03
1.724982261657714844e-02,7.188994598388671875e+01
2.495288848876953125e-02,5.185238647460937500e+01
1.725530624389648438e-02,4.665534667968750000e+02
1.726984977722167969e-02,1.086733932495117188e+02
3.286790847778320312e-02,1.060721313476562500e+03
1.725220680236816406e-02,8.230881958007812500e+02
2.273583412170410156e-02,1.087147369384765625e+02
1.828718185424804688e-02,2.345683746337890625e+02
1.860523223876953125e-02,9.829098510742187500e+02
2.311635017395019531e-02,3.231648559570312500e+02
1.707124710083007812e-02,8.412966308593750000e+02
1.413989067077636719e-02,7.838930053710937500e+02
1.727890968322753906e-02,2.874898071289062500e+02
1.725029945373535156e-02,5.949722290039062500e+01
1.724553108215332031e-02,2.800723571777343750e+02
1.724696159362792969e-02,1.290059204101562500e+03
1.724672317504882812e-02,1.362630615234375000e+03
1.724767684936523438e-02,1.153703125000000000e+03
1.726412773132324219e-02,1.954896606445312500e+03
3.284764289855957031e-02,9.344985961914062500e+02
1.725387573242187500e-02,6.026138916015625000e+02
1.724505424499511719e-02,1.408199584960937500e+03
1.724720001220703125e-02,1.252980957031250000e+02
1.724815368652343750e-02,2.471392822265625000e+03
1.724696159362792969e-02,7.880895996093750000e+02
1.726365089416503906e-02,7.777740478515625000e+02
3.285121917724609375e-02,2.172548339843750000e+03
1.723766326904296875e-02,1.087007080078125000e+03
2.120685577392578125e-02,3.905329284667968750e+02
1.727151870727539062e-02,1.415709350585937500e+03
1.724028587341308594e-02,1.647691406250000000e+03
1.724743843078613281e-02,1.427179443359375000e+03
1.724720001220703125e-02,7.438410644531250000e+02
2.222490310668945312e-02,4.537108764648437500e+02
1.724863052368164062e-02,4.069423522949218750e+02
1.962685585021972656e-02,4.814591979980468750e+02
1.724815368652343750e-02,4.269965209960937500e+02
1.726794242858886719e-02,4.930675029754638672e+00
2.021789550781250000e-02,2.413515380859375000e+03
2.529191970825195312e-02,3.977749938964843750e+02
2.660083770751953125e-02,3.103218078613281250e+00
1.828289031982421875e-02,7.625626831054687500e+02
1.728081703186035156e-02,3.707293395996093750e+02
3.025650978088378906e-02,2.889918212890625000e+02
1.719617843627929688e-02,1.473223022460937500e+03
9.559631347656250000e-03,3.539171752929687500e+02
1.726770401000976562e-02,2.243826141357421875e+02
1.724934577941894531e-02,2.395152587890625000e+03
1.724600791931152344e-02,1.366669311523437500e+02
1.725816726684570312e-02,1.786069091796875000e+03
3.401374816894531250e-02,1.501660400390625000e+03
1.725125312805175781e-02,2.831099853515625000e+02
1.724720001220703125e-02,4.330581970214843750e+02
3.289651870727539062e-02,1.774008560180664062e+01
1.722073554992675781e-02,5.096848754882812500e+02
1.727795600891113281e-02,2.588984489440917969e+01
1.724791526794433594e-02,1.225660400390625000e+03
1.549267768859863281e-02,2.099205078125000000e+03
1.727199554443359375e-02,4.347508239746093750e+01
1.725077629089355469e-02,3.978189849853515625e+01
1.722002029418945312e-02,5.520872802734375000e+02
1.736903190612792969e-02,1.014530944824218750e+03
1.714563369750976562e-02,2.839999961853027344e+01
3.287887573242187500e-02,1.758979949951171875e+02
1.723742485046386719e-02,2.895646667480468750e+02
1.724720001220703125e-02,1.263869384765625000e+03
1.724767684936523438e-02,1.289069335937500000e+03
1.724815368652343750e-02,2.595299987792968750e+02
1.228094100952148438e-02,-2.957775592803955078e-01
2.427244186401367188e-02,2.787559814453125000e+02
1.716423034667968750e-02,2.118139038085937500e+02
1.317811012268066406e-02,1.280665649414062500e+03
1.727914810180664062e-02,1.633830718994140625e+02
1.724767684936523438e-02,1.153501052856445312e+02
1.724767684936523438e-02,3.244260559082031250e+02
2.158641815185546875e-02,3.657019653320312500e+02
1.834177970886230469e-02,2.039405975341796875e+02
1.726961135864257812e-02,1.674904785156250000e+02
1.847767829895019531e-02,1.083477172851562500e+02
2.617955207824707031e-02,3.159003906250000000e+02
2.674341201782226562e-02,2.166493682861328125e+02
1.721596717834472656e-02,1.404792785644531250e+02
3.290033340454101562e-02,3.451994628906250000e+02
1.724386215209960938e-02,4.620255126953125000e+02
3.287220001220703125e-02,2.468065795898437500e+02
1.724982261657714844e-02,2.108456787109375000e+03
1.721382141113281250e-02,1.834231811523437500e+03
3.289794921875000000e-02,2.963334045410156250e+02
1.721787452697753906e-02,2.169464843750000000e+03
1.724720001220703125e-02,1.450071166992187500e+03
3.286838531494140625e-02,6.743725585937500000e+01
1.724791526794433594e-02,1.811075973510742188e+01
1.724720001220703125e-02,2.052265014648437500e+02
1.868319511413574219e-02,-2.706395983695983887e-01
1.725125312805175781e-02,2.491998535156250000e+03
1.724672317504882812e-02,1.361000061035156250e+00
2.163171768188476562e-02,5.179681396484375000e+02
3.195428848266601562e-02,3.507578659057617188e+01
1.644706726074218750e-02,1.836419982910156250e+02
6.188869476318359375e-03,7.938325195312500000e+02
1.727509498596191406e-02,1.294948608398437500e+03
1.721978187561035156e-02,7.152220153808593750e+01
1.727008819580078125e-02,4.722069702148437500e+02
1.724481582641601562e-02,1.769415588378906250e+02
1.724791526794433594e-02,1.758020019531250000e+02
1.725864410400390625e-02,4.005837097167968750e+02
1.724934577941894531e-02,2.828043518066406250e+02
1.834797859191894531e-02,4.527826843261718750e+02
1.728129386901855469e-02,1.598139038085937500e+03
1.724910736083984375e-02,3.912807617187500000e+02
3.600525856018066406e-02,4.560103454589843750e+02
2.332973480224609375e-02,3.257759094238281250e+02
6.086111068725585938e-03,8.852018356323242188e+00
1.724815368652343750e-02,1.449429321289062500e+03
1.727938652038574219e-02,1.589323486328125000e+03
1.953315734863281250e-02,3.321321716308593750e+02
1.727652549743652344e-02,2.283750057220458984e+00
1.724100112915039062e-02,2.348455352783203125e+02
1.724767684936523438e-02,3.574832763671875000e+02
3.288030624389648438e-02,3.770048904418945312e+01
1.725530624389648438e-02,1.413492584228515625e+02
1.722788810729980469e-02,4.876246948242187500e+02
3.287625312805175781e-02,9.052098999023437500e+02
1.726007461547851562e-02,2.450766754150390625e+02
3.285598754882812500e-02,1.526674499511718750e+02
1.842832565307617188e-02,1.309887451171875000e+03
3.169703483581542969e-02,2.461256835937500000e+03
1.839852333068847656e-02,3.059842224121093750e+02
1.730489730834960938e-02,1.506507682800292969e+01
1.727223396301269531e-02,2.258547973632812500e+02
3.286409378051757812e-02,5.301786499023437500e+02
1.724648475646972656e-02,1.936963745117187500e+03
1.727533340454101562e-02,2.887883300781250000e+03
1.723027229309082031e-02,1.837393035888671875e+02
3.286647796630859375e-02,1.953814849853515625e+02
1.724648475646972656e-02,2.729189758300781250e+02
1.725172996520996094e-02,2.484641418457031250e+02
1.724600791931152344e-02,2.447281494140625000e+02
1.724791526794433594e-02,5.414279785156250000e+02
1.725006103515625000e-02,2.642129821777343750e+02
3.116106986999511719e-02,1.256743011474609375e+02
2.657413482666015625e-03,1.053985595703125000e+03
3.991174697875976562e-02,2.457817871093750000e+03
1.309800148010253906e-02,2.268287597656250000e+03
1.728057861328125000e-02,5.765921401977539062e+01
1.724624633789062500e-02,2.268217529296875000e+03
1.726508140563964844e-02,1.132832641601562500e+02
3.284668922424316406e-02,2.592535644531250000e+03
1.727175712585449219e-02,1.691825561523437500e+02
3.284406661987304688e-02,2.953565673828125000e+02
1.725149154663085938e-02,1.024158325195312500e+03
1.721835136413574219e-02,1.300753784179687500e+02
1.727700233459472656e-02,1.354036743164062500e+03
2.985119819641113281e-02,1.066387653350830078e+01
2.659130096435546875e-02,5.257895660400390625e+01
2.690100669860839844e-02,1.292451171875000000e+03
1.727414131164550781e-02,2.841805725097656250e+02
1.725220680236816406e-02,7.990032348632812500e+02
1.724600791931152344e-02,4.898287658691406250e+02
1.724767684936523438e-02,3.312983398437500000e+02
1.724720001220703125e-02,-6.489999890327453613e-01
1.724767684936523438e-02,3.201991271972656250e+02
3.287076950073242188e-02,1.223026962280273438e+02
1.721358299255371094e-02,1.438113769531250000e+03
1.726794242858886719e-02,1.251272949218750000e+03
2.890968322753906250e-02,4.069640808105468750e+02
1.727318763732910156e-02,1.995310668945312500e+02
1.724910736083984375e-02,3.449742126464843750e+02
1.724886894226074219e-02,1.270092041015625000e+03
1.724696159362792969e-02,3.262083740234375000e+02
1.724624633789062500e-02,2.328777587890625000e+03
1.724791526794433594e-02,2.642568969726562500e+02
1.724886894226074219e-02,9.845491409301757812e+00
3.230047225952148438e-02,2.156061553955078125e+02
1.775050163269042969e-02,2.694621276855468750e+02
1.214551925659179688e-02,2.318416259765625000e+03
1.725149154663085938e-02,4.931685638427734375e+01
3.286576271057128906e-02,4.661319274902343750e+02
1.726698875427246094e-02,6.948538208007812500e+01
1.724767684936523438e-02,1.686238861083984375e+01
1.723384857177734375e-02,7.810926513671875000e+02
2.499246597290039062e-02,1.260174194335937500e+03
3.092741966247558594e-02,2.538303222656250000e+02
2.196359634399414062e-02,4.916511535644531250e+02
1.726102828979492188e-02,1.417534545898437500e+03
1.724386215209960938e-02,1.519816284179687500e+03
1.922154426574707031e-02,1.505477294921875000e+03
1.725053787231445312e-02,1.830099945068359375e+02
1.724720001220703125e-02,4.798272399902343750e+02
3.286862373352050781e-02,2.110431060791015625e+02
1.724910736083984375e-02,1.488334045410156250e+02
1.724648475646972656e-02,1.058842285156250000e+03
1.724791526794433594e-02,6.815613403320312500e+02
1.724600791931152344e-02,4.785415954589843750e+02
3.286862373352050781e-02,1.302283935546875000e+02
1.724720001220703125e-02,1.769868011474609375e+02
1.728272438049316406e-02,2.283796875000000000e+03
1.836848258972167969e-02,3.589465332031250000e+02
3.290176391601562500e-02,9.976945190429687500e+02
1.724672317504882812e-02,4.395753784179687500e+02
3.286814689636230469e-02,9.847032928466796875e+01
1.725244522094726562e-02,1.975258636474609375e+02
5.346298217773437500e-03,2.069312988281250000e+03
1.822233200073242188e-02,1.601502685546875000e+03
1.841926574707031250e-02,9.479274291992187500e+02
3.998017311096191406e-02,5.639600219726562500e+02
1.295280456542968750e-02,1.732321411132812500e+03
1.884055137634277344e-02,1.502872192382812500e+03
1.727962493896484375e-02,1.830829925537109375e+02
1.910924911499023438e-02,1.758639984130859375e+02
2.936935424804687500e-02,2.060619201660156250e+02
2.360296249389648438e-02,9.030562133789062500e+02
1.728558540344238281e-02,1.769619178771972656e+01
3.286528587341308594e-02,9.018450927734375000e+02
1.724171638488769531e-02,2.439443115234375000e+03
3.287458419799804688e-02,4.409500122070312500e+02
2.584552764892578125e-02,1.172970581054687500e+01
1.725149154663085938e-02,1.310656982421875000e+03
3.289246559143066406e-02,4.915803527832031250e+01
1.724982261657714844e-02,1.965337944030761719e+01
1.724600791931152344e-02,2.475806640625000000e+03
1.725077629089355469e-02,1.913376220703125000e+03
1.721572875976562500e-02,1.256713623046875000e+03
1.727199554443359375e-02,1.316264892578125000e+03
1.722240447998046875e-02,8.148034667968750000e+02
1.726722717285156250e-02,0.000000000000000000e+00
1.724720001220703125e-02,8.310865020751953125e+01
1.724815368652343750e-02,1.113610107421875000e+03
1.724767684936523438e-02,2.123057617187500000e+03
3.288221359252929688e-02,3.130245361328125000e+02
1.724219322204589844e-02,1.160710815429687500e+03
1.721930503845214844e-02,9.055643463134765625e+01
1.727724075317382812e-02,1.768809967041015625e+02
1.723623275756835938e-02,1.563646240234375000e+03
1.724791526794433594e-02,1.466302490234375000e+03
3.287935256958007812e-02,1.412282470703125000e+03
2.257990837097167969e-02,4.965195846557617188e+01
3.368616104125976562e-03,1.528999924659729004e+00
2.910542488098144531e-02,1.643890869140625000e+03
1.786565780639648438e-02,9.363307495117187500e+02
7.304906845092773438e-03,2.662368164062500000e+03
3.290033340454101562e-02,2.635305419921875000e+03
1.721668243408203125e-02,1.950858398437500000e+03
3.290081024169921875e-02,2.269229278564453125e+02
2.381253242492675781e-02,1.484522857666015625e+02
1.726770401000976562e-02,1.930930908203125000e+03
1.724743843078613281e-02,1.849617004394531250e+02
1.724720001220703125e-02,2.474094970703125000e+03
1.724743843078613281e-02,3.830011901855468750e+02
1.724743843078613281e-02,1.373588500976562500e+03
1.724863052368164062e-02,8.787246093750000000e+02
1.727437973022460938e-02,8.119439086914062500e+02
3.284716606140136719e-02,1.352679565429687500e+03
1.626014709472656250e-03,1.145548019409179688e+02
1.725244522094726562e-02,4.207777023315429688e+01
3.286576271057128906e-02,6.265750122070312500e+02
1.724672317504882812e-02,3.662687072753906250e+02
1.725101470947265625e-02,2.349549804687500000e+03
1.883268356323242188e-02,2.723293151855468750e+02
1.728415489196777344e-02,2.389270019531250000e+03
1.724934577941894531e-02,3.354185485839843750e+02
1.724481582641601562e-02,1.918772705078125000e+03
3.286886215209960938e-02,5.379348754882812500e+02
1.724171638488769531e-02,4.777250976562500000e+02
1.724982261657714844e-02,1.818705902099609375e+02
3.287196159362792969e-02,8.349423408508300781e+00
3.399419784545898438e-02,6.958724365234375000e+02
3.086972236633300781e-02,7.823312377929687500e+02
2.292132377624511719e-02,1.223807495117187500e+03
2.574849128723144531e-02,5.662579727172851562e+01
1.727342605590820312e-02,1.329591308593750000e+03
1.725006103515625000e-02,2.488041076660156250e+02
1.724815368652343750e-02,2.489077606201171875e+02
1.726365089416503906e-02,1.621429901123046875e+02
3.284835815429687500e-02,1.338894042968750000e+03
1.726579666137695312e-02,3.541739940643310547e+00
3.286814689636230469e-02,2.237468261718750000e+02
1.723313331604003906e-02,2.157343750000000000e+02
3.286600112915039062e-02,1.452669189453125000e+03
1.724696159362792969e-02,3.457409667968750000e+02
3.287386894226074219e-02,1.186751220703125000e+03
1.721477508544921875e-02,3.899745047092437744e-01
3.290224075317382812e-02,2.201963378906250000e+03
1.724076271057128906e-02,2.523212158203125000e+03
1.725077629089355469e-02,1.015958007812500000e+03
3.287124633789062500e-02,1.803477935791015625e+02
1.724123954772949219e-02,1.099475952148437500e+03
1.724028587341308594e-02,7.411004638671875000e+02
1.722669601440429688e-02,2.498766479492187500e+02
1.726770401000976562e-02,1.623566650390625000e+03
1.723408699035644531e-02,4.427375793457031250e+02
3.432846069335937500e-02,4.216640930175781250e+02
1.813936233520507812e-02,2.327082031250000000e+03
1.447010040283203125e-02,2.708518066406250000e+02
3.289413452148437500e-02,2.018058624267578125e+02
1.726317405700683594e-02,7.400868088006973267e-02
3.290510177612304688e-02,6.193093872070312500e+02
1.872372627258300781e-02,1.001273498535156250e+02
6.212472915649414062e-03,5.238157653808593750e+01
1.728129386901855469e-02,1.454499633789062500e+03
1.724553108215332031e-02,2.532418975830078125e+02
1.724743843078613281e-02,1.045968017578125000e+03
1.724720001220703125e-02,3.472430419921875000e+02
1.724696159362792969e-02,1.767002410888671875e+02
1.724767684936523438e-02,6.510419464111328125e+01
1.724815368652343750e-02,3.409973754882812500e+02
3.286576271057128906e-02,6.776580200195312500e+02
1.724863052368164062e-02,4.532357406616210938e+01
3.287267684936523438e-02,2.417583618164062500e+02
1.724100112915039062e-02,4.252832336425781250e+02
3.287196159362792969e-02,1.699135498046875000e+03
1.721644401550292969e-02,-1.860000044107437134e-01
1.726770401000976562e-02,2.252377197265625000e+03
1.724720001220703125e-02,1.639450907707214355e+00
1.725840568542480469e-02,1.834176757812500000e+03
1.724767684936523438e-02,9.379466552734375000e+02
3.286790847778320312e-02,9.581442871093750000e+02
2.531313896179199219e-02,8.125898437500000000e+02
2.504825592041015625e-02,3.800019836425781250e+02
2.276301383972167969e-02,1.766100006103515625e+02
6.594181060791015625e-03,1.499914550781250000e+03
3.290057182312011719e-02,1.250493286132812500e+03
1.724362373352050781e-02,1.567999755859375000e+03
1.724123954772949219e-02,2.136047607421875000e+03
1.725459098815917969e-02,3.451549072265625000e+02
2.380228042602539062e-02,2.341737060546875000e+02
1.887965202331542969e-02,2.061982421875000000e+02
1.795244216918945312e-02,3.870351867675781250e+02
2.250981330871582031e-02,3.963704223632812500e+02
2.716040611267089844e-02,6.159107055664062500e+02
2.054119110107421875e-02,2.420000076293945312e+01
1.726436614990234375e-02,2.661302490234375000e+02
1.723289489746093750e-02,2.041079559326171875e+02
3.287053108215332031e-02,1.261280899047851562e+02
1.724433898925781250e-02,5.233054199218750000e+02
3.287005424499511719e-02,1.712534790039062500e+03
1.832652091979980469e-02,1.902048583984375000e+03
3.290319442749023438e-02,2.913203857421875000e+03
1.724386215209960938e-02,2.083967285156250000e+02
3.287196159362792969e-02,1.525728393554687500e+03
1.725006103515625000e-02,9.074372863769531250e+01
3.283548355102539062e-02,1.109609375000000000e+03
1.727437973022460938e-02,1.211933959960937500e+03
2.060484886169433594e-02,6.482909545898437500e+02
3.208398818969726562e-02,4.649077606201171875e+01
1.847314834594726562e-02,2.592268066406250000e+02
3.572463989257812500e-03,2.259563140869140625e+02
3.287005424499511719e-02,7.853282470703125000e+02
1.724743843078613281e-02,5.755127906799316406e+00
2.145385742187500000e-02,5.377456665039062500e+02
1.727938652038574219e-02,4.398212585449218750e+02
1.723623275756835938e-02,1.229098266601562500e+03
1.724743843078613281e-02,2.496490722656250000e+03
1.725816726684570312e-02,6.420725708007812500e+02
1.859498023986816406e-02,1.617055206298828125e+02
1.728296279907226562e-02,4.598175430297851562e+01
3.286957740783691406e-02,4.841147766113281250e+02
2.505946159362792969e-02,2.810796630859375000e+03
2.454304695129394531e-02,6.120041503906250000e+02
1.209545135498046875e-02,3.487568283081054688e+01
1.728796958923339844e-02,1.022961975097656250e+03
1.724743843078613281e-02,4.175563049316406250e+02
1.724743843078613281e-02,5.503801879882812500e+02
1.724743843078613281e-02,8.539718627929687500e+02
3.285574913024902344e-02,7.928549804687500000e+02
1.835918426513671875e-02,2.146710052490234375e+02
1.728177070617675781e-02,4.645747985839843750e+02
1.724934577941894531e-02,1.254531982421875000e+03
1.723480224609375000e-02,1.749349975585937500e+02
1.724672317504882812e-02,1.298368408203125000e+03
1.724743843078613281e-02,2.907302246093750000e+02
1.725172996520996094e-02,1.529294311523437500e+03
1.566481590270996094e-02,1.634473144531250000e+03
1.793718338012695312e-02,3.641015014648437500e+02
3.395819664001464844e-02,2.468283538818359375e+02
1.826119422912597656e-02,1.217128417968750000e+03
1.726818084716796875e-02,2.150838775634765625e+02
1.724839210510253906e-02,5.463704833984375000e+02
1.724624633789062500e-02,3.118316040039062500e+02
1.725864410400390625e-02,2.079718475341796875e+02
1.724815368652343750e-02,1.177460632324218750e+02
1.724600791931152344e-02,1.577037109375000000e+03
1.726531982421875000e-02,1.350696411132812500e+02
3.284835815429687500e-02,1.253915771484375000e+03
1.726651191711425781e-02,1.781872924804687500e+03
3.284859657287597656e-02,1.187499267578125000e+03
1.724123954772949219e-02,1.665230224609375000e+03
1.724648475646972656e-02,1.574437622070312500e+03
1.663017272949218750e-02,6.905325317382812500e+02
1.845741271972656250e-02,2.753562011718750000e+03
1.829957962036132812e-02,3.972974243164062500e+02
1.940870285034179688e-02,1.035263290405273438e+02
1.792573928833007812e-02,2.939091873168945312e+01
1.723456382751464844e-02,1.027691772460937500e+03
1.729583740234375000e-02,8.864482421875000000e+02
1.723361015319824219e-02,4.481196289062500000e+02
3.286409378051757812e-02,6.383344268798828125e+01
3.709530830383300781e-02,1.106528701782226562e+02
1.729106903076171875e-02,1.680727905273437500e+03
1.720857620239257812e-02,1.946432495117187500e+03
2.290558815002441406e-02,9.081885375976562500e+02
1.626014709472656250e-03,3.611017150878906250e+02
4.187607765197753906e-02,2.217023468017578125e+02
1.101207733154296875e-02,2.902478271484375000e+03
1.727747917175292969e-02,4.388815002441406250e+02
1.724863052368164062e-02,1.341924926757812500e+03
1.724743843078613281e-02,2.650933532714843750e+02
1.723670959472656250e-02,2.035762977600097656e+01
3.287482261657714844e-02,2.032071533203125000e+03
1.729464530944824219e-02,5.366141357421875000e+02
1.830506324768066406e-02,3.403481140136718750e+02
1.724815368652343750e-02,4.512287292480468750e+02
1.724720001220703125e-02,1.578790893554687500e+03
3.286480903625488281e-02,4.027243423461914062e+01
1.724982261657714844e-02,2.825812988281250000e+02
1.724052429199218750e-02,8.531459960937500000e+02
1.727509498596191406e-02,4.130036010742187500e+02
3.282046318054199219e-02,4.573673706054687500e+02
1.726770401000976562e-02,5.367008666992187500e+02
1.724767684936523438e-02,1.146034057617187500e+03
1.724696159362792969e-02,1.982256164550781250e+02
1.725983619689941406e-02,5.215120849609375000e+02
1.726293563842773438e-02,1.448979492187500000e+03
3.280520439147949219e-02,2.666169433593750000e+02
2.656674385070800781e-02,2.378247222900390625e+02
1.843929290771484375e-02,1.235464401245117188e+02
1.723814010620117188e-02,5.498420333862304688e+01
1.727557182312011719e-02,1.875507354736328125e+01
3.284692764282226562e-02,4.789179992675781250e+02
2.598500251770019531e-02,2.912940979003906250e+02
2.396273612976074219e-02,7.210584259033203125e+01
8.456945419311523438e-03,1.191718017578125000e+03
1.838874816894531250e-02,1.477065551757812500e+03
1.725006103515625000e-02,6.669295654296875000e+02
1.726794242858886719e-02,3.687426452636718750e+02
1.727652549743652344e-02,4.085584106445312500e+02
1.721787452697753906e-02,3.062310485839843750e+02
1.731443405151367188e-02,4.061188049316406250e+02
1.716041564941406250e-02,2.081686553955078125e+02
1.726698875427246094e-02,1.302395751953125000e+03
1.722717285156250000e-02,1.957710937500000000e+03
1.724934577941894531e-02,1.207141601562500000e+03
1.728582382202148438e-02,2.483003997802734375e+02
3.285694122314453125e-02,2.214699249267578125e+02
1.726841926574707031e-02,2.138599243164062500e+02
3.284645080566406250e-02,1.946761474609375000e+02
1.722407341003417969e-02,1.112689575195312500e+03
1.727342605590820312e-02,1.046866699218750000e+03
3.400707244873046875e-02,6.201557006835937500e+02
1.728200912475585938e-02,5.572510986328125000e+02
3.287196159362792969e-02,6.470461425781250000e+02
2.378869056701660156e-02,1.257753601074218750e+02
1.834177970886230469e-02,5.326973876953125000e+02
1.848006248474121094e-02,3.591168457031250000e+03
2.138423919677734375e-02,2.120309295654296875e+02
2.628374099731445312e-02,3.863112182617187500e+02
2.259922027587890625e-02,2.065280273437500000e+03
1.846933364868164062e-02,2.337204217910766602e+00
1.766490936279296875e-02,1.450564941406250000e+03
1.752376556396484375e-02,2.025032714843750000e+03
3.891229629516601562e-03,1.153322143554687500e+03
3.289914131164550781e-02,8.072645263671875000e+02
1.724624633789062500e-02,6.774118652343750000e+02
3.287816047668457031e-02,1.898090454101562500e+03
1.723742485046386719e-02,1.616381683349609375e+02
3.287267684936523438e-02,2.657899780273437500e+02
1.721572875976562500e-02,1.678155029296875000e+03
3.289937973022460938e-02,1.552679931640625000e+03
1.992964744567871094e-02,4.085915222167968750e+02
1.728105545043945312e-02,1.445682617187500000e+03
1.726531982421875000e-02,7.034268951416015625e+01
3.284740447998046875e-02,7.473959350585937500e+02
1.726269721984863281e-02,2.051621551513671875e+02
1.723241806030273438e-02,1.983692321777343750e+02
3.286981582641601562e-02,1.540172607421875000e+03
3.692579269409179688e-02,1.634831665039062500e+03
1.724576950073242188e-02,2.639256286621093750e+01
1.726746559143066406e-02,3.806214904785156250e+02
1.827549934387207031e-02,7.679248046875000000e+02
3.289866447448730469e-02,6.161671752929687500e+02
1.722002029418945312e-02,1.016815307617187500e+03
1.728749275207519531e-02,1.115241088867187500e+03
1.724147796630859375e-02,1.613313964843750000e+03
9.227037429809570312e-03,2.436677978515625000e+03
2.964997291564941406e-02,4.714556884765625000e+02
1.659035682678222656e-02,4.643121643066406250e+02
8.186817169189453125e-03,2.038097045898437500e+03
3.290057182312011719e-02,2.395253448486328125e+02
1.724624633789062500e-02,1.847264282226562500e+03
3.287029266357421875e-02,1.425721923828125000e+03
1.724910736083984375e-02,1.720975494384765625e+02
1.723408699035644531e-02,1.472796478271484375e+02
3.287577629089355469e-02,9.879252929687500000e+02
1.726460456848144531e-02,3.443642578125000000e+02
3.285145759582519531e-02,5.665060424804687500e+02
1.725149154663085938e-02,2.326258087158203125e+02
1.724672317504882812e-02,2.372650878906250000e+03
1.721644401550292969e-02,3.100586853027343750e+02
1.726126670837402344e-02,2.878712890625000000e+03
1.726531982421875000e-02,1.626334228515625000e+02
1.725435256958007812e-02,9.694053344726562500e+02
3.285813331604003906e-02,1.231577270507812500e+03
1.726794242858886719e-02,1.766121582031250000e+03
3.284978866577148438e-02,1.048759521484375000e+03
1.626014709472656250e-03,1.020450683593750000e+03
1.723790168762207031e-02,4.933831787109375000e+01
3.287768363952636719e-02,1.650826416015625000e+03
1.724696159362792969e-02,2.348908538818359375e+02
1.724839210510253906e-02,1.148396301269531250e+02
1.724839210510253906e-02,1.279984252929687500e+03
1.724982261657714844e-02,5.747941284179687500e+02
1.706933975219726562e-02,2.698254394531250000e+02
3.119373321533203125e-02,2.229841308593750000e+03
1.801586151123046875e-02,8.870925903320312500e+01
2.251839637756347656e-02,1.553454223632812500e+03
3.437614440917968750e-02,2.181723022460937500e+02
1.837301254272460938e-02,1.271362182617187500e+03
1.725125312805175781e-02,2.841193847656250000e+02
3.289508819580078125e-02,9.245305633544921875e+01
1.726675033569335938e-02,4.137606811523437500e+02
3.284645080566406250e-02,2.352048797607421875e+02
1.726436614990234375e-02,2.296999931335449219e+01
1.723170280456542969e-02,7.081990356445312500e+02
3.286981582641601562e-02,1.522427612304687500e+03
1.725196838378906250e-02,1.587190185546875000e+03
3.286671638488769531e-02,3.558878479003906250e+02
1.669573783874511719e-02,3.986793518066406250e+02
1.727509498596191406e-02,1.582006713867187500e+03
1.724457740783691406e-02,3.636819601058959961e+00
1.722478866577148438e-02,3.071801757812500000e+03
1.724553108215332031e-02,1.596086303710937500e+03
1.724791526794433594e-02,8.056921997070312500e+02
1.839637756347656250e-02,4.830520935058593750e+02
3.289890289306640625e-02,3.077126741409301758e+00
1.725983619689941406e-02,2.027496093750000000e+03
3.285622596740722656e-02,3.485283813476562500e+02
2.816295623779296875e-02,1.153804855346679688e+02
2.159500122070312500e-02,7.374430541992187500e+02
1.742839813232421875e-02,1.373704345703125000e+03
1.515913009643554688e-02,3.397355957031250000e+02
1.729750633239746094e-02,2.310644226074218750e+02
3.284668922424316406e-02,9.013406372070312500e+02
1.724052429199218750e-02,2.630004577636718750e+02
1.724696159362792969e-02,1.459117797851562500e+03
1.724839210510253906e-02,2.440089355468750000e+03
1.783442497253417969e-02,2.751197753906250000e+03
1.766347885131835938e-02,3.648031616210937500e+02
9.064435958862304688e-03,2.974342346191406250e+02
3.399705886840820312e-02,1.404865875244140625e+02
1.728510856628417969e-02,2.790352172851562500e+02
1.723432540893554688e-02,1.254141845703125000e+02
3.287553787231445312e-02,6.687873535156250000e+02
1.721954345703125000e-02,1.086927368164062500e+03
1.727890968322753906e-02,4.935520172119140625e+01
1.726603507995605469e-02,1.668673095703125000e+03
1.722908020019531250e-02,1.792683868408203125e+02
1.136875152587890625e-02,1.830099945068359375e+02
1.727986335754394531e-02,2.841335693359375000e+03
1.724886894226074219e-02,2.319518310546875000e+03
3.286623954772949219e-02,2.322822753906250000e+03
1.724433898925781250e-02,1.158998489379882812e+02
3.287220001220703125e-02,1.614421081542968750e+02
1.721739768981933594e-02,1.534766967773437500e+03
1.726651191711425781e-02,1.712879394531250000e+03
2.799654006958007812e-02,1.685350219726562500e+03
3.574204444885253906e-02,5.884110717773437500e+02
1.709151268005371094e-02,1.054311645507812500e+03
1.726508140563964844e-02,6.203442382812500000e+01
3.287863731384277344e-02,2.058888183593750000e+03
1.725625991821289062e-02,9.707198486328125000e+02
1.725411415100097656e-02,2.983894958496093750e+02
3.285288810729980469e-02,1.845292854309082031e+01
2.609729766845703125e-02,5.223419952392578125e+01
1.803874969482421875e-02,2.468683349609375000e+03
1.916790008544921875e-02,5.314752101898193359e+00
3.383922576904296875e-02,7.405025024414062500e+02
1.752710342407226562e-02,1.788181762695312500e+02
3.640890121459960938e-03,1.579870483398437500e+03
1.725125312805175781e-02,4.111717834472656250e+02
1.727628707885742188e-02,1.519546264648437500e+03
1.724672317504882812e-02,3.281586914062500000e+02
1.725006103515625000e-02,1.154731445312500000e+03
1.724410057067871094e-02,8.300874633789062500e+02
1.724886894226074219e-02,3.438072509765625000e+02
1.724648475646972656e-02,1.014517639160156250e+03
1.724672317504882812e-02,1.365565917968750000e+03
3.287100791931152344e-02,4.456280517578125000e+01
1.724314689636230469e-02,1.352446899414062500e+02
3.287076950073242188e-02,9.836873779296875000e+02
1.724505424499511719e-02,2.397317352294921875e+02
3.287124633789062500e-02,1.453796386718750000e+03
1.784110069274902344e-02,8.877001342773437500e+02
2.363538742065429688e-02,1.284431304931640625e+02
1.768445968627929688e-02,1.328154785156250000e+03
1.320838928222656250e-02,1.162724487304687500e+03
1.728153228759765625e-02,1.345427734375000000e+03
1.724529266357421875e-02,1.468628295898437500e+03
1.724767684936523438e-02,1.653909301757812500e+03
1.724696159362792969e-02,1.030313476562500000e+03
1.724743843078613281e-02,8.874424438476562500e+02
1.726460456848144531e-02,7.225905151367187500e+02
3.284859657287597656e-02,2.517467041015625000e+03
1.726436614990234375e-02,1.218899536132812500e+03
1.723122596740722656e-02,2.400952148437500000e+02
1.725506782531738281e-02,1.584343627929687500e+03
1.723051071166992188e-02,1.830829925537109375e+02
1.726078987121582031e-02,1.006417602539062500e+03
1.724505424499511719e-02,1.321121093750000000e+03
1.721668243408203125e-02,1.822133056640625000e+03
2.878570556640625000e-02,3.314164428710937500e+02
1.838421821594238281e-02,3.349545288085937500e+01
6.975650787353515625e-03,4.151193237304687500e+02
1.727962493896484375e-02,2.027888427734375000e+03
3.287100791931152344e-02,2.185312042236328125e+02
1.723909378051757812e-02,2.009820251464843750e+02
1.725149154663085938e-02,1.931598388671875000e+03
3.287053108215332031e-02,2.913922424316406250e+02
1.724338531494140625e-02,2.450519866943359375e+02
1.723957061767578125e-02,1.727843872070312500e+03
1.724815368652343750e-02,6.899514770507812500e+02
1.725983619689941406e-02,2.072666748046875000e+03
1.724505424499511719e-02,1.320020507812500000e+03
1.728558540344238281e-02,3.352481079101562500e+02
3.515887260437011719e-02,1.258145263671875000e+03
1.509523391723632812e-02,1.790093841552734375e+02
1.724743843078613281e-02,1.306441528320312500e+03
3.290247917175292969e-02,2.010164947509765625e+02
1.723408699035644531e-02,3.768405761718750000e+02
3.288054466247558594e-02,3.328008651733398438e+01
1.724696159362792969e-02,4.697408752441406250e+02
1.725649833679199219e-02,7.300372314453125000e+02
1.724648475646972656e-02,4.230724487304687500e+02
1.228022575378417969e-02,1.412906799316406250e+02
3.290390968322753906e-02,2.846881294250488281e+01
1.721334457397460938e-02,1.957787597656250000e+03
3.289985656738281250e-02,1.192938079833984375e+02
1.724362373352050781e-02,1.176086669921875000e+03
2.375292778015136719e-02,1.795000000000000000e+02
3.490781784057617188e-02,2.527420501708984375e+02
2.034735679626464844e-02,8.240028076171875000e+02
2.016043663024902344e-02,4.952559814453125000e+02
1.444625854492187500e-02,1.840282470703125000e+03
3.289389610290527344e-02,2.158699645996093750e+02
1.724314689636230469e-02,8.757413940429687500e+02
1.724457740783691406e-02,1.905564941406250000e+03
1.724720001220703125e-02,2.564136718750000000e+03
1.726245880126953125e-02,1.617933959960937500e+03
1.724314689636230469e-02,3.017090148925781250e+02
2.609968185424804688e-02,3.485688781738281250e+02
2.373409271240234375e-02,1.257195556640625000e+03
2.565646171569824219e-02,3.407629699707031250e+02
1.950049400329589844e-02,2.011056396484375000e+03
1.726913452148437500e-02,2.990106201171875000e+01
3.284668922424316406e-02,1.867261657714843750e+02
1.726365089416503906e-02,1.313003730773925781e+01
3.285431861877441406e-02,9.872155151367187500e+02
1.834821701049804688e-02,2.305268066406250000e+03
1.727056503295898438e-02,1.308502044677734375e+02
1.724696159362792969e-02,4.597797546386718750e+02
1.724743843078613281e-02,7.527753295898437500e+02
1.727819442749023438e-02,2.507571289062500000e+03
2.917385101318359375e-02,6.384321899414062500e+02
1.724672317504882812e-02,4.239647521972656250e+02
1.724720001220703125e-02,1.417344970703125000e+02
1.724815368652343750e-02,1.609952148437500000e+03
1.727199554443359375e-02,1.834889984130859375e+02
1.723194122314453125e-02,2.438697967529296875e+02
1.724720001220703125e-02,1.287645019531250000e+03
1.725387573242187500e-02,9.907505035400390625e+01
1.724195480346679688e-02,6.263567504882812500e+02
1.724743843078613281e-02,4.384216308593750000e+02
3.789234161376953125e-02,8.468778686523437500e+02
2.568936347961425781e-02,7.588812255859375000e+02
1.727485656738281250e-02,3.570705795288085938e+01
1.725149154663085938e-02,3.828066406250000000e+02
2.082324028015136719e-02,6.320473632812500000e+02
2.761006355285644531e-02,1.813697052001953125e+02
2.525854110717773438e-02,3.494623565673828125e+01
1.727509498596191406e-02,4.870703125000000000e+02
1.723957061767578125e-02,1.270861572265625000e+03
1.879310607910156250e-02,1.728210815429687500e+03
1.727342605590820312e-02,9.106647949218750000e+02
3.287959098815917969e-02,2.828629882812500000e+03
2.356982231140136719e-02,1.555974487304687500e+03
1.724076271057128906e-02,6.107094726562500000e+02
1.724791526794433594e-02,1.791490936279296875e+01
1.724696159362792969e-02,7.297767639160156250e+01
1.724743843078613281e-02,1.597209228515625000e+03
1.724743843078613281e-02,7.097434082031250000e+02
1.724863052368164062e-02,1.732927734375000000e+03
1.724696159362792969e-02,2.753331054687500000e+03
1.722693443298339844e-02,1.801927032470703125e+02
1.835393905639648438e-02,9.312313232421875000e+02
1.729846000671386719e-02,1.896955322265625000e+03
3.284716606140136719e-02,1.186144409179687500e+03
1.724076271057128906e-02,8.858287963867187500e+02
1.724791526794433594e-02,3.110614318847656250e+02
1.724672317504882812e-02,7.864254760742187500e+02
1.724767684936523438e-02,6.099815673828125000e+02
1.724720001220703125e-02,6.237954101562500000e+02
1.824212074279785156e-02,9.091906127929687500e+02
1.815748214721679688e-02,2.785229797363281250e+02
1.626014709472656250e-03,1.758639984130859375e+02
1.863169670104980469e-02,3.538220825195312500e+02
1.810598373413085938e-02,1.376984741210937500e+03
3.555178642272949219e-02,4.908141708374023438e+01
2.346682548522949219e-02,7.503667602539062500e+02
1.840686798095703125e-02,3.284757995605468750e+02
1.223778724670410156e-02,1.641523437500000000e+02
1.728868484497070312e-02,4.003556518554687500e+02
1.724863052368164062e-02,2.060415039062500000e+03
1.720571517944335938e-02,7.830570678710937500e+02
1.728963851928710938e-02,2.033448852539062500e+03
1.727914810180664062e-02,3.174840698242187500e+02
1.719331741333007812e-02,4.702522583007812500e+02
1.726317405700683594e-02,1.688659667968750000e+01
1.725959777832031250e-02,2.516080566406250000e+03
3.284764289855957031e-02,3.481383666992187500e+02
1.727080345153808594e-02,5.414545288085937500e+02
3.284716606140136719e-02,1.663663330078125000e+03
1.724720001220703125e-02,6.337056732177734375e+01
1.724672317504882812e-02,9.664881591796875000e+02
1.721954345703125000e-02,1.075541748046875000e+03
1.728153228759765625e-02,1.830829925537109375e+02
1.724386215209960938e-02,2.017078857421875000e+03
3.287124633789062500e-02,2.453200225830078125e+02
1.724433898925781250e-02,1.631568145751953125e+02
3.286886215209960938e-02,1.192503784179687500e+03
2.609205245971679688e-02,1.116437622070312500e+03
1.726841926574707031e-02,9.716129760742187500e+02
1.724672317504882812e-02,3.144595947265625000e+02
1.725220680236816406e-02,3.137500000000000000e+02
1.725411415100097656e-02,2.236475181579589844e+01
1.723647117614746094e-02,1.116114868164062500e+03
1.724696159362792969e-02,1.845549926757812500e+03
8.068323135375976562e-03,1.302833618164062500e+03
2.998709678649902344e-02,1.846542114257812500e+03
2.606940269470214844e-02,8.042014160156250000e+02
2.363300323486328125e-02,2.093483734130859375e+01
1.112246513366699219e-02,3.677636108398437500e+02
1.724815368652343750e-02,2.263112182617187500e+02
1.726794242858886719e-02,3.409442443847656250e+02
1.722669601440429688e-02,3.311207580566406250e+02
3.290009498596191406e-02,2.972368469238281250e+02
1.721620559692382812e-02,1.140199737548828125e+02
1.726770401000976562e-02,8.444824829101562500e+02
1.724696159362792969e-02,1.737810058593750000e+02
1.728296279907226562e-02,5.501366577148437500e+02
1.721262931823730469e-02,2.175980949401855469e+01
1.725816726684570312e-02,1.628003295898437500e+03
1.725006103515625000e-02,3.912050781250000000e+02
1.724410057067871094e-02,5.366470336914062500e+02
1.724720001220703125e-02,2.937779785156250000e+03
1.724743843078613281e-02,1.741775817871093750e+02
1.721572875976562500e-02,3.294385070800781250e+02
1.724815368652343750e-02,8.752012939453125000e+02
1.727414131164550781e-02,1.696326171875000000e+03
1.724028587341308594e-02,1.469955688476562500e+03
1.937842369079589844e-02,1.082211791992187500e+03
1.727890968322753906e-02,2.492708740234375000e+03
1.724791526794433594e-02,6.489978027343750000e+01
1.723837852478027344e-02,6.067067260742187500e+02
1.725387573242187500e-02,1.273568603515625000e+03
1.724076271057128906e-02,9.970169067382812500e+02
1.724958419799804688e-02,2.347260589599609375e+02
3.289699554443359375e-02,1.926665039062500000e+02
1.152849197387695312e-02,2.007884368896484375e+02
2.886056900024414062e-02,4.121677551269531250e+02
1.765775680541992188e-02,9.345889892578125000e+02
8.283138275146484375e-03,1.967467651367187500e+02
1.880836486816406250e-02,1.694505371093750000e+03
1.770019531250000000e-02,2.321662841796875000e+03
1.914024353027343750e-02,3.797010040283203125e+01
3.119659423828125000e-02,2.183015136718750000e+03
1.355481147766113281e-02,1.507982421875000000e+03
9.551286697387695312e-03,4.817893371582031250e+02
1.726961135864257812e-02,4.130164489746093750e+02
1.724672317504882812e-02,1.139448547363281250e+02
1.725745201110839844e-02,2.713732604980468750e+02
1.724720001220703125e-02,1.029688110351562500e+03
1.723647117614746094e-02,2.905899047851562500e+02
1.725864410400390625e-02,2.236221008300781250e+02
1.724743843078613281e-02,9.113274383544921875e+01
3.286838531494140625e-02,2.561568908691406250e+02
1.724362373352050781e-02,3.221860961914062500e+02
3.287267684936523438e-02,2.451076171875000000e+03
1.724386215209960938e-02,2.055858001708984375e+02
1.723933219909667969e-02,1.767749938964843750e+02
1.725912094116210938e-02,2.467105865478515625e+02
1.721596717834472656e-02,1.810881591796875000e+03
1.727795600891113281e-02,8.504984741210937500e+02
1.724815368652343750e-02,2.565612030029296875e+01
1.721930503845214844e-02,1.509213562011718750e+02
3.289198875427246094e-02,2.173225341796875000e+03
1.626014709472656250e-03,1.769490051269531250e+02
1.721954345703125000e-02,9.111665039062500000e+02
2.492260932922363281e-02,4.239780273437500000e+02
3.367710113525390625e-02,1.918663177490234375e+02
1.922082901000976562e-02,3.679799499511718750e+02
1.728892326354980469e-02,1.850509796142578125e+02
3.285670280456542969e-02,3.193179016113281250e+02
1.726675033569335938e-02,2.127093505859375000e+02
3.284764289855957031e-02,1.223412109375000000e+03
1.724982261657714844e-02,2.637466735839843750e+02
1.724672317504882812e-02,1.478244995117187500e+03
3.079676628112792969e-02,1.776474761962890625e+02
1.828336715698242188e-02,2.543089752197265625e+02
1.430273056030273438e-02,1.420223388671875000e+02
1.726818084716796875e-02,2.272234802246093750e+02
1.724743843078613281e-02,1.351164245605468750e+02
1.725983619689941406e-02,1.912819458007812500e+03
1.724600791931152344e-02,1.203239746093750000e+03
1.724791526794433594e-02,1.258919189453125000e+03
1.724672317504882812e-02,2.825260009765625000e+02
1.724743843078613281e-02,1.383297363281250000e+03
1.721572875976562500e-02,9.045380249023437500e+02
1.727843284606933594e-02,6.542066650390625000e+02
1.721549034118652344e-02,2.180217529296875000e+03
1.729726791381835938e-02,1.488044738769531250e+02
3.284716606140136719e-02,2.170436279296875000e+03
1.726579666137695312e-02,2.150619628906250000e+03
1.723074913024902344e-02,4.938256835937500000e+02
3.286862373352050781e-02,7.029163818359375000e+02
1.724910736083984375e-02,3.031455078125000000e+02
2.107191085815429688e-02,1.704730712890625000e+03
2.907967567443847656e-02,2.265804595947265625e+02
1.850581169128417969e-02,3.853992614746093750e+02
2.251577377319335938e-02,1.884715270996093750e+02
1.724672317504882812e-02,1.513209960937500000e+03
1.721525192260742188e-02,2.157409515380859375e+02
3.290033340454101562e-02,3.051784667968750000e+02
1.724958419799804688e-02,1.785856475830078125e+02
1.723456382751464844e-02,1.132388916015625000e+03
2.023148536682128906e-02,1.653981628417968750e+02
1.728034019470214844e-02,3.405890197753906250e+02
2.499675750732421875e-02,1.247027343750000000e+03
1.824307441711425781e-02,5.075200271606445312e+01
1.851797103881835938e-02,6.478706359863281250e+01
2.042555809020996094e-02,1.857393554687500000e+03
1.694059371948242188e-02,2.038608276367187500e+03
1.737380027770996094e-02,1.849317749023437500e+03
1.727461814880371094e-02,2.127886199951171875e+02
3.286886215209960938e-02,2.011799316406250000e+03
1.724743843078613281e-02,2.399836181640625000e+03
3.400206565856933594e-02,6.948698120117187500e+02
1.724433898925781250e-02,6.500586547851562500e+02
1.725077629089355469e-02,2.961312561035156250e+02
1.724958419799804688e-02,1.296804687500000000e+03
1.724529266357421875e-02,1.451009033203125000e+03
1.723933219909667969e-02,2.486489105224609375e+02
1.725578308105468750e-02,3.259188232421875000e+03
1.426315307617187500e-02,2.033492088317871094e+01
1.724791526794433594e-02,3.182805175781250000e+02
3.692436218261718750e-02,5.344723510742187500e+02
2.405095100402832031e-02,6.847896099090576172e+00
1.040101051330566406e-02,2.596592773437500000e+03
3.289890289306640625e-02,1.999163085937500000e+03
1.721811294555664062e-02,1.751673889160156250e+02
3.289532661437988281e-02,9.554585571289062500e+02
1.726388931274414062e-02,8.990826416015625000e+01
3.285241127014160156e-02,1.332860717773437500e+02
1.726579666137695312e-02,3.856775146484375000e+03
1.723551750183105469e-02,1.361873901367187500e+03
1.724338531494140625e-02,6.237553100585937500e+02
1.724481582641601562e-02,5.406127319335937500e+02
1.725196838378906250e-02,1.255575714111328125e+02
1.723575592041015625e-02,7.351004791259765625e+01
1.722645759582519531e-02,1.822914672851562500e+03
1.724696159362792969e-02,1.499304504394531250e+02
1.726889610290527344e-02,1.855838989257812500e+03
3.137159347534179688e-02,3.558060607910156250e+02
2.330660820007324219e-02,6.031113281250000000e+02
1.728034019470214844e-02,4.910747985839843750e+02
1.723456382751464844e-02,2.974790039062500000e+02
1.725125312805175781e-02,8.622188110351562500e+02
1.724314689636230469e-02,2.317114990234375000e+03
3.287625312805175781e-02,2.206332275390625000e+03
1.725959777832031250e-02,2.436339355468750000e+03
3.285622596740722656e-02,1.089747009277343750e+02
1.726412773132324219e-02,1.606546020507812500e+03
3.294777870178222656e-02,4.299500122070312500e+02
2.345490455627441406e-02,2.640557670593261719e+01
8.930444717407226562e-03,1.901185302734375000e+03
1.724839210510253906e-02,1.418739379882812500e+03
1.958656311035156250e-02,2.211614990234375000e+03
1.727962493896484375e-02,1.323363891601562500e+03
1.724743843078613281e-02,3.253462219238281250e+02
1.724791526794433594e-02,1.192977416992187500e+03
1.724672317504882812e-02,2.668259277343750000e+02
3.287124633789062500e-02,3.797282104492187500e+02
1.721358299255371094e-02,8.111431884765625000e+02
1.727795600891113281e-02,6.392257080078125000e+02
1.724767684936523438e-02,1.529832611083984375e+02
1.724743843078613281e-02,4.360382385253906250e+02
1.834845542907714844e-02,2.799223937988281250e+02
3.290319442749023438e-02,1.441870483398437500e+03
1.724314689636230469e-02,5.704921264648437500e+02
3.287386894226074219e-02,1.738521118164062500e+03
1.745223999023437500e-02,4.005335083007812500e+02
1.828265190124511719e-02,1.656597534179687500e+03
1.837682723999023438e-02,1.469286010742187500e+03
2.401351928710937500e-02,2.805616455078125000e+02
1.638388633728027344e-02,2.661788085937500000e+03
1.546049118041992188e-02,1.470156127929687500e+03
1.723504066467285156e-02,3.237157592773437500e+02
1.956248283386230469e-02,1.515142974853515625e+02
1.727771759033203125e-02,1.789951660156250000e+03
1.724028587341308594e-02,2.971272888183593750e+02
1.997828483581542969e-02,1.985241394042968750e+02
3.202795982360839844e-02,1.528156127929687500e+02
1.743078231811523438e-02,1.547613769531250000e+03
4.544973373413085938e-03,2.353466796875000000e+03
1.727843284606933594e-02,2.264737892150878906e+01
1.723742485046386719e-02,1.024191528320312500e+03
1.725816726684570312e-02,1.494596069335937500e+03
1.724672317504882812e-02,5.139831542968750000e+02
1.724791526794433594e-02,5.971349239349365234e+00
1.721501350402832031e-02,6.478457031250000000e+02
1.833796501159667969e-02,2.091375579833984375e+02
1.727032661437988281e-02,2.972782592773437500e+02
1.724720001220703125e-02,1.573477905273437500e+03
1.848721504211425781e-02,1.745371582031250000e+03
3.290581703186035156e-02,3.534767761230468750e+02
1.721262931823730469e-02,1.684811859130859375e+02
1.724839210510253906e-02,4.186609497070312500e+02
1.727819442749023438e-02,2.151918701171875000e+03
1.724958419799804688e-02,1.571643829345703125e+02
1.724576950073242188e-02,1.054683593750000000e+03
1.721572875976562500e-02,1.375713989257812500e+03
1.727795600891113281e-02,2.816271362304687500e+02
1.724743843078613281e-02,6.077172851562500000e+02
3.286933898925781250e-02,3.157513427734375000e+02
1.830577850341796875e-02,1.104982299804687500e+03
3.290343284606933594e-02,1.480482543945312500e+03
1.725625991821289062e-02,2.410718750000000000e+03
2.183723449707031250e-02,4.138894958496093750e+02
1.753306388854980469e-02,5.379799804687500000e+02
6.147146224975585938e-03,4.825999145507812500e+02
1.727890968322753906e-02,9.832272338867187500e+01
1.978468894958496094e-02,1.830829925537109375e+02
2.498674392700195312e-02,2.020897216796875000e+02
1.765990257263183594e-02,3.066992187500000000e+02
1.184082031250000000e-02,1.363304565429687500e+03
1.724767684936523438e-02,9.465960693359375000e+02
1.728773117065429688e-02,6.103664550781250000e+02
1.729989051818847656e-02,5.939663887023925781e+00
1.717543601989746094e-02,1.152858734130859375e+02
1.724863052368164062e-02,6.212174682617187500e+02
1.724958419799804688e-02,2.769479675292968750e+02
1.727318763732910156e-02,1.929135864257812500e+03
1.719856262207031250e-02,5.718905029296875000e+02
1.731324195861816406e-02,1.723433227539062500e+02
1.718044281005859375e-02,2.553662597656250000e+03
3.289580345153808594e-02,8.749546051025390625e+01
1.727151870727539062e-02,1.038307983398437500e+03
3.284549713134765625e-02,1.411592285156250000e+03
1.721930503845214844e-02,2.354623413085937500e+02
3.289556503295898438e-02,1.606965454101562500e+03
1.724934577941894531e-02,2.069760009765625000e+03
1.724791526794433594e-02,2.086328613281250000e+03
2.391958236694335938e-02,2.081096887588500977e+00
1.724934577941894531e-02,5.865989379882812500e+02
3.289628028869628906e-02,5.101335525512695312e+01
1.725840568542480469e-02,5.211109008789062500e+02
3.285574913024902344e-02,8.305137329101562500e+02
2.391290664672851562e-02,1.941133056640625000e+03
1.810550689697265625e-02,1.026800659179687500e+03
1.861929893493652344e-02,3.993691101074218750e+02
2.783346176147460938e-02,1.813980102539062500e+02
2.498626708984375000e-02,2.800768432617187500e+02
1.732063293457031250e-02,2.312071228027343750e+02
1.717400550842285156e-02,7.043514251708984375e+00
3.289580345153808594e-02,5.838591918945312500e+02
1.725172996520996094e-02,1.827097412109375000e+03
1.725125312805175781e-02,1.038938842773437500e+03
1.723194122314453125e-02,1.780762939453125000e+03
1.724863052368164062e-02,1.486952209472656250e+02
1.724624633789062500e-02,4.357648925781250000e+02
1.724743843078613281e-02,3.722850036621093750e+02
1.724743843078613281e-02,4.365150451660156250e+01
1.883006095886230469e-02,1.743839263916015625e+02
1.727819442749023438e-02,5.842860412597656250e+01
1.734185218811035156e-02,4.128710021972656250e+02
1.712632179260253906e-02,1.354109252929687500e+03
1.726317405700683594e-02,5.178717651367187500e+02
1.725244522094726562e-02,1.830169982910156250e+02
1.726078987121582031e-02,2.677046813964843750e+02
1.724433898925781250e-02,1.657490844726562500e+02
1.724696159362792969e-02,1.292658843994140625e+02
1.726460456848144531e-02,5.236201171875000000e+02
3.284764289855957031e-02,9.860606193542480469e+00
1.726365089416503906e-02,8.262537231445312500e+02
1.830267906188964844e-02,1.079554321289062500e+03
2.582240104675292969e-02,2.476058502197265625e+02
1.724863052368164062e-02,1.232043685913085938e+02
1.726746559143066406e-02,1.551309661865234375e+02
3.287982940673828125e-02,2.255608367919921875e+01
2.398729324340820312e-02,1.668823852539062500e+03
2.570152282714843750e-02,8.141681518554687500e+02
2.318596839904785156e-02,3.601539611816406250e+02
1.862740516662597656e-02,3.101583251953125000e+02
3.756999969482421875e-03,1.074201354980468750e+02
1.726841926574707031e-02,1.789157836914062500e+03
3.287720680236816406e-02,1.335589233398437500e+03
1.724648475646972656e-02,3.992398986816406250e+02
1.724934577941894531e-02,3.711504821777343750e+02
1.725077629089355469e-02,2.150955657958984375e+02
1.724600791931152344e-02,3.292214584350585938e+01
1.723551750183105469e-02,1.284572631835937500e+03
1.725816726684570312e-02,1.231996215820312500e+03
1.724743843078613281e-02,3.528833312988281250e+02
1.724839210510253906e-02,3.451380920410156250e+02
1.724672317504882812e-02,1.313825439453125000e+03
1.724720001220703125e-02,1.903472656250000000e+03
1.724958419799804688e-02,1.769629974365234375e+02
1.758408546447753906e-02,3.693712158203125000e+02
1.724791526794433594e-02,1.337411865234375000e+03
1.724696159362792969e-02,1.272263061523437500e+03
1.727247238159179688e-02,2.206109619140625000e+01
1.724267005920410156e-02,5.682158813476562500e+02
3.288197517395019531e-02,1.889327545166015625e+02
1.725506782531738281e-02,1.584849487304687500e+03
1.722621917724609375e-02,1.357530029296875000e+03
3.287816047668457031e-02,4.176356124877929688e+01
1.725769042968750000e-02,2.878327026367187500e+02
1.724791526794433594e-02,8.413176269531250000e+02
1.724767684936523438e-02,3.813528442382812500e+02
1.449871063232421875e-02,5.727234497070312500e+02
2.639794349670410156e-02,1.329467058181762695e+00
2.657866477966308594e-02,1.086344604492187500e+02
1.725053787231445312e-02,1.235648956298828125e+02
3.522372245788574219e-02,1.356132812500000000e+03
1.979660987854003906e-02,1.672538452148437500e+03
2.953743934631347656e-02,1.889916076660156250e+02
1.846075057983398438e-02,1.161894653320312500e+03
6.262540817260742188e-03,6.416976165771484375e+01
1.726865768432617188e-02,2.160941925048828125e+02
1.724791526794433594e-02,2.819892272949218750e+02
1.725745201110839844e-02,4.490518798828125000e+02
1.723694801330566406e-02,1.502651489257812500e+03
1.724648475646972656e-02,1.054620361328125000e+02
1.725935935974121094e-02,1.443607330322265625e+02
1.724648475646972656e-02,2.850932922363281250e+02
1.724720001220703125e-02,0.000000000000000000e+00
1.723742485046386719e-02,5.422291946411132812e+01
1.724672317504882812e-02,7.277312469482421875e+01
1.724672317504882812e-02,1.390420074462890625e+02
3.284907341003417969e-02,2.132805633544921875e+02
1.728749275207519531e-02,6.592464447021484375e+01
3.282904624938964844e-02,1.319077392578125000e+03
1.726675033569335938e-02,2.421306762695312500e+02
1.724815368652343750e-02,2.828005676269531250e+02
1.724720001220703125e-02,1.853280639648437500e+03
1.724815368652343750e-02,2.014925781250000000e+03
1.724600791931152344e-02,8.148850250244140625e+01
2.442002296447753906e-02,2.275256195068359375e+02
2.453112602233886719e-02,2.349463867187500000e+03
1.793050765991210938e-02,2.260436035156250000e+03
1.188421249389648438e-02,6.811229248046875000e+02
1.730847358703613281e-02,2.030542236328125000e+03
1.726031303405761719e-02,1.763083740234375000e+03
1.724743843078613281e-02,4.177640151977539062e+01
1.724696159362792969e-02,2.314570556640625000e+03
1.724743843078613281e-02,1.392787780761718750e+02
1.724743843078613281e-02,1.900535034179687500e+03
3.286385536193847656e-02,1.033419677734375000e+03
1.725292205810546875e-02,6.418674316406250000e+02
3.375411033630371094e-02,4.142431030273437500e+02
1.866817474365234375e-02,9.526930541992187500e+02
1.194524765014648438e-02,1.581436035156250000e+03
1.943731307983398438e-02,1.192906616210937500e+03
1.724815368652343750e-02,1.729010375976562500e+03
1.728582382202148438e-02,1.297247680664062500e+03
1.725673675537109375e-02,1.747117065429687500e+03
3.285193443298339844e-02,9.123068237304687500e+02
1.723647117614746094e-02,1.048547607421875000e+03
1.725411415100097656e-02,1.125170532226562500e+03
1.724100112915039062e-02,6.689503784179687500e+02
1.725649833679199219e-02,1.493740722656250000e+03
1.724338531494140625e-02,1.831000061035156250e+02
1.725149154663085938e-02,2.069055366516113281e+01
1.724863052368164062e-02,1.990072998046875000e+03
1.724934577941894531e-02,2.212433815002441406e+01
1.724505424499511719e-02,1.611633544921875000e+03
3.287196159362792969e-02,5.652116088867187500e+02
1.721429824829101562e-02,1.927450927734375000e+03
3.519105911254882812e-02,6.344913330078125000e+02
2.326703071594238281e-02,4.645473632812500000e+02
1.345777511596679688e-02,7.163209228515625000e+02
3.289389610290527344e-02,8.494714965820312500e+02
1.726365089416503906e-02,1.144675048828125000e+03
1.723432540893554688e-02,2.443738769531250000e+03
3.286767005920410156e-02,1.756413818359375000e+03
1.724672317504882812e-02,1.500504394531250000e+03
3.286957740783691406e-02,2.330734405517578125e+02
1.724696159362792969e-02,1.292336883544921875e+02
2.915215492248535156e-02,3.233815002441406250e+02
3.832983970642089844e-02,2.984664001464843750e+02
2.349686622619628906e-02,4.909376525878906250e+02
9.301424026489257812e-03,1.898907714843750000e+03
1.726818084716796875e-02,2.392679138183593750e+02
1.950812339782714844e-02,1.110684204101562500e+01
3.290271759033203125e-02,7.198623657226562500e+01
1.724195480346679688e-02,9.597375488281250000e+02
1.723933219909667969e-02,1.195181655883789062e+02
1.724720001220703125e-02,1.532344970703125000e+03
1.724815368652343750e-02,1.026371337890625000e+03
1.724648475646972656e-02,4.783388366699218750e+02
1.724767684936523438e-02,2.908500488281250000e+03
1.724743843078613281e-02,4.250673828125000000e+02
1.724815368652343750e-02,1.681941375732421875e+02
1.722574234008789062e-02,9.013355102539062500e+02
1.340317726135253906e-02,8.761309204101562500e+02
2.621674537658691406e-02,7.295962524414062500e+02
2.621316909790039062e-02,2.406714324951171875e+02
1.794219017028808594e-02,3.386695251464843750e+02
1.722359657287597656e-02,3.600600433349609375e+01
3.289198875427246094e-02,3.009396667480468750e+02
1.726865768432617188e-02,9.702127075195312500e+02
3.284740447998046875e-02,3.041454772949218750e+02
1.724028587341308594e-02,1.957923217773437500e+03
1.724886894226074219e-02,3.182085266113281250e+02
1.214194297790527344e-02,4.320293884277343750e+02
1.724863052368164062e-02,2.676606140136718750e+02
1.726698875427246094e-02,1.758979949951171875e+02
1.733946800231933594e-02,1.811022094726562500e+03
1.724982261657714844e-02,2.049129882812500000e+03
1.718473434448242188e-02,6.758950805664062500e+02
1.724553108215332031e-02,3.438064575195312500e+02
2.073597908020019531e-02,1.513230834960937500e+03
1.725006103515625000e-02,1.765681884765625000e+03
2.201962471008300781e-02,3.178157348632812500e+02
2.561926841735839844e-02,2.247463623046875000e+03
1.106762886047363281e-02,1.396565185546875000e+03
3.290247917175292969e-02,1.995451416015625000e+03
1.724386215209960938e-02,5.398141479492187500e+02
3.287005424499511719e-02,1.353421752929687500e+03
1.724481582641601562e-02,9.967795410156250000e+02
3.286862373352050781e-02,2.313165039062500000e+03
1.836371421813964844e-02,1.555966674804687500e+03
1.044392585754394531e-02,3.641649169921875000e+02
2.996206283569335938e-02,3.513555664062500000e+03
1.732277870178222656e-02,2.205385253906250000e+03
7.205724716186523438e-03,7.246495361328125000e+02
1.727914810180664062e-02,1.645017944335937500e+03
1.724696159362792969e-02,5.303887329101562500e+02
1.724720001220703125e-02,2.307086181640625000e+03
3.287172317504882812e-02,2.103454101562500000e+03
1.724195480346679688e-02,1.553612976074218750e+02
3.287148475646972656e-02,1.528741210937500000e+03
1.725053787231445312e-02,4.329122314453125000e+02
1.721262931823730469e-02,1.970301269531250000e+03
3.289866447448730469e-02,2.299782562255859375e+02
1.722121238708496094e-02,2.585145507812500000e+03
3.289246559143066406e-02,6.471782836914062500e+02
1.722025871276855469e-02,8.085996627807617188e+00
3.291201591491699219e-02,3.323343200683593750e+02
1.723313331604003906e-02,3.086349792480468750e+02
3.871512413024902344e-02,1.878346710205078125e+02
1.832056045532226562e-02,1.141441894531250000e+03
2.340602874755859375e-02,1.223765182495117188e+02
1.703429222106933594e-02,1.471227783203125000e+03
1.412963867187500000e-02,3.816525878906250000e+02
1.626014709472656250e-03,2.737167663574218750e+02
1.726818084716796875e-02,1.663489990234375000e+03
1.722812652587890625e-02,1.070746154785156250e+02
3.777265548706054688e-02,1.503337402343750000e+02
2.566528320312500000e-02,3.253666381835937500e+02
1.867008209228515625e-02,1.324670288085937500e+03
9.900331497192382812e-03,1.965723266601562500e+02
1.726841926574707031e-02,1.165162181854248047e+01
1.722717285156250000e-02,3.068977966308593750e+02
1.726746559143066406e-02,4.779171371459960938e+01
1.722717285156250000e-02,6.193057250976562500e+02
1.727437973022460938e-02,2.740681884765625000e+03
2.529048919677734375e-02,2.704089546203613281e+01
1.727509498596191406e-02,2.413652343750000000e+03
1.724815368652343750e-02,1.272563232421875000e+03
1.726794242858886719e-02,2.211826416015625000e+03
3.284811973571777344e-02,1.212303085327148438e+02
1.724529266357421875e-02,-1.456946969032287598e+00
1.832580566406250000e-02,5.893389282226562500e+02
1.727032661437988281e-02,3.957286071777343750e+02
1.724696159362792969e-02,1.198702148437500000e+03
1.626014709472656250e-03,1.831000061035156250e+02
1.725888252258300781e-02,2.669598083496093750e+02
2.984690666198730469e-02,7.354095458984375000e+02
1.727724075317382812e-02,1.250775146484375000e+03
1.725196838378906250e-02,1.166202514648437500e+03
1.724720001220703125e-02,1.171445693969726562e+02
1.724743843078613281e-02,4.549678344726562500e+02
1.725125312805175781e-02,1.194382446289062500e+03
1.724338531494140625e-02,2.525559082031250000e+02
1.726412773132324219e-02,1.778435668945312500e+02
3.281927108764648438e-02,1.864634765625000000e+03
1.727986335754394531e-02,1.335913940429687500e+03
2.198553085327148438e-02,2.310819396972656250e+02
2.225923538208007812e-02,5.526723022460937500e+02
2.544498443603515625e-02,9.274893188476562500e+02
1.863169670104980469e-02,2.816566467285156250e+02
9.951114654541015625e-03,7.393845825195312500e+02
1.726770401000976562e-02,1.063094848632812500e+03
1.724767684936523438e-02,1.387171936035156250e+02
1.725864410400390625e-02,2.517040039062500000e+03
1.724839210510253906e-02,5.336831054687500000e+02
1.721501350402832031e-02,1.831711914062500000e+03
1.724767684936523438e-02,4.084244918823242188e+01
1.724720001220703125e-02,6.397451171875000000e+02
1.726746559143066406e-02,3.726506652832031250e+02
3.286862373352050781e-02,1.833866882324218750e+02
1.725888252258300781e-02,2.354648895263671875e+02
1.724362373352050781e-02,7.683941650390625000e+02
3.132390975952148438e-02,9.387736816406250000e+02
1.727104187011718750e-02,7.059396362304687500e+02
1.834297180175781250e-02,2.309448242187500000e+03
1.727104187011718750e-02,1.841294677734375000e+03
1.727533340454101562e-02,5.478931884765625000e+02
1.722741127014160156e-02,3.018350601196289062e+01
3.286933898925781250e-02,3.078140869140625000e+02
1.724672317504882812e-02,3.857027893066406250e+02
1.724791526794433594e-02,1.336673095703125000e+03
3.287267684936523438e-02,3.161132568359375000e+03
1.724123954772949219e-02,1.098769775390625000e+03
1.722192764282226562e-02,7.615051269531250000e+02
1.726579666137695312e-02,3.408935165405273438e+01
3.288102149963378906e-02,1.564206665039062500e+03
1.770472526550292969e-02,1.394193267822265625e+02
1.815438270568847656e-02,1.430661132812500000e+03
2.457165718078613281e-02,6.170302734375000000e+02
1.799559593200683594e-02,1.296438121795654297e+01
1.306986808776855469e-02,3.468521728515625000e+02
1.725339889526367188e-02,7.457729492187500000e+02
3.291440010070800781e-02,5.336135864257812500e+02
1.723980903625488281e-02,9.383463134765625000e+02
3.285288810729980469e-02,4.972481994628906250e+02
1.726675033569335938e-02,5.046290893554687500e+02
1.722836494445800781e-02,1.956525634765625000e+03
1.724720001220703125e-02,9.171119689941406250e+01
3.286075592041015625e-02,2.167605895996093750e+02
1.724696159362792969e-02,9.617008056640625000e+02
1.724815368652343750e-02,3.537377014160156250e+02
1.724696159362792969e-02,1.047602661132812500e+03
1.626014709472656250e-03,1.449434326171875000e+03
3.412294387817382812e-02,2.597898292541503906e+01
1.727986335754394531e-02,1.640317016601562500e+03
3.287434577941894531e-02,1.383837890625000000e+03
1.724171638488769531e-02,3.734573669433593750e+02
3.287196159362792969e-02,5.138455200195312500e+02
1.724362373352050781e-02,1.769490051269531250e+02
1.724410057067871094e-02,2.342207519531250000e+03
1.722288131713867188e-02,2.105731201171875000e+03
1.726698875427246094e-02,3.812327575683593750e+02
1.724839210510253906e-02,5.012145385742187500e+02
3.396630287170410156e-02,2.017413940429687500e+03
2.983617782592773438e-02,3.798372192382812500e+02
2.236342430114746094e-02,2.025292968750000000e+03
1.310682296752929688e-02,1.363808593750000000e+03
1.729655265808105469e-02,1.518294921875000000e+03
3.284740447998046875e-02,6.743795013427734375e+01
2.012634277343750000e-02,4.526293640136718750e+02
1.794576644897460938e-02,2.298408508300781250e+02
3.316402435302734375e-03,2.397148132324218750e+00
3.289890289306640625e-02,1.164225708007812500e+03
1.724624633789062500e-02,4.262188720703125000e+01
3.286910057067871094e-02,3.817655334472656250e+02
1.724696159362792969e-02,6.174898147583007812e+01
1.724934577941894531e-02,1.439465698242187500e+03
1.725029945373535156e-02,2.319267120361328125e+02
1.724600791931152344e-02,7.897633666992187500e+02
1.724624633789062500e-02,2.032479858398437500e+02
1.724743843078613281e-02,4.883494186401367188e+01
1.725149154663085938e-02,4.889014282226562500e+02
3.286242485046386719e-02,3.082442016601562500e+02
1.724743843078613281e-02,1.389597900390625000e+03
1.787614822387695312e-02,2.740083923339843750e+02
1.937937736511230469e-02,3.234821472167968750e+02
1.727652549743652344e-02,5.923382949829101562e+01
1.722073554992675781e-02,2.174099365234375000e+03
1.726746559143066406e-02,4.168459320068359375e+01
3.287959098815917969e-02,1.238372314453125000e+03
1.724410057067871094e-02,1.126761230468750000e+03
2.424383163452148438e-02,1.604729125976562500e+03
3.211355209350585938e-02,7.686582031250000000e+02
2.023410797119140625e-02,7.433564758300781250e+01
3.404521942138671875e-02,2.633891601562500000e+03
1.831626892089843750e-02,3.325885620117187500e+02
1.727080345153808594e-02,3.152482299804687500e+02
2.035450935363769531e-02,2.244878906250000000e+03
1.826643943786621094e-02,1.856789855957031250e+02
1.847720146179199219e-02,4.274699020385742188e+01
2.139449119567871094e-02,1.876327758789062500e+03
2.532482147216796875e-02,4.579358215332031250e+02
7.897615432739257812e-03,3.793326110839843750e+02
3.289771080017089844e-02,2.352454528808593750e+02
1.724696159362792969e-02,1.507280395507812500e+03
3.287005424499511719e-02,1.351664306640625000e+03
1.724624633789062500e-02,1.281904296875000000e+03
3.287100791931152344e-02,4.682454528808593750e+02
1.724481582641601562e-02,8.557663574218750000e+02
1.724982261657714844e-02,4.826532897949218750e+02
1.726460456848144531e-02,1.058316284179687500e+03
1.722931861877441406e-02,1.769440002441406250e+02
3.163337707519531250e-02,4.895742187500000000e+02
1.822805404663085938e-02,2.195927978515625000e+03
1.626014709472656250e-03,1.769170074462890625e+02
1.846218109130859375e-02,6.118639526367187500e+02
1.811981201171875000e-02,2.438187255859375000e+03
1.830673217773437500e-02,1.530026489257812500e+03
1.831722259521484375e-02,1.341987152099609375e+02
3.878903388977050781e-02,1.474674804687500000e+03
2.267098426818847656e-02,2.075937500000000000e+03
2.677464485168457031e-02,9.532302093505859375e+01
1.836466789245605469e-02,1.647993408203125000e+03
1.829385757446289062e-02,2.333708984375000000e+03
1.724839210510253906e-02,3.923950500488281250e+02
1.729965209960937500e-02,2.876103210449218750e+02
2.041983604431152344e-02,3.218595886230468750e+02
1.728248596191406250e-02,1.881185424804687500e+03
1.721286773681640625e-02,3.157500000000000000e+02
1.729106903076171875e-02,2.711566162109375000e+03
1.723098754882812500e-02,5.720310668945312500e+02
1.722049713134765625e-02,8.872880249023437500e+02
2.598357200622558594e-02,3.424148559570312500e+02
1.835227012634277344e-02,6.033978881835937500e+02
1.520943641662597656e-02,8.398030395507812500e+02
1.724720001220703125e-02,1.997344360351562500e+02
1.729774475097656250e-02,1.082636566162109375e+02
3.284645080566406250e-02,1.374097412109375000e+03
1.724767684936523438e-02,2.385410156250000000e+02
1.726937294006347656e-02,4.068024291992187500e+02
3.281998634338378906e-02,1.616067993164062500e+03
1.726675033569335938e-02,2.067314453125000000e+03
1.722693443298339844e-02,3.589972534179687500e+02
1.626014709472656250e-03,1.769440002441406250e+02
1.727628707885742188e-02,1.602114410400390625e+02
3.286671638488769531e-02,8.880512084960937500e+02
1.885890960693359375e-02,2.939183349609375000e+02
1.727795600891113281e-02,1.502557250976562500e+03
1.724457740783691406e-02,1.670130126953125000e+03
3.290224075317382812e-02,3.379839782714843750e+02
2.724862098693847656e-02,1.985331176757812500e+03
1.005697250366210938e-02,6.307981567382812500e+02
1.727700233459472656e-02,2.474395141601562500e+02
1.723814010620117188e-02,1.207798095703125000e+03
1.724696159362792969e-02,4.901592712402343750e+02
1.724720001220703125e-02,7.406917724609375000e+02
3.561210632324218750e-02,7.301782226562500000e+02
2.276277542114257812e-02,3.957359008789062500e+02
1.831626892089843750e-02,6.042824707031250000e+02
1.734924316406250000e-02,1.044288085937500000e+03
1.726818084716796875e-02,7.584432983398437500e+02
1.722693443298339844e-02,1.952053985595703125e+02
2.040529251098632812e-02,4.212226257324218750e+02
1.833367347717285156e-02,5.590370483398437500e+02
1.729893684387207031e-02,2.092445312500000000e+03
1.719594001770019531e-02,2.563828857421875000e+03
3.289818763732910156e-02,3.525929641723632812e+01
3.396821022033691406e-02,2.114012298583984375e+02
1.725339889526367188e-02,1.851095428466796875e+02
1.727676391601562500e-02,1.091043823242187500e+03
1.721763610839843750e-02,1.882393554687500000e+03
1.727724075317382812e-02,2.228975067138671875e+02
1.724743843078613281e-02,1.094223999023437500e+03
3.287148475646972656e-02,1.216719970703125000e+03
1.724195480346679688e-02,1.228398361206054688e+02
3.287196159362792969e-02,8.789802551269531250e+01
1.721620559692382812e-02,1.472365112304687500e+03
1.725125312805175781e-02,1.474453491210937500e+03
1.725411415100097656e-02,1.660271972656250000e+03
1.726675033569335938e-02,2.863699340820312500e+02
1.724815368652343750e-02,1.341249877929687500e+03
1.724791526794433594e-02,1.794601928710937500e+03
1.724648475646972656e-02,1.407056274414062500e+02
1.724982261657714844e-02,1.537351318359375000e+03
1.724505424499511719e-02,9.217501831054687500e+01
3.286647796630859375e-02,1.997616577148437500e+01
1.724696159362792969e-02,8.004662475585937500e+02
3.286910057067871094e-02,4.011370849609375000e+02
1.724624633789062500e-02,3.116289978027343750e+02
3.287148475646972656e-02,6.360999755859375000e+02
1.724362373352050781e-02,2.779904296875000000e+03
1.722002029418945312e-02,1.882547760009765625e+02
1.727867126464843750e-02,1.855184448242187500e+03
1.724743843078613281e-02,3.182840270996093750e+02
1.724767684936523438e-02,1.028866958618164062e+02
3.286814689636230469e-02,2.122066192626953125e+02
1.724553108215332031e-02,1.436040405273437500e+03
3.383493423461914062e-02,2.283914306640625000e+03
2.439641952514648438e-02,2.009907073974609375e+02
5.522727966308593750e-03,2.661979980468750000e+02
1.727962493896484375e-02,1.993617919921875000e+03
1.724886894226074219e-02,1.598543853759765625e+02
1.724553108215332031e-02,6.033869018554687500e+02
1.721549034118652344e-02,1.874984931945800781e+01
1.727509498596191406e-02,3.025062866210937500e+02
1.722025871276855469e-02,2.584905029296875000e+03
1.724720001220703125e-02,3.448904724121093750e+02
1.724720001220703125e-02,2.559430236816406250e+02
1.724720001220703125e-02,1.508175506591796875e+02
3.288936614990234375e-02,2.438698730468750000e+02
1.724696159362792969e-02,1.950720581054687500e+03
1.724743843078613281e-02,1.154710937500000000e+03
1.724720001220703125e-02,6.353293457031250000e+02
1.724791526794433594e-02,9.214898681640625000e+02
1.727533340454101562e-02,3.572449493408203125e+01
1.722931861877441406e-02,1.011563354492187500e+03
3.286981582641601562e-02,1.277680175781250000e+03
1.724410057067871094e-02,1.668331542968750000e+03
3.286933898925781250e-02,6.090080566406250000e+02
1.724743843078613281e-02,1.679673614501953125e+02
1.725101470947265625e-02,1.681703979492187500e+03
1.724696159362792969e-02,1.979710235595703125e+02
1.724886894226074219e-02,3.497322692871093750e+02
1.724553108215332031e-02,3.502606506347656250e+02
1.721715927124023438e-02,2.053440185546875000e+03
3.289604187011718750e-02,1.932419677734375000e+03
1.724672317504882812e-02,2.158183441162109375e+02
3.287148475646972656e-02,2.985999298095703125e+01
1.721620559692382812e-02,5.755186767578125000e+02
1.848697662353515625e-02,1.503333740234375000e+03
1.727104187011718750e-02,3.469697952270507812e+01
1.725339889526367188e-02,2.672975830078125000e+03
1.722025871276855469e-02,8.806881103515625000e+02
1.726770401000976562e-02,4.438259887695312500e+02
1.724696159362792969e-02,2.467871665954589844e+00
2.434444427490234375e-02,9.658705902099609375e+01
1.728153228759765625e-02,1.164763916015625000e+03
4.241228103637695312e-03,3.336250000000000000e+02
1.724839210510253906e-02,2.395413970947265625e+02
3.288292884826660156e-02,2.008361816406250000e+02
1.723337173461914062e-02,6.792904052734375000e+02
1.724767684936523438e-02,4.537244262695312500e+02
1.724624633789062500e-02,1.257365112304687500e+03
1.724863052368164062e-02,4.168469238281250000e+02
1.727676391601562500e-02,2.131286010742187500e+02
3.286790847778320312e-02,1.344749023437500000e+03
1.724672317504882812e-02,5.064390563964843750e+02
1.721882820129394531e-02,6.768355102539062500e+02
1.724720001220703125e-02,2.476615905761718750e+02
1.724791526794433594e-02,3.610234680175781250e+02
1.724624633789062500e-02,3.800585021972656250e+02
1.724696159362792969e-02,6.295000000000000000e+02
3.398489952087402344e-02,7.788147449493408203e+00
1.966476440429687500e-02,1.766545166015625000e+03
1.827836036682128906e-02,4.978739166259765625e+01
1.727938652038574219e-02,1.544054199218750000e+03
1.724743843078613281e-02,2.387604248046875000e+03
1.725006103515625000e-02,4.765914001464843750e+02
1.726531982421875000e-02,2.074819824218750000e+03
3.284406661987304688e-02,3.867018127441406250e+02
1.724624633789062500e-02,2.235996551513671875e+02
1.725196838378906250e-02,1.658233032226562500e+02
1.724791526794433594e-02,3.801044921875000000e+02
1.724720001220703125e-02,2.619815673828125000e+02
1.722025871276855469e-02,1.613083129882812500e+03
3.289341926574707031e-02,1.143127441406250000e+03
1.726651191711425781e-02,3.989076614379882812e+01
1.720023155212402344e-02,1.304368774414062500e+03
1.727747917175292969e-02,7.160363769531250000e+02
1.724720001220703125e-02,1.399863128662109375e+02
1.724720001220703125e-02,3.975272216796875000e+02
1.848196983337402344e-02,1.557493041992187500e+03
3.290033340454101562e-02,1.145214538574218750e+02
1.722645759582519531e-02,1.087227554321289062e+02
1.727223396301269531e-02,3.578971557617187500e+02
1.724553108215332031e-02,8.556347656250000000e+02
1.723885536193847656e-02,1.767899932861328125e+02
1.725673675537109375e-02,1.802349609375000000e+03
1.724743843078613281e-02,1.807396606445312500e+03
3.283667564392089844e-02,1.280382690429687500e+02
1.724743843078613281e-02,4.053985595703125000e+02
1.724839210510253906e-02,3.610695190429687500e+02
1.724696159362792969e-02,2.512734680175781250e+02
1.724672317504882812e-02,3.953109436035156250e+02
1.724791526794433594e-02,2.824249267578125000e+02
3.286767005920410156e-02,1.349328002929687500e+03
1.724767684936523438e-02,2.559120117187500000e+03
1.724720001220703125e-02,3.653842773437500000e+02
1.724696159362792969e-02,3.374899902343750000e+02
1.724791526794433594e-02,9.289967651367187500e+02
1.724743843078613281e-02,1.834398040771484375e+02
1.724696159362792969e-02,3.779358215332031250e+02
1.727962493896484375e-02,2.701695556640625000e+02
1.723623275756835938e-02,1.894865722656250000e+03
1.727008819580078125e-02,1.137192871093750000e+03
3.285217285156250000e-02,4.879186706542968750e+02
1.728248596191406250e-02,2.112339355468750000e+03
1.721477508544921875e-02,4.666185302734375000e+02
3.283905982971191406e-02,8.652295532226562500e+02
1.727890968322753906e-02,1.360152709960937500e+03
1.724958419799804688e-02,1.220814575195312500e+03
1.724529266357421875e-02,1.173660354614257812e+02
1.725006103515625000e-02,1.370815429687500000e+03
1.724600791931152344e-02,1.675934448242187500e+02
1.726245880126953125e-02,6.010765991210937500e+02
3.284859657287597656e-02,3.502434326171875000e+03
1.726412773132324219e-02,1.549383056640625000e+03
3.285217285156250000e-02,1.859575439453125000e+03
2.502799034118652344e-02,1.284380615234375000e+03
2.446794509887695312e-02,3.362117919921875000e+02
1.867842674255371094e-02,3.484842285156250000e+03
1.724433898925781250e-02,4.470661315917968750e+02
1.724791526794433594e-02,4.447863159179687500e+02
1.724624633789062500e-02,6.311622619628906250e+00
1.725506782531738281e-02,1.936279296875000000e+02
3.286552429199218750e-02,1.321878295898437500e+03
1.826524734497070312e-02,1.749129333496093750e+02
1.728057861328125000e-02,2.236499481201171875e+02
1.724910736083984375e-02,1.700894775390625000e+02
1.867938041687011719e-02,9.074578857421875000e+02
1.728487014770507812e-02,3.781103210449218750e+02
2.943015098571777344e-02,8.107036743164062500e+02
1.820492744445800781e-02,1.919875244140625000e+03
1.926040649414062500e-02,4.849674987792968750e+01
2.677798271179199219e-02,4.718057556152343750e+02
8.004665374755859375e-03,3.899772338867187500e+02
3.289747238159179688e-02,2.333444335937500000e+03
1.724767684936523438e-02,2.646756286621093750e+02
1.724767684936523438e-02,1.936510009765625000e+02
1.721739768981933594e-02,5.361903686523437500e+02
1.832842826843261719e-02,5.868817138671875000e+02
1.728248596191406250e-02,6.644768524169921875e+01
1.724624633789062500e-02,2.648112678527832031e+01
1.724386215209960938e-02,5.032849121093750000e+02
1.724958419799804688e-02,1.184205932617187500e+03
3.286623954772949219e-02,5.091870727539062500e+02
1.724696159362792969e-02,5.247949218750000000e+02
1.626014709472656250e-03,6.005606689453125000e+02
3.287029266357421875e-02,2.713583183288574219e+01
1.724743843078613281e-02,2.585880737304687500e+02
3.286886215209960938e-02,6.741975708007812500e+02
1.724457740783691406e-02,8.591821899414062500e+02
1.725578308105468750e-02,4.041051635742187500e+02
3.286814689636230469e-02,1.933804077148437500e+03
1.724100112915039062e-02,5.004675903320312500e+02
2.795362472534179688e-02,4.734937744140625000e+02
1.520395278930664062e-02,1.285185546875000000e+02
1.727890968322753906e-02,2.914552978515625000e+03
1.726484298706054688e-02,3.005426330566406250e+02
3.285026550292968750e-02,1.837690185546875000e+03
1.726579666137695312e-02,1.035834350585937500e+03
3.284788131713867188e-02,1.010594543457031250e+03
1.724910736083984375e-02,2.407277832031250000e+02
1.724743843078613281e-02,1.713898925781250000e+03
1.725339889526367188e-02,5.047382202148437500e+02
3.286266326904296875e-02,7.832683715820312500e+02
1.724720001220703125e-02,4.982498168945312500e+02
3.287363052368164062e-02,1.185535034179687500e+03
1.724100112915039062e-02,2.075008789062500000e+03
3.533577919006347656e-02,9.345042724609375000e+02
1.820921897888183594e-02,3.498605346679687500e+02
1.729345321655273438e-02,1.726434814453125000e+03
3.285002708435058594e-02,1.758565307617187500e+03
1.726436614990234375e-02,1.026373657226562500e+03
1.723241806030273438e-02,1.297963134765625000e+03
1.721930503845214844e-02,1.830370025634765625e+02
1.727867126464843750e-02,1.650469970703125000e+03
3.286552429199218750e-02,5.900444335937500000e+02
1.724600791931152344e-02,7.541852416992187500e+02
3.287196159362792969e-02,1.328926879882812500e+03
1.724982261657714844e-02,1.537661499023437500e+03
1.723408699035644531e-02,3.242570190429687500e+02
1.311659812927246094e-02,1.688567962646484375e+02
1.728129386901855469e-02,1.935771850585937500e+03
1.724720001220703125e-02,1.100222244262695312e+02
1.725220680236816406e-02,7.522794799804687500e+02
1.721167564392089844e-02,1.777046356201171875e+02
1.727938652038574219e-02,1.207486083984375000e+03
1.724743843078613281e-02,1.373575317382812500e+03
3.283643722534179688e-02,3.509837341308593750e+02
1.724696159362792969e-02,2.180196289062500000e+03
3.287053108215332031e-02,3.022232055664062500e+02
1.724600791931152344e-02,3.448982238769531250e+01
1.724672317504882812e-02,5.461777954101562500e+02
4.849076271057128906e-02,1.639086181640625000e+03
1.724672317504882812e-02,2.293481903076171875e+02
1.727962493896484375e-02,8.125745849609375000e+02
1.721525192260742188e-02,1.254524414062500000e+03
1.724696159362792969e-02,3.997293395996093750e+02
1.724743843078613281e-02,2.917705993652343750e+02
1.724767684936523438e-02,2.321570800781250000e+03
1.724743843078613281e-02,4.162453002929687500e+02
1.724696159362792969e-02,5.193298950195312500e+02
1.727461814880371094e-02,1.929660034179687500e+03
1.724743843078613281e-02,1.124444732666015625e+02
1.725268363952636719e-02,9.047045288085937500e+02
3.286337852478027344e-02,2.534880218505859375e+02
1.722741127014160156e-02,1.199542083740234375e+02
3.288912773132324219e-02,8.290490722656250000e+02
1.724767684936523438e-02,1.811100585937500000e+03
1.725172996520996094e-02,2.950693359375000000e+02
1.725888252258300781e-02,1.166749801635742188e+02
1.720476150512695312e-02,8.540738525390625000e+02
1.727914810180664062e-02,2.536689453125000000e+02
1.724672317504882812e-02,3.533042907714843750e+02
3.099513053894042969e-02,1.321442626953125000e+03
2.802133560180664062e-02,2.879266662597656250e+02
2.281904220581054688e-02,2.236618347167968750e+02
1.727509498596191406e-02,3.111648941040039062e+01
3.287816047668457031e-02,3.834701232910156250e+02
1.723814010620117188e-02,9.935075378417968750e+01
3.025197982788085938e-02,4.424384765625000000e+02
1.039528846740722656e-02,1.320267211914062500e+03
1.724791526794433594e-02,1.492440307617187500e+03
3.289961814880371094e-02,4.018146362304687500e+02
1.726627349853515625e-02,1.460119628906250000e+03
3.284835815429687500e-02,2.449980957031250000e+03
1.726102828979492188e-02,2.168121185302734375e+02
3.283786773681640625e-02,3.151090087890625000e+02
1.726365089416503906e-02,3.596013488769531250e+02
3.286933898925781250e-02,1.124114379882812500e+03
1.724910736083984375e-02,1.562054595947265625e+02
1.724624633789062500e-02,5.406890869140625000e+02
1.725220680236816406e-02,2.032161010742187500e+03
1.723933219909667969e-02,1.505231689453125000e+03
3.287601470947265625e-02,2.164410247802734375e+02
1.724290847778320312e-02,1.768829956054687500e+02
1.724815368652343750e-02,4.307061462402343750e+02
1.725101470947265625e-02,4.850030517578125000e+01
1.839351654052734375e-02,3.029084777832031250e+02
2.237486839294433594e-02,2.716154785156250000e+02
1.725077629089355469e-02,2.179394531250000000e+03
1.727581024169921875e-02,2.816713623046875000e+03
3.286719322204589844e-02,1.815146606445312500e+03
1.626014709472656250e-03,0.000000000000000000e+00
1.725220680236816406e-02,8.483248291015625000e+02
3.283643722534179688e-02,2.719096679687500000e+02
1.727938652038574219e-02,2.682518798828125000e+03
1.724863052368164062e-02,1.685866943359375000e+03
1.724624633789062500e-02,1.862421752929687500e+03
1.722812652587890625e-02,2.270041748046875000e+03
1.726675033569335938e-02,4.048098449707031250e+02
1.727080345153808594e-02,4.567885742187500000e+02
1.719188690185546875e-02,9.589863586425781250e+01
3.289604187011718750e-02,2.018715057373046875e+02
1.722383499145507812e-02,2.142078552246093750e+02
1.727414131164550781e-02,1.955832763671875000e+03
3.286528587341308594e-02,4.835229187011718750e+02
1.626014709472656250e-03,3.542222595214843750e+02
4.094600677490234375e-02,4.600967712402343750e+02
1.728081703186035156e-02,5.185664062500000000e+02
3.287005424499511719e-02,2.635020751953125000e+02
1.724004745483398438e-02,1.663634521484375000e+03
1.726937294006347656e-02,1.116995849609375000e+03
3.284597396850585938e-02,7.353378295898437500e+01
1.725125312805175781e-02,3.963402099609375000e+02
1.725006103515625000e-02,2.702246704101562500e+02
1.833987236022949219e-02,8.572139892578125000e+02
1.728200912475585938e-02,6.361669921875000000e+02
1.724743843078613281e-02,2.987619628906250000e+02
1.726222038269042969e-02,1.449508056640625000e+03
3.282332420349121094e-02,7.032282104492187500e+02
1.727795600891113281e-02,2.050057830810546875e+02
1.921868324279785156e-02,4.223124389648437500e+02
1.951384544372558594e-02,1.122595901489257812e+02
1.521611213684082031e-02,1.329467620849609375e+02
1.727604866027832031e-02,1.791237060546875000e+03
1.725077629089355469e-02,2.205158386230468750e+02
1.724720001220703125e-02,1.212036514282226562e+02
1.724863052368164062e-02,1.667899932861328125e+02
1.726627349853515625e-02,4.299607238769531250e+02
3.284788131713867188e-02,3.134223388671875000e+03
1.724410057067871094e-02,1.831849975585937500e+02
1.724791526794433594e-02,9.607440185546875000e+02
1.626014709472656250e-03,1.783102905273437500e+03
3.289008140563964844e-02,6.723250122070312500e+02
1.722693443298339844e-02,4.676154174804687500e+02
1.724576950073242188e-02,9.873276367187500000e+02
1.722145080566406250e-02,8.503076934814453125e+01
3.287601470947265625e-02,2.368665466308593750e+02
1.726007461547851562e-02,4.966009521484375000e+02
1.727533340454101562e-02,4.551139526367187500e+02
1.722884178161621094e-02,2.087634277343750000e+03
1.725316047668457031e-02,1.047024230957031250e+02
3.285980224609375000e-02,1.378358764648437500e+03
1.724052429199218750e-02,1.012089309692382812e+02
1.626014709472656250e-03,1.830370025634765625e+02
1.722645759582519531e-02,3.991997375488281250e+02
3.289580345153808594e-02,5.052334289550781250e+02
1.724743843078613281e-02,2.083779602050781250e+02
1.725077629089355469e-02,1.467411621093750000e+03
1.626014709472656250e-03,-7.247000122070312500e+01
3.287267684936523438e-02,3.626731567382812500e+02
1.724123954772949219e-02,2.437043304443359375e+02
1.725077629089355469e-02,6.290696716308593750e+01
1.723599433898925781e-02,1.397252319335937500e+03
1.722693443298339844e-02,1.722922363281250000e+03
1.726818084716796875e-02,3.513652801513671875e+01
1.724624633789062500e-02,7.272849121093750000e+02
1.724839210510253906e-02,8.179059448242187500e+02
3.288125991821289062e-02,3.738921356201171875e+01
1.724267005920410156e-02,1.055764007568359375e+02
3.287434577941894531e-02,7.298916625976562500e+02
1.724672317504882812e-02,4.879038391113281250e+02
1.724481582641601562e-02,1.325648193359375000e+02
1.724720001220703125e-02,2.141510772705078125e+02
1.724767684936523438e-02,3.510874328613281250e+02
1.724982261657714844e-02,5.401464233398437500e+02
1.721501350402832031e-02,1.782594909667968750e+02
1.724672317504882812e-02,7.927318725585937500e+02
1.727819442749023438e-02,1.353994506835937500e+03
3.286957740783691406e-02,2.688522644042968750e+02
1.721501350402832031e-02,9.355092620849609375e+01
1.727867126464843750e-02,1.111448852539062500e+03
1.724743843078613281e-02,1.164901733398437500e+03
1.724839210510253906e-02,1.819781616210937500e+03
1.724576950073242188e-02,5.393944702148437500e+02
1.724743843078613281e-02,5.649500122070312500e+02
1.724743843078613281e-02,3.586777114868164062e+01
1.724743843078613281e-02,2.367480957031250000e+03
1.724720001220703125e-02,1.321288208007812500e+03
2.733755111694335938e-02,1.429369018554687500e+03
1.867532730102539062e-02,2.429925384521484375e+02
6.678104400634765625e-03,1.242095825195312500e+03
3.290534019470214844e-02,6.452408447265625000e+02
1.721167564392089844e-02,1.415978515625000000e+03
3.290009498596191406e-02,4.577721786499023438e+01
1.724314689636230469e-02,1.837090942382812500e+03
1.724076271057128906e-02,8.617720947265625000e+02
1.724624633789062500e-02,7.632443237304687500e+01
1.724767684936523438e-02,1.250671508789062500e+03
1.722693443298339844e-02,1.521140991210937500e+03
1.726770401000976562e-02,6.615869140625000000e+02
1.722741127014160156e-02,8.140419311523437500e+02
1.835417747497558594e-02,1.075233764648437500e+03
1.729226112365722656e-02,6.117819786071777344e+00
1.724720001220703125e-02,7.325737762451171875e+01
3.285646438598632812e-02,4.739397583007812500e+02
1.850724220275878906e-02,3.177985534667968750e+02
3.290128707885742188e-02,1.638456420898437500e+03
1.626014709472656250e-03,9.712162475585937500e+02
1.725316047668457031e-02,3.534486389160156250e+02
1.723504066467285156e-02,7.165334472656250000e+02
1.724720001220703125e-02,2.268987548828125000e+03
1.726222038269042969e-02,1.215357360839843750e+02
1.724433898925781250e-02,1.739691162109375000e+02
3.286552429199218750e-02,4.587763977050781250e+02
1.724863052368164062e-02,2.152145263671875000e+03
1.724886894226074219e-02,3.272977294921875000e+02
1.723647117614746094e-02,2.054237365722656250e+02
1.834893226623535156e-02,1.593055908203125000e+03
1.724958419799804688e-02,8.908073120117187500e+02
3.290009498596191406e-02,8.228204956054687500e+02
1.721668243408203125e-02,7.944282531738281250e+01
1.726722717285156250e-02,4.057079772949218750e+02
3.287577629089355469e-02,1.374842895507812500e+03
1.726818084716796875e-02,6.863258666992187500e+02
3.285169601440429688e-02,6.927644653320312500e+02
1.726174354553222656e-02,2.223879547119140625e+02
3.353786468505859375e-02,-3.529999852180480957e-01
1.868367195129394531e-02,1.056752395629882812e+02
1.026940345764160156e-02,6.545316314697265625e+01
1.727581024169921875e-02,1.224321899414062500e+02
1.721954345703125000e-02,2.337999267578125000e+03
1.726722717285156250e-02,9.168353080749511719e+00
1.726150512695312500e-02,3.227125549316406250e+02
1.724433898925781250e-02,1.740043334960937500e+03
1.723933219909667969e-02,2.222044921875000000e+03
1.724410057067871094e-02,1.826631591796875000e+03
1.724767684936523438e-02,8.765588378906250000e+02
1.725888252258300781e-02,2.098012847900390625e+02
1.724696159362792969e-02,1.282132415771484375e+02
1.724743843078613281e-02,1.361750640869140625e+02
1.725339889526367188e-02,5.279037475585937500e+02
1.724195480346679688e-02,1.142112670898437500e+03
1.723551750183105469e-02,1.577741455078125000e+03
1.722741127014160156e-02,6.087243041992187500e+02
2.686285972595214844e-02,3.412786560058593750e+02
1.597380638122558594e-02,2.187742919921875000e+02
1.131224632263183594e-02,2.427103729248046875e+02
3.289675712585449219e-02,3.246849670410156250e+02
1.725196838378906250e-02,7.399589843750000000e+02
1.726508140563964844e-02,3.439023132324218750e+02
3.284668922424316406e-02,9.685325622558593750e+01
1.723980903625488281e-02,4.561504211425781250e+02
1.724743843078613281e-02,2.457072296142578125e+02
1.728916168212890625e-02,4.972950439453125000e+02
1.721382141113281250e-02,4.331419982910156250e+02
1.724624633789062500e-02,2.172103027343750000e+03
1.723957061767578125e-02,7.564765167236328125e+01
1.724791526794433594e-02,5.301370849609375000e+02
1.724767684936523438e-02,1.457755004882812500e+03
1.724720001220703125e-02,1.057815429687500000e+03
1.724696159362792969e-02,3.158534240722656250e+02
1.722717285156250000e-02,9.823605957031250000e+02
1.724743843078613281e-02,1.124514770507812500e+03
1.726818084716796875e-02,1.635499267578125000e+03
1.724767684936523438e-02,2.715730895996093750e+02
1.724767684936523438e-02,2.696614379882812500e+02
1.724624633789062500e-02,4.561095275878906250e+02
1.917767524719238281e-02,1.356302368164062500e+03
1.727104187011718750e-02,1.651506347656250000e+02
1.724696159362792969e-02,3.439200134277343750e+02
1.724791526794433594e-02,2.750592041015625000e+02
1.724696159362792969e-02,1.090266418457031250e+02
1.724767684936523438e-02,4.554710998535156250e+02
3.287696838378906250e-02,1.543790527343750000e+03
1.724958419799804688e-02,2.101800048828125000e+03
1.724958419799804688e-02,1.436992919921875000e+03
1.726245880126953125e-02,4.609172363281250000e+02
1.723146438598632812e-02,1.769170074462890625e+02
1.724195480346679688e-02,6.168213367462158203e+00
1.836562156677246094e-02,1.941805297851562500e+03
1.728105545043945312e-02,2.232525110244750977e+00
1.724720001220703125e-02,2.203774658203125000e+03
1.724791526794433594e-02,2.047108032226562500e+03
1.724720001220703125e-02,2.087791992187500000e+03
1.724743843078613281e-02,1.333047485351562500e+02
1.724886894226074219e-02,1.710905517578125000e+03
1.724743843078613281e-02,1.129507293701171875e+02
3.286695480346679688e-02,2.685605468750000000e+02
1.724386215209960938e-02,1.588055053710937500e+03
3.287291526794433594e-02,3.618033447265625000e+02
1.864457130432128906e-02,5.175287475585937500e+02
1.730108261108398438e-02,5.442781372070312500e+02
3.284978866577148438e-02,1.552376342773437500e+03
1.724529266357421875e-02,7.417750244140625000e+02
1.723814010620117188e-02,3.242397460937500000e+02
1.724815368652343750e-02,6.060378417968750000e+02
1.724624633789062500e-02,8.325067749023437500e+02
3.287649154663085938e-02,2.341010131835937500e+02
1.726841926574707031e-02,3.972671203613281250e+02
3.572678565979003906e-02,4.508088378906250000e+02
2.534437179565429688e-02,1.520661163330078125e+01
1.729989051818847656e-02,3.619042358398437500e+02
1.721477508544921875e-02,1.793955566406250000e+03
1.724839210510253906e-02,2.711706787109375000e+03
1.724672317504882812e-02,1.558196105957031250e+02
1.724696159362792969e-02,2.225921783447265625e+02
1.724743843078613281e-02,1.634589233398437500e+03
3.287982940673828125e-02,1.681163696289062500e+03
2.361178398132324219e-02,6.917107543945312500e+02
1.825809478759765625e-02,2.008171691894531250e+02
1.724648475646972656e-02,1.982338104248046875e+02
1.724815368652343750e-02,3.602174682617187500e+02
1.727509498596191406e-02,8.236683349609375000e+02
3.286838531494140625e-02,5.369515380859375000e+02
1.725745201110839844e-02,1.393160705566406250e+02
1.724123954772949219e-02,1.506484008789062500e+03
1.724338531494140625e-02,9.485220336914062500e+02
1.724910736083984375e-02,1.720779541015625000e+03
1.724958419799804688e-02,3.005319213867187500e+02
1.724362373352050781e-02,1.738079986572265625e+02
1.725125312805175781e-02,2.160670410156250000e+03
1.721620559692382812e-02,8.090397644042968750e+01
1.726698875427246094e-02,1.577916812896728516e+01
1.725506782531738281e-02,6.028519897460937500e+02
1.724624633789062500e-02,4.215945739746093750e+02
1.725411415100097656e-02,2.016906494140625000e+03
1.724529266357421875e-02,1.744358886718750000e+03
1.724696159362792969e-02,6.950482788085937500e+02
1.724743843078613281e-02,1.590364379882812500e+02
1.723599433898925781e-02,7.618395996093750000e+02
1.722764968872070312e-02,3.895942382812500000e+02
1.727843284606933594e-02,1.301912231445312500e+03
1.724958419799804688e-02,9.569352722167968750e+01
1.724481582641601562e-02,1.178419921875000000e+03
1.724696159362792969e-02,1.724956665039062500e+03
1.724815368652343750e-02,2.256862030029296875e+02
1.724743843078613281e-02,8.310481262207031250e+01
1.724696159362792969e-02,1.797181892395019531e+01
1.721620559692382812e-02,1.063283813476562500e+03
1.724791526794433594e-02,5.443532714843750000e+02
1.727771759033203125e-02,1.914095153808593750e+02
3.283905982971191406e-02,2.832783813476562500e+02
1.724743843078613281e-02,5.850138092041015625e+01
2.061533927917480469e-02,3.100355224609375000e+02
1.920914649963378906e-02,1.675048095703125000e+03
5.262613296508789062e-03,8.575101928710937500e+02
1.724958419799804688e-02,2.182262420654296875e+02
1.724720001220703125e-02,9.248245239257812500e+02
3.289270401000976562e-02,2.501447448730468750e+02
1.725363731384277344e-02,1.344065856933593750e+02
1.724386215209960938e-02,2.150669250488281250e+02
1.721930503845214844e-02,6.656943969726562500e+02
1.727962493896484375e-02,3.027875976562500000e+02
1.724171638488769531e-02,2.529678344726562500e+02
1.724910736083984375e-02,4.138999938964843750e+02
1.721882820129394531e-02,1.292391052246093750e+02
1.727962493896484375e-02,7.612862548828125000e+02
1.724243164062500000e-02,1.965038452148437500e+03
1.722049713134765625e-02,1.794957885742187500e+03
2.621650695800781250e-02,1.760986328125000000e+02
1.759886741638183594e-02,1.843669677734375000e+03
9.286165237426757812e-03,1.563244018554687500e+02
1.724791526794433594e-02,2.400777832031250000e+03
1.727485656738281250e-02,2.015333175659179688e+01
1.723623275756835938e-02,1.136828689575195312e+02
1.725840568542480469e-02,9.921434326171875000e+02
1.722359657287597656e-02,1.104255065917968750e+02
1.726436614990234375e-02,1.831326171875000000e+03
1.724648475646972656e-02,4.229720153808593750e+02
1.724839210510253906e-02,9.357560424804687500e+02
3.288030624389648438e-02,4.066556701660156250e+02
1.724457740783691406e-02,1.422560119628906250e+02
1.721787452697753906e-02,1.329157470703125000e+03
1.724934577941894531e-02,2.643489685058593750e+02
1.727271080017089844e-02,3.839165115356445312e+01
1.724743843078613281e-02,3.299965820312500000e+02
1.725172996520996094e-02,6.601738281250000000e+02
1.724672317504882812e-02,4.847580261230468750e+02
1.724958419799804688e-02,4.576646118164062500e+02
1.721405982971191406e-02,1.835220031738281250e+02
1.727533340454101562e-02,7.535571289062500000e+02
1.725077629089355469e-02,2.063078002929687500e+02
1.724720001220703125e-02,5.887904052734375000e+02
1.723790168762207031e-02,5.769155273437500000e+02
3.284788131713867188e-02,2.667088127136230469e+01
1.725029945373535156e-02,5.281222534179687500e+02
1.727104187011718750e-02,1.282658691406250000e+03
1.722168922424316406e-02,3.810879516601562500e+02
1.726675033569335938e-02,3.260238037109375000e+02
1.722598075866699219e-02,1.848986938476562500e+03
1.725769042968750000e-02,1.051410888671875000e+03
1.726269721984863281e-02,2.277061309814453125e+02
1.722216606140136719e-02,3.421624755859375000e+02
1.726984977722167969e-02,1.061328506469726562e+02
1.724267005920410156e-02,1.459981323242187500e+03
1.722908020019531250e-02,2.035347534179687500e+03
1.727080345153808594e-02,1.965793609619140625e+02
1.722383499145507812e-02,1.162901977539062500e+03
3.289222717285156250e-02,7.613578796386718750e+01
1.722455024719238281e-02,1.248327026367187500e+03
1.724648475646972656e-02,1.593766845703125000e+03
1.724791526794433594e-02,3.512837219238281250e+02
1.727366447448730469e-02,1.719935913085937500e+03
1.722097396850585938e-02,2.351817626953125000e+03
1.724720001220703125e-02,1.196757080078125000e+03
1.725530624389648438e-02,1.882422851562500000e+03
1.724028587341308594e-02,1.198462036132812500e+03
1.727414131164550781e-02,1.744221496582031250e+02
1.722002029418945312e-02,3.234871826171875000e+02
1.727294921875000000e-02,1.830829925537109375e+02
1.723194122314453125e-02,1.036958999633789062e+02
1.724982261657714844e-02,1.281640167236328125e+02
1.723456382751464844e-02,1.415044799804687500e+03
1.727557182312011719e-02,1.918990844726562500e+03
1.721882820129394531e-02,2.918942565917968750e+02
1.727104187011718750e-02,2.826597595214843750e+02
3.286862373352050781e-02,7.639064025878906250e+01
1.724100112915039062e-02,1.179018554687500000e+03
1.723003387451171875e-02,4.894357910156250000e+02
1.906681060791015625e-02,9.539459228515625000e+02
1.943826675415039062e-02,1.632614379882812500e+03
1.423311233520507812e-02,1.117499084472656250e+02
1.724863052368164062e-02,6.768056030273437500e+02
1.727342605590820312e-02,1.871543945312500000e+03
1.724433898925781250e-02,1.894735107421875000e+03
1.722383499145507812e-02,1.838061981201171875e+02
3.286886215209960938e-02,4.818983154296875000e+02
1.725077629089355469e-02,7.204282379150390625e+01
1.732206344604492188e-02,1.086550064086914062e+02
1.716852188110351562e-02,1.074766967773437500e+03
1.724720001220703125e-02,3.578321533203125000e+02
1.724767684936523438e-02,4.242606811523437500e+02
1.724696159362792969e-02,8.822239990234375000e+02
1.727628707885742188e-02,2.554843017578125000e+03
1.721858978271484375e-02,2.892885131835937500e+02
1.726937294006347656e-02,3.939478149414062500e+02
1.722788810729980469e-02,2.618349304199218750e+02
3.289389610290527344e-02,2.270323333740234375e+02
1.721978187561035156e-02,7.213074493408203125e+01
1.727938652038574219e-02,3.639617309570312500e+02
1.721572875976562500e-02,2.294456634521484375e+02
1.724672317504882812e-02,3.361849365234375000e+02
1.724839210510253906e-02,2.147092773437500000e+03
1.724624633789062500e-02,1.769490051269531250e+02
1.724815368652343750e-02,1.791005401611328125e+02
1.727581024169921875e-02,2.551435546875000000e+02
1.724624633789062500e-02,3.820276794433593750e+02
1.721930503845214844e-02,1.371531372070312500e+03
1.727676391601562500e-02,5.496451416015625000e+02
1.722073554992675781e-02,1.367936279296875000e+03
3.289794921875000000e-02,9.701147460937500000e+01
3.286695480346679688e-02,1.057598590850830078e+01
1.724648475646972656e-02,2.404303710937500000e+03
1.724672317504882812e-02,3.749923095703125000e+02
3.284072875976562500e-02,2.007852783203125000e+02
1.724815368652343750e-02,4.692618103027343750e+02
1.724553108215332031e-02,2.073139892578125000e+03
1.727676391601562500e-02,1.767570037841796875e+02
1.724243164062500000e-02,3.742707519531250000e+02
1.722288131713867188e-02,3.408796081542968750e+02
1.724863052368164062e-02,1.708328002929687500e+03
3.053212165832519531e-02,1.347018920898437500e+03
1.931929588317871094e-02,2.896470947265625000e+02
1.724886894226074219e-02,4.574005126953125000e+01
1.724600791931152344e-02,4.920102539062500000e+02
1.727485656738281250e-02,2.177128143310546875e+02
1.722002029418945312e-02,1.583022308349609375e+02
1.724767684936523438e-02,1.728288574218750000e+03
1.727628707885742188e-02,2.791062927246093750e+02
3.286695480346679688e-02,1.714176391601562500e+03
1.722002029418945312e-02,8.274237670898437500e+02
1.724672317504882812e-02,1.603693237304687500e+02
1.724720001220703125e-02,1.087042968750000000e+03
1.724815368652343750e-02,1.769629974365234375e+02
1.724624633789062500e-02,0.000000000000000000e+00
1.726937294006347656e-02,1.496621093750000000e+02
1.963376998901367188e-02,1.697059692382812500e+03
1.919484138488769531e-02,1.201450561523437500e+03
1.423144340515136719e-02,3.334668579101562500e+02
1.727342605590820312e-02,2.778408813476562500e+02
1.725196838378906250e-02,4.222385559082031250e+02
1.721596717834472656e-02,1.246595336914062500e+03
1.724696159362792969e-02,1.830685882568359375e+02
1.727318763732910156e-02,5.848991088867187500e+02
1.722264289855957031e-02,1.144810333251953125e+02
1.724720001220703125e-02,2.078869384765625000e+03
1.727366447448730469e-02,5.984309692382812500e+02
1.724886894226074219e-02,1.367920684814453125e+02
1.722002029418945312e-02,1.701837768554687500e+03
1.724672317504882812e-02,1.758020019531250000e+02
1.724696159362792969e-02,7.336453857421875000e+02
1.727080345153808594e-02,4.025395202636718750e+02
1.724171638488769531e-02,2.733063232421875000e+03
1.726627349853515625e-02,1.080777221679687500e+03
1.723718643188476562e-02,1.449679443359375000e+03
1.722097396850585938e-02,1.312150634765625000e+03
1.726555824279785156e-02,5.869287109375000000e+02
1.722860336303710938e-02,7.480500030517578125e+01
1.727247238159179688e-02,1.610827270507812500e+03
3.288245201110839844e-02,1.583501434326171875e+02
1.724147796630859375e-02,2.121046630859375000e+03
1.724338531494140625e-02,8.835692596435546875e+01
1.724696159362792969e-02,2.773210754394531250e+02
1.724123954772949219e-02,3.422233581542968750e+02
1.722455024719238281e-02,8.634550781250000000e+02
1.724815368652343750e-02,4.854555053710937500e+02
1.724696159362792969e-02,3.384353637695312500e+02
3.289198875427246094e-02,2.139052978515625000e+03
1.725196838378906250e-02,4.973382873535156250e+02
1.724553108215332031e-02,3.335988769531250000e+02
1.722192764282226562e-02,1.767221832275390625e+02
1.724696159362792969e-02,7.196433105468750000e+02
1.724767684936523438e-02,2.395485229492187500e+02
1.724648475646972656e-02,6.419805297851562500e+02
1.727271080017089844e-02,5.455916137695312500e+02
1.727128028869628906e-02,9.672248535156250000e+02
1.719808578491210938e-02,1.558225219726562500e+03
1.726746559143066406e-02,3.607512512207031250e+02
1.724100112915039062e-02,1.451013427734375000e+03
3.288078308105468750e-02,1.840114257812500000e+03
1.724576950073242188e-02,3.120042419433593750e+02
1.727199554443359375e-02,2.366488800048828125e+02
1.722764968872070312e-02,1.049485473632812500e+03
1.724219322204589844e-02,1.243251220703125000e+03
1.722383499145507812e-02,1.695069427490234375e+02
1.724767684936523438e-02,1.126308227539062500e+03
1.726531982421875000e-02,1.339070312500000000e+03
1.724696159362792969e-02,1.003938720703125000e+03
1.722979545593261719e-02,1.029841430664062500e+03
1.724767684936523438e-02,1.342320556640625000e+03
1.727437973022460938e-02,2.499335784912109375e+02
1.725149154663085938e-02,4.949541931152343750e+02
1.721596717834472656e-02,2.369166259765625000e+02
1.727557182312011719e-02,8.543394165039062500e+02
1.724648475646972656e-02,4.425170288085937500e+02
3.439784049987792969e-02,5.017766113281250000e+02
1.772785186767578125e-02,7.803784179687500000e+02
1.519250869750976562e-02,3.128311462402343750e+02
1.724839210510253906e-02,2.394779205322265625e+02
1.732563972473144531e-02,1.241926116943359375e+02
1.716804504394531250e-02,5.039568176269531250e+02
1.729750633239746094e-02,1.478627075195312500e+03
1.724815368652343750e-02,3.909576416015625000e+02
1.724743843078613281e-02,1.274859046936035156e+01
3.284621238708496094e-02,1.769689941406250000e+02
1.626014709472656250e-03,1.767489929199218750e+02
3.284001350402832031e-02,2.480685577392578125e+02
1.726579666137695312e-02,2.756310119628906250e+02
1.723289489746093750e-02,1.011945190429687500e+03
1.726603507995605469e-02,2.485016632080078125e+02
1.725363731384277344e-02,1.527036590576171875e+02
1.723194122314453125e-02,1.178280639648437500e+03
1.723480224609375000e-02,2.119064941406250000e+03
1.724743843078613281e-02,1.442741577148437500e+03
1.727104187011718750e-02,1.289077026367187500e+03
1.725029945373535156e-02,2.027743530273437500e+02
3.287100791931152344e-02,2.639242248535156250e+02
3.283977508544921875e-02,5.606369018554687500e+01
1.724648475646972656e-02,1.278660034179687500e+03
1.724982261657714844e-02,6.320341796875000000e+02
1.724553108215332031e-02,1.745015106201171875e+02
1.726794242858886719e-02,2.405001831054687500e+02
1.726222038269042969e-02,1.653332641601562500e+03
1.723623275756835938e-02,7.232381591796875000e+02
1.725387573242187500e-02,1.759040069580078125e+02
1.724338531494140625e-02,4.334858093261718750e+02
1.831173896789550781e-02,2.117070770263671875e+02
1.727604866027832031e-02,9.697791290283203125e+01
3.287124633789062500e-02,1.807317871093750000e+03
1.725006103515625000e-02,9.564850463867187500e+02
1.726269721984863281e-02,9.480814208984375000e+02
3.285026550292968750e-02,9.553692626953125000e+02
1.726746559143066406e-02,1.271878814697265625e+02
3.284764289855957031e-02,4.265970458984375000e+02
1.726865768432617188e-02,1.463590698242187500e+02
1.722788810729980469e-02,3.552600097656250000e+02
1.721858978271484375e-02,1.842988128662109375e+02
1.727914810180664062e-02,0.000000000000000000e+00
1.721549034118652344e-02,7.185885620117187500e+02
2.692365646362304688e-02,1.202829208374023438e+02
1.931428909301757812e-02,6.151223373413085938e+01
7.308483123779296875e-03,1.401961303710937500e+03
3.290534019470214844e-02,7.778526306152343750e+01
1.848530769348144531e-02,1.546378051757812500e+03
1.725101470947265625e-02,2.103300094604492188e+01
1.724886894226074219e-02,1.220373901367187500e+03
1.727938652038574219e-02,1.337843872070312500e+03
1.724600791931152344e-02,1.445847412109375000e+03
1.724982261657714844e-02,3.213962936401367188e+01
1.724481582641601562e-02,1.114026245117187500e+03
1.725053787231445312e-02,4.119792480468750000e+02
1.724433898925781250e-02,1.463214233398437500e+03
2.505826950073242188e-02,2.554696960449218750e+02
1.859712600708007812e-02,5.494228363037109375e+01
2.049088478088378906e-02,8.015810012817382812e+00
1.724624633789062500e-02,3.081876220703125000e+02
3.399920463562011719e-02,2.573507385253906250e+02
1.728105545043945312e-02,1.030099121093750000e+03
1.726698875427246094e-02,1.030495681762695312e+02
1.719760894775390625e-02,8.061071777343750000e+02
1.724767684936523438e-02,2.106481933593750000e+03
1.728940010070800781e-02,2.493646972656250000e+03
1.035857200622558594e-02,2.245052032470703125e+02
1.727080345153808594e-02,8.103927612304687500e+02
1.724672317504882812e-02,2.472846679687500000e+03
1.724767684936523438e-02,8.508782348632812500e+02
1.725244522094726562e-02,1.321847167968750000e+03
1.725602149963378906e-02,1.181073837280273438e+02
1.721382141113281250e-02,3.229066162109375000e+02
1.725888252258300781e-02,1.181660156250000000e+03
1.723551750183105469e-02,3.634662780761718750e+02
3.289628028869628906e-02,2.222971343994140625e+02
1.724648475646972656e-02,3.355742797851562500e+02
1.722860336303710938e-02,6.738246459960937500e+02
1.728510856628417969e-02,1.263056564331054688e+01
1.720094680786132812e-02,3.139234924316406250e+02
1.724767684936523438e-02,8.738328247070312500e+02
1.724696159362792969e-02,1.233921875000000000e+03
1.727485656738281250e-02,2.390147247314453125e+02
1.724791526794433594e-02,0.000000000000000000e+00
1.725482940673828125e-02,1.162212402343750000e+03
1.724696159362792969e-02,1.715004760742187500e+03
1.724433898925781250e-02,1.556457031250000000e+03
3.287124633789062500e-02,1.862745361328125000e+02
1.724243164062500000e-02,1.976506958007812500e+03
3.402519226074218750e-02,5.950291824340820312e+01
1.727843284606933594e-02,3.204813842773437500e+02
1.722002029418945312e-02,5.531886596679687500e+02
1.728224754333496094e-02,3.111339569091796875e+01
1.724386215209960938e-02,1.302915771484375000e+03
3.286600112915039062e-02,3.066135742187500000e+03
1.721906661987304688e-02,2.626118469238281250e+02
1.727795600891113281e-02,1.807322875976562500e+03
1.724791526794433594e-02,2.539438629150390625e+02
1.725196838378906250e-02,3.966075515747070312e+01
3.286623954772949219e-02,7.821634521484375000e+02
1.724576950073242188e-02,2.214875488281250000e+03
1.724600791931152344e-02,1.503465942382812500e+03
3.286933898925781250e-02,3.452002716064453125e+01
1.724314689636230469e-02,1.287246093750000000e+03
1.724052429199218750e-02,2.578513793945312500e+02
1.723361015319824219e-02,2.396813049316406250e+02
1.726174354553222656e-02,1.970593872070312500e+03
1.724648475646972656e-02,5.334627075195312500e+02
1.724720001220703125e-02,4.784230346679687500e+02
1.725482940673828125e-02,5.287362670898437500e+02
3.287577629089355469e-02,2.781503601074218750e+02
1.724147796630859375e-02,1.818253295898437500e+03
3.225708007812500000e-02,1.370644897460937500e+03
7.798671722412109375e-03,9.480829467773437500e+02
1.727890968322753906e-02,2.667007751464843750e+02
3.286957740783691406e-02,3.083530578613281250e+02
1.721572875976562500e-02,9.599575805664062500e+02
1.829552650451660156e-02,1.611547241210937500e+03
1.727390289306640625e-02,3.078639526367187500e+02
1.725125312805175781e-02,1.084905029296875000e+03
1.721978187561035156e-02,1.128330993652343750e+02
1.724720001220703125e-02,4.929295043945312500e+02
1.727175712585449219e-02,4.039921264648437500e+02
1.722311973571777344e-02,1.484163574218750000e+03
3.287172317504882812e-02,2.586291809082031250e+02
1.729512214660644531e-02,3.581018981933593750e+02
1.724624633789062500e-02,1.602068237304687500e+03
1.722502708435058594e-02,6.051218414306640625e+01
1.725196838378906250e-02,6.941057128906250000e+02
1.724052429199218750e-02,1.480158935546875000e+03
1.725578308105468750e-02,1.515808349609375000e+03
1.721429824829101562e-02,1.498434082031250000e+03
1.729559898376464844e-02,2.002450103759765625e+02
3.284692764282226562e-02,1.642177856445312500e+03
1.724767684936523438e-02,1.854914916992187500e+03
1.725125312805175781e-02,1.224160995483398438e+02
1.725029945373535156e-02,1.640784057617187500e+03
2.379560470581054688e-02,1.411174804687500000e+03
1.725268363952636719e-02,3.595276184082031250e+02
1.724767684936523438e-02,8.285401916503906250e+01
1.724648475646972656e-02,1.601957031250000000e+03
3.286838531494140625e-02,1.458483154296875000e+03
1.724767684936523438e-02,2.227211151123046875e+02
1.726841926574707031e-02,2.556789703369140625e+02
1.722693443298339844e-02,2.298639160156250000e+03
1.724672317504882812e-02,1.827379394531250000e+03
1.724743843078613281e-02,8.690874481201171875e+01
1.724791526794433594e-02,2.562460632324218750e+02
1.724720001220703125e-02,6.970350341796875000e+02
1.724720001220703125e-02,4.694310913085937500e+02
3.286743164062500000e-02,1.204470336914062500e+03
1.727437973022460938e-02,8.987390136718750000e+01
1.722788810729980469e-02,1.074590332031250000e+03
3.288912773132324219e-02,2.745000076293945312e+01
1.724696159362792969e-02,1.906327636718750000e+03
2.012252807617187500e-02,4.190644531250000000e+02
2.530121803283691406e-02,1.300865478515625000e+02
1.727795600891113281e-02,1.349572906494140625e+02
1.726126670837402344e-02,1.157091796875000000e+03
3.285121917724609375e-02,2.033466918945312500e+03
1.725411415100097656e-02,2.484209289550781250e+02
1.724219322204589844e-02,1.866455322265625000e+03
3.287601470947265625e-02,1.419867431640625000e+03
1.723980903625488281e-02,1.830370025634765625e+02
1.833081245422363281e-02,1.087371215820312500e+03
3.525924682617187500e-02,3.594039535522460938e+01
2.300286293029785156e-02,3.255607910156250000e+02
6.065607070922851562e-03,2.994489440917968750e+02
1.727962493896484375e-02,9.429020385742187500e+02
1.724982261657714844e-02,3.921141357421875000e+02
3.287243843078613281e-02,6.741895751953125000e+02
1.723766326904296875e-02,1.369057250976562500e+03
3.287506103515625000e-02,2.072119445800781250e+02
1.724147796630859375e-02,1.586560546875000000e+03
1.724886894226074219e-02,2.541295654296875000e+03
1.724958419799804688e-02,2.148845947265625000e+03
1.725578308105468750e-02,2.146362548828125000e+03
1.723814010620117188e-02,4.325485534667968750e+02
1.724767684936523438e-02,2.544620117187500000e+03
1.724767684936523438e-02,5.794528007507324219e+00
3.286552429199218750e-02,2.321517181396484375e+02
1.724720001220703125e-02,4.443142700195312500e+01
1.724910736083984375e-02,2.545946350097656250e+02
1.724958419799804688e-02,5.025829672813415527e-01
1.724553108215332031e-02,3.149911499023437500e+02
1.724767684936523438e-02,8.413793444633483887e-01
3.287291526794433594e-02,1.203308349609375000e+03
1.724553108215332031e-02,2.452555389404296875e+02
1.724481582641601562e-02,2.290667236328125000e+03
1.725101470947265625e-02,1.350134521484375000e+03
1.724195480346679688e-02,1.312746582031250000e+03
3.287458419799804688e-02,3.152556457519531250e+02
1.724004745483398438e-02,1.280046264648437500e+03
3.287076950073242188e-02,4.911184692382812500e+02
1.724624633789062500e-02,1.419892120361328125e+02
3.502392768859863281e-02,1.451568969726562500e+03
1.728129386901855469e-02,2.276440620422363281e+01
1.724433898925781250e-02,1.268389404296875000e+03
1.724100112915039062e-02,1.090823486328125000e+03
1.725721359252929688e-02,1.301703857421875000e+03
1.725172996520996094e-02,1.327188568115234375e+02
1.723313331604003906e-02,1.447880737304687500e+03
1.722741127014160156e-02,2.023114776611328125e+02
1.729583740234375000e-02,7.473347167968750000e+02
3.284978866577148438e-02,1.033695068359375000e+03
1.626014709472656250e-03,8.601697387695312500e+02
3.284668922424316406e-02,1.151634979248046875e+02
3.289031982421875000e-02,8.839647827148437500e+02
1.724910736083984375e-02,1.527798583984375000e+03
1.724767684936523438e-02,1.239742065429687500e+03
1.842093467712402344e-02,2.643135070800781250e+02
1.725459098815917969e-02,1.133472656250000000e+03
3.289675712585449219e-02,2.157031005859375000e+03
1.726913452148437500e-02,1.547326087951660156e+00
3.282237052917480469e-02,8.192152709960937500e+02
3.288912773132324219e-02,2.645785827636718750e+02
1.721954345703125000e-02,1.662176513671875000e+03
2.944755554199218750e-02,1.797738647460937500e+02
1.824307441711425781e-02,9.533724975585937500e+02
1.724720001220703125e-02,1.815167694091796875e+02
1.727366447448730469e-02,3.500229187011718750e+02
1.724767684936523438e-02,1.127026855468750000e+03
3.287339210510253906e-02,8.357093048095703125e+01
1.724672317504882812e-02,3.905620117187500000e+02
1.724338531494140625e-02,4.571090087890625000e+02
1.724076271057128906e-02,1.467357421875000000e+03
1.722931861877441406e-02,2.629609375000000000e+02
1.724505424499511719e-02,1.831037750244140625e+02
1.729536056518554688e-02,2.745067443847656250e+02
3.284788131713867188e-02,1.841956665039062500e+03
1.725673675537109375e-02,8.129441528320312500e+02
1.724028587341308594e-02,8.179526977539062500e+02
3.287363052368164062e-02,2.313099212646484375e+02
1.723408699035644531e-02,1.421462890625000000e+03
3.287672996520996094e-02,4.435074768066406250e+02
1.724481582641601562e-02,1.536244506835937500e+03
1.725077629089355469e-02,3.692873477935791016e+00
1.724910736083984375e-02,6.604822387695312500e+02
1.724720001220703125e-02,1.553445434570312500e+02
1.724696159362792969e-02,3.300021057128906250e+02
1.724839210510253906e-02,-2.438404858112335205e-01
1.724290847778320312e-02,3.270297546386718750e+02
3.287267684936523438e-02,1.433023681640625000e+03
1.724386215209960938e-02,1.236369750976562500e+03
3.287434577941894531e-02,2.118822937011718750e+02
1.722407341003417969e-02,2.714421081542968750e+02
3.288912773132324219e-02,2.690675354003906250e+01
1.721644401550292969e-02,3.826464538574218750e+02
1.726746559143066406e-02,1.127317138671875000e+03
1.726150512695312500e-02,3.120625257492065430e+00
1.724386215209960938e-02,2.448539886474609375e+02
1.723599433898925781e-02,9.483385682106018066e-01
1.726269721984863281e-02,4.711074218750000000e+02
3.286480903625488281e-02,5.669789428710937500e+02
1.724648475646972656e-02,1.234996826171875000e+03
3.287291526794433594e-02,1.490335449218750000e+03
1.721334457397460938e-02,3.657160949707031250e+02
1.727509498596191406e-02,8.456279754638671875e+01
2.230095863342285156e-02,8.812545166015625000e+02
1.506590843200683594e-02,2.223737548828125000e+03
1.727437973022460938e-02,1.830229949951171875e+02
1.724815368652343750e-02,3.246940002441406250e+02
1.725125312805175781e-02,5.026826782226562500e+02
1.723647117614746094e-02,4.371796875000000000e+02
1.725363731384277344e-02,1.016586456298828125e+02
1.626014709472656250e-03,1.292994995117187500e+03
1.865768432617187500e-02,3.197297973632812500e+02
1.727867126464843750e-02,2.943234558105468750e+02
3.286743164062500000e-02,1.881552246093750000e+03
1.722002029418945312e-02,1.046625854492187500e+03
1.727461814880371094e-02,1.428611694335937500e+03
1.975941658020019531e-02,3.908230285644531250e+02
2.594208717346191406e-02,2.474988098144531250e+02
1.836776733398437500e-02,1.512594116210937500e+03
1.727080345153808594e-02,1.834966186523437500e+03
3.284311294555664062e-02,2.978299560546875000e+02
1.726865768432617188e-02,2.741968688964843750e+02
3.285169601440429688e-02,2.418883895874023438e+01
1.626014709472656250e-03,2.127038818359375000e+03
1.723623275756835938e-02,7.856840820312500000e+02
1.834201812744140625e-02,7.213500213623046875e+01
3.290987014770507812e-02,2.359053466796875000e+03
1.723694801330566406e-02,8.357936401367187500e+02
1.724910736083984375e-02,3.580407104492187500e+02
1.723837852478027344e-02,4.348257141113281250e+02
1.724696159362792969e-02,3.019875183105468750e+02
1.724743843078613281e-02,2.067940368652343750e+02
3.287672996520996094e-02,1.287969665527343750e+02
1.725053787231445312e-02,5.612360839843750000e+02
3.286552429199218750e-02,2.539173339843750000e+03
1.724672317504882812e-02,3.511044006347656250e+02
3.286862373352050781e-02,1.509161987304687500e+02
1.724767684936523438e-02,1.250076293945312500e+03
1.721882820129394531e-02,1.365473999023437500e+03
1.724767684936523438e-02,2.759002380371093750e+02
1.724720001220703125e-02,1.515552246093750000e+03
1.728749275207519531e-02,9.322648620605468750e+01
1.724743843078613281e-02,3.699543762207031250e+01
3.285622596740722656e-02,1.336346313476562500e+03
1.724720001220703125e-02,2.748855895996093750e+02
1.726794242858886719e-02,2.509269775390625000e+03
3.284764289855957031e-02,1.229806030273437500e+03
1.726388931274414062e-02,5.397950744628906250e+01
1.723313331604003906e-02,8.504646301269531250e+01
3.285956382751464844e-02,9.580383911132812500e+02
1.626014709472656250e-03,1.872941284179687500e+03
1.722693443298339844e-02,2.205556640625000000e+03
1.724743843078613281e-02,1.311466674804687500e+03
1.726770401000976562e-02,3.750232543945312500e+02
1.724791526794433594e-02,3.812971801757812500e+02
1.724791526794433594e-02,4.182894592285156250e+02
1.724696159362792969e-02,1.956969451904296875e+02
1.724934577941894531e-02,1.759318237304687500e+03
1.724886894226074219e-02,5.943793334960937500e+02
3.287315368652343750e-02,2.606275024414062500e+02
1.724720001220703125e-02,2.431453613281250000e+03
3.287386894226074219e-02,3.021139648437500000e+03
1.724100112915039062e-02,2.969613647460937500e+02
1.725220680236816406e-02,1.538774291992187500e+03
1.725316047668457031e-02,7.799264526367187500e+02
1.722931861877441406e-02,2.241704589843750000e+03
1.724720001220703125e-02,1.653551025390625000e+03
1.724767684936523438e-02,1.921395751953125000e+03
1.722669601440429688e-02,2.000593109130859375e+02
1.726818084716796875e-02,2.417692382812500000e+03
2.575683593750000000e-02,2.041870727539062500e+03
1.766824722290039062e-02,2.324779815673828125e+02
8.240461349487304688e-03,3.177582397460937500e+02
1.727938652038574219e-02,7.219207153320312500e+02
1.723670959472656250e-02,2.635137329101562500e+02
1.725816726684570312e-02,1.481290649414062500e+03
1.723647117614746094e-02,4.567977294921875000e+02
1.724696159362792969e-02,1.714256347656250000e+03
1.724815368652343750e-02,3.472893981933593750e+02
3.287887573242187500e-02,1.460512695312500000e+02
1.726770401000976562e-02,3.172093200683593750e+02
3.284764289855957031e-02,2.332023468017578125e+02
1.724910736083984375e-02,6.297420654296875000e+02
1.724696159362792969e-02,3.291821289062500000e+02
1.723837852478027344e-02,4.962297668457031250e+02
1.725101470947265625e-02,5.524704589843750000e+02
1.726508140563964844e-02,2.164401855468750000e+03
3.412318229675292969e-02,1.717066345214843750e+02
1.729583740234375000e-02,2.585610656738281250e+02
3.284645080566406250e-02,6.949004364013671875e+01
1.724123954772949219e-02,6.372216796875000000e+02
1.724720001220703125e-02,1.956551666259765625e+02
1.724720001220703125e-02,2.702160339355468750e+02
1.626014709472656250e-03,2.069918457031250000e+03
1.722693443298339844e-02,7.202084960937500000e+02
1.727867126464843750e-02,2.111063957214355469e+01
1.723647117614746094e-02,9.898828125000000000e+01
1.722717285156250000e-02,5.659520263671875000e+02
3.290295600891113281e-02,4.330532836914062500e+02
1.831126213073730469e-02,3.037373657226562500e+02
3.291010856628417969e-02,4.852984924316406250e+02
1.722455024719238281e-02,6.194324340820312500e+02
1.723599433898925781e-02,2.309888671875000000e+03
3.289270401000976562e-02,6.811918334960937500e+02
1.725053787231445312e-02,4.196244506835937500e+02
1.725053787231445312e-02,7.687706298828125000e+02
1.724553108215332031e-02,7.723908081054687500e+02
1.721477508544921875e-02,2.009194641113281250e+02
1.727843284606933594e-02,3.119222106933593750e+02
1.723146438598632812e-02,2.185837890625000000e+03
3.288078308105468750e-02,1.911346893310546875e+02
1.726841926574707031e-02,1.196474304199218750e+02
3.286314010620117188e-02,5.717649536132812500e+02
1.720595359802246094e-02,1.304237792968750000e+03
4.185485839843750000e-02,5.497563476562500000e+02
1.295781135559082031e-02,1.830229949951171875e+02
1.726794242858886719e-02,2.073639404296875000e+03
1.722693443298339844e-02,1.445970947265625000e+03
1.724791526794433594e-02,2.443161010742187500e+02
1.726913452148437500e-02,4.501869812011718750e+02
1.724600791931152344e-02,6.247527465820312500e+02
1.724720001220703125e-02,5.618925094604492188e+01
1.725196838378906250e-02,4.607936401367187500e+02
1.724648475646972656e-02,1.290653076171875000e+02
1.724338531494140625e-02,1.587004028320312500e+03
2.473497390747070312e-02,6.621051635742187500e+02
1.939368247985839844e-02,4.841579055786132812e+01
1.727485656738281250e-02,2.364820556640625000e+02
3.284287452697753906e-02,1.322778930664062500e+02
3.289747238159179688e-02,2.418016052246093750e+01
1.724123954772949219e-02,5.611640014648437500e+02
1.725363731384277344e-02,1.078156372070312500e+03
1.724338531494140625e-02,7.166853332519531250e+01
1.725459098815917969e-02,1.231859130859375000e+03
3.286814689636230469e-02,4.425197753906250000e+02
1.724171638488769531e-02,2.023774047851562500e+03
1.724982261657714844e-02,2.202650878906250000e+03
1.724576950073242188e-02,1.701202392578125000e+03
1.724958419799804688e-02,3.145915832519531250e+02
1.721453666687011719e-02,1.321633056640625000e+03
1.727986335754394531e-02,6.853864288330078125e+01
1.724720001220703125e-02,1.265352294921875000e+03
1.724743843078613281e-02,1.483723266601562500e+03
3.287148475646972656e-02,4.488496398925781250e+01
1.724147796630859375e-02,2.472620391845703125e+02
1.725172996520996094e-02,8.893438110351562500e+02
1.721453666687011719e-02,2.238845977783203125e+02
3.289985656738281250e-02,5.550705718994140625e+01
1.724982261657714844e-02,4.572072753906250000e+02
1.729583740234375000e-02,7.090922851562500000e+02
1.716518402099609375e-02,1.620984863281250000e+03
1.726841926574707031e-02,1.789438110351562500e+03
1.727867126464843750e-02,2.304812744140625000e+03
3.281712532043457031e-02,4.488991088867187500e+02
1.729464530944824219e-02,2.121670898437500000e+03
3.284764289855957031e-02,1.557882080078125000e+03
1.724934577941894531e-02,2.610829772949218750e+02
1.724529266357421875e-02,1.175322631835937500e+03
1.724720001220703125e-02,1.879523010253906250e+02
3.412938117980957031e-02,2.717045593261718750e+02
1.730275154113769531e-02,4.497215881347656250e+02
1.722788810729980469e-02,2.372137145996093750e+02
1.723623275756835938e-02,7.516707763671875000e+02
1.724767684936523438e-02,1.196732177734375000e+03
1.726698875427246094e-02,3.626671447753906250e+02
1.720690727233886719e-02,5.800008392333984375e+01
1.726746559143066406e-02,3.086452941894531250e+02
3.287959098815917969e-02,5.514350585937500000e+02
1.725125312805175781e-02,1.427633911132812500e+03
1.725816726684570312e-02,4.947075805664062500e+02
3.391790390014648438e-02,4.753197021484375000e+02
1.729726791381835938e-02,1.194020507812500000e+03
3.282546997070312500e-02,2.760875854492187500e+02
1.727271080017089844e-02,6.984509277343750000e+02
1.724672317504882812e-02,1.658348693847656250e+02
3.286886215209960938e-02,5.614148559570312500e+02
3.447055816650390625e-02,6.314886093139648438e+01
1.413607597351074219e-02,7.468779907226562500e+02
1.727890968322753906e-02,2.074851531982421875e+02
1.724767684936523438e-02,4.625491333007812500e+02
1.725029945373535156e-02,6.465684814453125000e+02
1.724600791931152344e-02,1.525252990722656250e+02
1.724553108215332031e-02,9.524868774414062500e+02
1.726460456848144531e-02,3.121681518554687500e+02
3.284811973571777344e-02,2.114069976806640625e+02
1.726293563842773438e-02,1.445502685546875000e+03
3.285932540893554688e-02,1.496174468994140625e+02
1.724243164062500000e-02,7.301358032226562500e+01
1.724839210510253906e-02,3.456429138183593750e+02
3.287315368652343750e-02,1.461078979492187500e+03
1.724123954772949219e-02,2.669153747558593750e+02
1.724886894226074219e-02,6.297662963867187500e+02
1.724863052368164062e-02,3.156992187500000000e+02
1.725077629089355469e-02,7.625265502929687500e+02
1.724433898925781250e-02,2.522875244140625000e+03
1.723623275756835938e-02,1.214030761718750000e+03
1.722693443298339844e-02,2.403632812500000000e+02
1.726746559143066406e-02,1.706452148437500000e+03
1.725387573242187500e-02,1.672786865234375000e+03
3.284311294555664062e-02,5.997592163085937500e+02
1.727294921875000000e-02,6.608838500976562500e+02
1.724958419799804688e-02,2.721852416992187500e+02
1.725578308105468750e-02,2.596111450195312500e+02
1.724219322204589844e-02,8.744776000976562500e+02
1.726365089416503906e-02,2.683810424804687500e+02
3.284764289855957031e-02,1.897140258789062500e+03
1.724672317504882812e-02,3.498107604980468750e+02
1.724767684936523438e-02,1.416189331054687500e+03
1.725149154663085938e-02,4.330000610351562500e+02
1.724743843078613281e-02,1.625330078125000000e+03
1.726126670837402344e-02,7.165152587890625000e+02
1.723217964172363281e-02,8.522545776367187500e+02
1.721739768981933594e-02,1.128890014648437500e+03
1.724767684936523438e-02,3.840115051269531250e+02
3.290247917175292969e-02,4.995288467407226562e+01
1.724720001220703125e-02,1.276715087890625000e+03
1.721405982971191406e-02,2.993285217285156250e+02
3.287053108215332031e-02,1.428703002929687500e+03
1.724433898925781250e-02,3.006212158203125000e+02
1.724839210510253906e-02,1.901038208007812500e+03
1.724767684936523438e-02,1.022414001464843750e+03
2.926111221313476562e-02,1.777844360351562500e+03
1.027750968933105469e-02,1.830614379882812500e+03
1.724815368652343750e-02,2.444317016601562500e+02
1.727938652038574219e-02,2.134042480468750000e+03
1.724720001220703125e-02,2.026356323242187500e+03
1.724720001220703125e-02,1.458656738281250000e+03
1.724815368652343750e-02,2.398702392578125000e+03
1.724195480346679688e-02,4.436758422851562500e+02
1.724863052368164062e-02,1.546634643554687500e+03
3.287267684936523438e-02,7.534410400390625000e+02
2.495908737182617188e-02,1.061243820190429688e+02
2.115511894226074219e-02,2.620903015136718750e+02
1.727533340454101562e-02,4.817786865234375000e+02
1.721811294555664062e-02,8.483924102783203125e+01
3.290081024169921875e-02,2.511370697021484375e+02
1.724243164062500000e-02,2.123649139404296875e+02
1.722407341003417969e-02,3.361927490234375000e+02
3.289222717285156250e-02,7.518972754478454590e-01
1.725411415100097656e-02,2.208849182128906250e+02
1.726341247558593750e-02,3.745050964355468750e+02
3.284430503845214844e-02,3.721231079101562500e+02
1.835203170776367188e-02,1.258399429321289062e+02
1.727271080017089844e-02,1.346484222412109375e+02
1.724720001220703125e-02,3.776929016113281250e+02
1.725888252258300781e-02,3.590203857421875000e+02
3.286910057067871094e-02,1.876428710937500000e+03
1.724338531494140625e-02,2.665732116699218750e+02
1.723933219909667969e-02,2.402384521484375000e+03
1.722717285156250000e-02,1.431257446289062500e+03
1.726746559143066406e-02,5.850929565429687500e+02
1.724743843078613281e-02,2.121933135986328125e+02
1.724720001220703125e-02,4.539495239257812500e+02
1.626014709472656250e-03,nan
1.722717285156250000e-02,5.200913696289062500e+02
1.726770401000976562e-02,1.907564453125000000e+03
1.722693443298339844e-02,4.980316162109375000e+02
3.289675712585449219e-02,2.264101318359375000e+03
1.726746559143066406e-02,5.181124114990234375e+01
3.282094001770019531e-02,2.108905029296875000e+02
1.726722717285156250e-02,1.358447570800781250e+02
1.725959777832031250e-02,1.770590087890625000e+03
1.724648475646972656e-02,9.334500732421875000e+02
1.726698875427246094e-02,1.994543334960937500e+03
3.284406661987304688e-02,3.881791992187500000e+02
1.726913452148437500e-02,7.524760131835937500e+02
1.722931861877441406e-02,1.192345092773437500e+03
3.286719322204589844e-02,1.869672485351562500e+03
1.724743843078613281e-02,4.416162109375000000e+02
1.724910736083984375e-02,5.595762329101562500e+02
1.725053787231445312e-02,1.757121704101562500e+03
1.697206497192382812e-02,6.001785278320312500e+02
1.727056503295898438e-02,3.844999389648437500e+02
1.722812652587890625e-02,4.611785507202148438e+01
1.726651191711425781e-02,2.593797302246093750e+02
1.722812652587890625e-02,1.374000072479248047e+00
1.727056503295898438e-02,4.327052001953125000e+02
1.722526550292968750e-02,2.256350585937500000e+03
3.286623954772949219e-02,4.078838195800781250e+02
1.724743843078613281e-02,1.695898681640625000e+03
1.727485656738281250e-02,2.283436126708984375e+02
1.725006103515625000e-02,1.781599578857421875e+02
3.287291526794433594e-02,2.203329772949218750e+02
1.724123954772949219e-02,5.699647216796875000e+02
3.287196159362792969e-02,1.581239624023437500e+03
2.328157424926757812e-02,1.089134765625000000e+03
1.131916046142578125e-02,8.196318969726562500e+02
1.726841926574707031e-02,4.378335266113281250e+02
1.725339889526367188e-02,2.024676818847656250e+02
1.724791526794433594e-02,6.512242126464843750e+01
1.724720001220703125e-02,1.490921020507812500e+03
1.835584640502929688e-02,2.111899871826171875e+02
1.728200912475585938e-02,5.810152587890625000e+02
3.286981582641601562e-02,3.002244873046875000e+02
1.724290847778320312e-02,3.409829101562500000e+02
3.284001350402832031e-02,1.386719970703125000e+03
1.724791526794433594e-02,2.715439758300781250e+02
1.727390289306640625e-02,8.982045898437500000e+02
1.724839210510253906e-02,1.364455932617187500e+03
1.721954345703125000e-02,6.424133300781250000e+02
3.286814689636230469e-02,1.025623535156250000e+03
1.728010177612304688e-02,2.168371734619140625e+02
1.726531982421875000e-02,8.887464599609375000e+02
3.284668922424316406e-02,1.930566772460937500e+03
1.726245880126953125e-02,4.216100463867187500e+02
1.839041709899902344e-02,1.854305908203125000e+03
1.727724075317382812e-02,3.109295654296875000e+02
1.725053787231445312e-02,6.252572631835937500e+02
1.723766326904296875e-02,1.757089599609375000e+03
1.724720001220703125e-02,5.446845703125000000e+02
1.724791526794433594e-02,3.937799987792968750e+02
1.725769042968750000e-02,1.469277099609375000e+03
3.286910057067871094e-02,2.308825073242187500e+02
1.724386215209960938e-02,2.851835205078125000e+03
1.721906661987304688e-02,1.037200805664062500e+03
1.726794242858886719e-02,1.086202026367187500e+03
1.724767684936523438e-02,1.477483673095703125e+02
1.834416389465332031e-02,2.518300018310546875e+02
1.727032661437988281e-02,2.164939697265625000e+03
1.722717285156250000e-02,6.763593292236328125e+01
3.290081024169921875e-02,1.821551391601562500e+03
1.721549034118652344e-02,6.564361572265625000e+01
1.726722717285156250e-02,1.898359497070312500e+03
3.287601470947265625e-02,2.028950317382812500e+03
1.726818084716796875e-02,4.457608642578125000e+02
3.284788131713867188e-02,5.724705200195312500e+02
1.726293563842773438e-02,2.778772888183593750e+02
3.285431861877441406e-02,1.662827636718750000e+03
1.726174354553222656e-02,1.460473022460937500e+03
3.272581100463867188e-02,4.921195373535156250e+02
4.286527633666992188e-03,1.800781616210937500e+03
1.728463172912597656e-02,2.933400268554687500e+02
1.721048355102539062e-02,7.609850463867187500e+02
3.290486335754394531e-02,1.988001708984375000e+02
1.724100112915039062e-02,1.511769653320312500e+03
1.724791526794433594e-02,2.371328430175781250e+02
3.287529945373535156e-02,1.003152282714843750e+03
2.786207199096679688e-02,2.065250701904296875e+02
1.715469360351562500e-02,9.257569580078125000e+02
1.727581024169921875e-02,1.982885375976562500e+03
1.725172996520996094e-02,2.173481903076171875e+02
1.726698875427246094e-02,7.494915161132812500e+02
3.284502029418945312e-02,5.022293472290039062e+01
1.726102828979492188e-02,2.720600280761718750e+02
3.282713890075683594e-02,2.617932434082031250e+02
1.727747917175292969e-02,8.876884460449218750e+01
3.283882141113281250e-02,2.180947113037109375e+01
1.727581024169921875e-02,1.422328247070312500e+03
3.287386894226074219e-02,5.440578613281250000e+02
1.724290847778320312e-02,3.394822998046875000e+02
1.724910736083984375e-02,1.326800292968750000e+03
1.721596717834472656e-02,2.055990478515625000e+03
1.724743843078613281e-02,3.851265869140625000e+02
1.726746559143066406e-02,2.214288177490234375e+02
1.724767684936523438e-02,1.464028198242187500e+03
1.725411415100097656e-02,1.781321655273437500e+03
1.724815368652343750e-02,6.175802612304687500e+02
1.724767684936523438e-02,1.633485229492187500e+03
1.724696159362792969e-02,3.076618957519531250e+02
3.287291526794433594e-02,4.026019573211669922e+00
1.724362373352050781e-02,1.860455444335937500e+03
3.287196159362792969e-02,8.814840698242187500e+01
1.725697517395019531e-02,4.257942199707031250e+02
1.720619201660156250e-02,2.484087646484375000e+03
1.724743843078613281e-02,2.869018798828125000e+03
1.727008819580078125e-02,1.298317871093750000e+03
1.727509498596191406e-02,9.841219482421875000e+02
1.724982261657714844e-02,1.362382202148437500e+03
1.724886894226074219e-02,8.006071777343750000e+02
1.721978187561035156e-02,-7.620015144348144531e-01
1.725435256958007812e-02,3.564353942871093750e+00
1.726436614990234375e-02,6.993840026855468750e+01
1.722836494445800781e-02,1.842512969970703125e+02
1.724720001220703125e-02,2.351362228393554688e+01
1.726579666137695312e-02,1.051564712524414062e+02
3.284549713134765625e-02,2.613646545410156250e+02
1.726651191711425781e-02,1.997956542968750000e+03
1.845216751098632812e-02,1.383355957031250000e+03
1.727128028869628906e-02,8.465620117187500000e+02
1.724648475646972656e-02,1.957200561523437500e+03
1.725864410400390625e-02,2.358737792968750000e+03
1.724982261657714844e-02,1.202023437500000000e+03
1.724553108215332031e-02,3.456936645507812500e+02
3.287053108215332031e-02,2.294277832031250000e+03
1.724147796630859375e-02,2.222129364013671875e+02
3.287267684936523438e-02,8.352273559570312500e+02
1.724624633789062500e-02,2.118764404296875000e+03
1.723670959472656250e-02,2.331077392578125000e+03
1.835083961486816406e-02,1.131374023437500000e+03
1.724958419799804688e-02,1.811693115234375000e+03
1.728820800781250000e-02,2.061976013183593750e+02
3.547716140747070312e-02,6.715015888214111328e+00
1.344013214111328125e-02,2.654524536132812500e+02
3.289580345153808594e-02,6.628673706054687500e+02
1.726126670837402344e-02,4.239441528320312500e+02
3.285241127014160156e-02,8.192068481445312500e+02
1.724910736083984375e-02,9.274614715576171875e+01
1.724767684936523438e-02,7.070490112304687500e+02
1.724839210510253906e-02,1.065923217773437500e+03
1.725077629089355469e-02,1.799020996093750000e+03
3.286600112915039062e-02,7.290421142578125000e+02
1.721739768981933594e-02,2.371404724121093750e+02
3.290033340454101562e-02,3.447348937988281250e+02
1.724267005920410156e-02,1.768829956054687500e+02
1.721978187561035156e-02,9.565450439453125000e+02
1.726055145263671875e-02,1.427810791015625000e+03
3.288817405700683594e-02,1.584875488281250000e+02
1.724195480346679688e-02,1.740217437744140625e+02
1.725363731384277344e-02,3.993289489746093750e+02
1.724529266357421875e-02,2.091487792968750000e+03
1.724743843078613281e-02,1.327711791992187500e+03
1.724839210510253906e-02,3.432405090332031250e+02
1.725029945373535156e-02,2.116331054687500000e+03
1.724457740783691406e-02,3.125991821289062500e+02
1.722669601440429688e-02,4.887882995605468750e+02
1.728343963623046875e-02,5.010844726562500000e+02
1.722908020019531250e-02,1.991275024414062500e+03
3.286838531494140625e-02,4.320421981811523438e+01
1.723957061767578125e-02,8.917169189453125000e+02
1.727724075317382812e-02,2.945347290039062500e+02
1.721596717834472656e-02,2.922415771484375000e+02
3.288030624389648438e-02,1.374656524658203125e+02
1.724362373352050781e-02,7.846787719726562500e+02
1.729965209960937500e-02,1.991676757812500000e+03
3.281927108764648438e-02,2.463208496093750000e+03
1.726722717285156250e-02,1.033017578125000000e+03
3.284645080566406250e-02,6.913346862792968750e+01
1.723933219909667969e-02,3.559253234863281250e+02
1.727461814880371094e-02,9.296804199218750000e+02
1.723027229309082031e-02,6.106603393554687500e+02
1.724696159362792969e-02,9.250356445312500000e+02
1.725316047668457031e-02,1.490771484375000000e+03
1.724481582641601562e-02,3.186363220214843750e+02
1.724576950073242188e-02,1.418700683593750000e+03
1.724839210510253906e-02,1.629297363281250000e+03
3.556108474731445312e-02,1.184283447265625000e+02
1.936101913452148438e-02,3.471074218750000000e+03
1.820468902587890625e-02,5.425211791992187500e+02
1.865792274475097656e-02,2.843917968750000000e+03
2.641177177429199219e-02,1.726549804687500000e+03
2.335596084594726562e-02,7.254609985351562500e+02
1.877212524414062500e-02,4.261144104003906250e+02
1.858305931091308594e-02,4.397557678222656250e+02
2.506327629089355469e-02,2.126660156250000000e+03
2.025508880615234375e-02,1.382692382812500000e+03
1.426577568054199219e-02,9.837871704101562500e+02
1.727962493896484375e-02,3.754515380859375000e+02
1.726531982421875000e-02,5.877153778076171875e+01
3.452706336975097656e-02,4.424962234497070312e+01
1.727676391601562500e-02,2.841833496093750000e+02
1.725172996520996094e-02,6.047582397460937500e+02
1.724791526794433594e-02,2.760160522460937500e+02
1.626014709472656250e-03,1.769490051269531250e+02
3.286600112915039062e-02,5.520325088500976562e+01
1.724743843078613281e-02,2.050232177734375000e+03
1.725220680236816406e-02,1.301020385742187500e+03
3.950285911560058594e-02,2.468734502792358398e+00
3.007078170776367188e-02,1.452999973297119141e+01
2.298259735107421875e-02,4.089100952148437500e+02
1.830720901489257812e-02,1.247657226562500000e+03
1.848506927490234375e-02,2.486289672851562500e+02
2.475357055664062500e-02,1.088629882812500000e+03
2.180624008178710938e-02,8.024005737304687500e+02
1.874613761901855469e-02,9.034544067382812500e+02
2.487969398498535156e-02,7.049840698242187500e+02
2.417993545532226562e-02,2.042899322509765625e+01
1.719164848327636719e-02,1.471849731445312500e+03
1.776552200317382812e-02,9.214427185058593750e+01
1.821470260620117188e-02,4.647900695800781250e+02
1.727008819580078125e-02,3.754005432128906250e+02
1.626014709472656250e-03,4.560516738891601562e+01
1.724553108215332031e-02,1.459882446289062500e+03
3.288769721984863281e-02,7.880598144531250000e+02
1.723670959472656250e-02,3.760706176757812500e+02
1.724934577941894531e-02,1.949196166992187500e+03
1.723670959472656250e-02,1.710557006835937500e+03
1.724863052368164062e-02,8.886052856445312500e+02
1.722669601440429688e-02,1.815054809570312500e+03
3.289794921875000000e-02,4.568733978271484375e+01
1.724648475646972656e-02,1.766979980468750000e+02
1.724934577941894531e-02,3.133862304687500000e+02
3.286695480346679688e-02,8.935008239746093750e+01
1.724982261657714844e-02,3.430111083984375000e+02
1.724576950073242188e-02,6.514051818847656250e+01
1.725172996520996094e-02,1.481940612792968750e+02
1.724433898925781250e-02,1.149169540405273438e+02
1.724696159362792969e-02,9.432138061523437500e+01
1.724815368652343750e-02,2.032697753906250000e+03
3.286552429199218750e-02,7.401560211181640625e+01
1.724720001220703125e-02,1.403706970214843750e+02
1.724934577941894531e-02,1.354498535156250000e+03
1.724791526794433594e-02,2.098399658203125000e+03
1.724791526794433594e-02,7.171427612304687500e+02
1.724696159362792969e-02,2.510522705078125000e+03
1.725268363952636719e-02,4.653361816406250000e+02
1.724219322204589844e-02,5.640875244140625000e+02
1.724696159362792969e-02,1.115711181640625000e+03
2.821183204650878906e-02,1.586511474609375000e+03
1.802158355712890625e-02,1.017157470703125000e+03
8.167982101440429688e-03,4.639350891113281250e+01
1.727938652038574219e-02,1.342202148437500000e+03
1.724720001220703125e-02,5.529803848266601562e+01
3.286862373352050781e-02,1.402382812500000000e+03
1.724743843078613281e-02,1.003479766845703125e+02
3.286910057067871094e-02,1.274385498046875000e+03
1.721596717834472656e-02,1.040127944946289062e+02
3.290033340454101562e-02,1.495108642578125000e+03
1.721668243408203125e-02,4.252020263671875000e+02
1.837110519409179688e-02,1.481542396545410156e+01
3.290081024169921875e-02,6.731214599609375000e+02
1.724600791931152344e-02,1.983916748046875000e+03
1.724672317504882812e-02,6.177377319335937500e+02
1.724314689636230469e-02,3.324666442871093750e+02
1.724576950073242188e-02,1.145751098632812500e+03
1.626014709472656250e-03,2.652911567687988281e+01
3.287720680236816406e-02,3.320704345703125000e+02
1.724696159362792969e-02,1.933535644531250000e+03
1.721882820129394531e-02,4.127572937011718750e+02
1.727867126464843750e-02,2.979953002929687500e+02
1.724886894226074219e-02,1.915253540039062500e+03
1.724743843078613281e-02,2.634820068359375000e+03
1.724767684936523438e-02,1.997290191650390625e+02
1.723408699035644531e-02,2.160799560546875000e+03
2.005362510681152344e-02,8.392440185546875000e+02
1.727652549743652344e-02,1.768801879882812500e+02
1.724696159362792969e-02,8.223721313476562500e+02
1.722192764282226562e-02,1.791542114257812500e+03
1.724624633789062500e-02,1.352498321533203125e+02
1.726818084716796875e-02,2.140461273193359375e+02
1.724672317504882812e-02,1.744226684570312500e+02
1.725864410400390625e-02,4.733188629150390625e+01
1.724743843078613281e-02,1.941617889404296875e+02
1.721620559692382812e-02,8.183281860351562500e+02
1.724720001220703125e-02,2.052867187500000000e+03
1.726746559143066406e-02,4.332339782714843750e+02
1.724743843078613281e-02,3.770469055175781250e+02
1.827979087829589844e-02,6.213872680664062500e+02
1.725006103515625000e-02,2.839383697509765625e+01
3.289651870727539062e-02,1.838719970703125000e+03
1.725101470947265625e-02,1.587314941406250000e+03
1.726508140563964844e-02,3.741711120605468750e+02
3.284645080566406250e-02,1.036175537109375000e+03
1.726579666137695312e-02,2.216427490234375000e+03
1.723146438598632812e-02,1.158006469726562500e+03
1.724576950073242188e-02,1.646522094726562500e+03
1.724076271057128906e-02,3.408149414062500000e+02
4.001951217651367188e-02,3.569881591796875000e+02
1.316022872924804688e-02,2.076945037841796875e+02
1.849222183227539062e-02,1.095878784179687500e+03
1.725029945373535156e-02,2.094890022277832031e+01
1.724696159362792969e-02,4.117020874023437500e+02
1.727867126464843750e-02,1.747645263671875000e+03
1.724767684936523438e-02,9.730217285156250000e+02
2.084755897521972656e-02,6.648580322265625000e+02
1.678442955017089844e-02,5.719084472656250000e+02
2.036976814270019531e-02,1.384001098632812500e+03
1.724386215209960938e-02,6.555105590820312500e+02
3.287649154663085938e-02,1.075092697143554688e+02
1.724195480346679688e-02,1.427468139648437500e+03
1.725149154663085938e-02,2.723053222656250000e+03
1.831626892089843750e-02,1.435299560546875000e+03
1.727628707885742188e-02,5.718959350585937500e+02
1.726388931274414062e-02,2.757564697265625000e+02
1.724481582641601562e-02,1.384601593017578125e+02
3.285574913024902344e-02,2.569471740722656250e+02
1.726031303405761719e-02,3.137524719238281250e+02
3.420186042785644531e-02,2.033471679687500000e+02
1.721858978271484375e-02,1.579982177734375000e+03
1.728105545043945312e-02,1.580725708007812500e+03
3.286194801330566406e-02,1.699688873291015625e+02
1.726865768432617188e-02,9.690020751953125000e+02
3.284955024719238281e-02,5.628544921875000000e+02
1.726150512695312500e-02,3.529072998046875000e+03
3.285384178161621094e-02,8.368138122558593750e+01
1.723909378051757812e-02,1.626154785156250000e+02
1.834988594055175781e-02,4.174945678710937500e+02
1.727366447448730469e-02,1.583031127929687500e+03
1.626014709472656250e-03,1.259257934570312500e+03
1.725292205810546875e-02,7.087040405273437500e+02
1.721787452697753906e-02,7.824246215820312500e+02
1.726841926574707031e-02,1.590698486328125000e+03
1.725792884826660156e-02,5.316151809692382812e+01
1.723623275756835938e-02,5.125505371093750000e+02
3.287768363952636719e-02,3.109763183593750000e+02
1.724958419799804688e-02,6.041052856445312500e+02
3.287100791931152344e-02,2.242085205078125000e+03
1.724267005920410156e-02,1.537135498046875000e+03
3.287076950073242188e-02,2.129721191406250000e+03
1.724696159362792969e-02,1.333432739257812500e+03
3.235554695129394531e-02,8.220844726562500000e+02
2.303338050842285156e-02,2.154201660156250000e+03
2.557182312011718750e-02,1.986470336914062500e+03
2.374649047851562500e-02,3.376292724609375000e+02
1.762032508850097656e-02,8.040399169921875000e+02
1.864814758300781250e-02,1.567655395507812500e+03
1.838064193725585938e-02,1.755322875976562500e+03
1.741671562194824219e-02,1.389242065429687500e+03
1.721763610839843750e-02,1.639026031494140625e+02
1.330089569091796875e-02,4.699015197753906250e+02
1.728129386901855469e-02,6.963125000000000000e+02
2.129769325256347656e-02,1.769100036621093750e+02
1.830673217773437500e-02,3.303383789062500000e+02
1.883482933044433594e-02,2.333245605468750000e+03
1.736092567443847656e-02,1.391785766601562500e+03
1.830267906188964844e-02,2.698746032714843750e+02
1.835536956787109375e-02,7.786481323242187500e+02
1.860117912292480469e-02,2.266031188964843750e+02
1.834607124328613281e-02,3.367399902343750000e+03
2.663636207580566406e-02,1.821279663085937500e+03
7.902145385742187500e-03,1.032347290039062500e+03
3.286957740783691406e-02,1.286829681396484375e+02
1.727819442749023438e-02,2.039274536132812500e+03
1.725983619689941406e-02,9.017465972900390625e+01
3.285169601440429688e-02,3.690841064453125000e+02
1.724696159362792969e-02,3.610403137207031250e+02
1.724767684936523438e-02,1.149346313476562500e+03
1.725244522094726562e-02,1.624257690429687500e+03
1.726102828979492188e-02,2.700786437988281250e+02
3.285002708435058594e-02,7.155706787109375000e+02
1.725196838378906250e-02,1.718650512695312500e+02
1.724791526794433594e-02,3.323312683105468750e+02
1.721572875976562500e-02,1.390440429687500000e+03
1.724743843078613281e-02,1.582086914062500000e+03
1.724696159362792969e-02,1.536978027343750000e+03
1.724720001220703125e-02,2.516902542114257812e+01
1.728057861328125000e-02,2.063383483886718750e+02
1.724076271057128906e-02,4.300058288574218750e+02
1.725578308105468750e-02,6.291507568359375000e+02
1.721215248107910156e-02,1.975055847167968750e+02
1.724767684936523438e-02,2.051010742187500000e+02
1.727938652038574219e-02,4.752722473144531250e+02
1.724410057067871094e-02,1.224286376953125000e+03
1.724195480346679688e-02,3.191940307617187500e+02
1.724410057067871094e-02,1.855043823242187500e+03
3.288149833679199219e-02,2.407976722717285156e+01
1.724338531494140625e-02,2.962559082031250000e+03
1.722598075866699219e-02,7.480999755859375000e+01
3.289222717285156250e-02,5.793175659179687500e+02
1.724123954772949219e-02,1.715600585937500000e+03
3.287458419799804688e-02,2.084998046875000000e+03
1.724410057067871094e-02,7.480999755859375000e+01
1.724123954772949219e-02,7.073646850585937500e+02
1.724600791931152344e-02,6.526558837890625000e+02
1.725602149963378906e-02,1.930312988281250000e+03
1.724934577941894531e-02,3.528180236816406250e+02
1.724672317504882812e-02,9.860639648437500000e+02
1.724791526794433594e-02,3.413167724609375000e+03
1.724743843078613281e-02,3.751322326660156250e+02
1.724743843078613281e-02,1.771777954101562500e+03
1.721549034118652344e-02,4.396953125000000000e+02
1.724886894226074219e-02,5.304370117187500000e+02
3.286957740783691406e-02,1.850051269531250000e+03
1.727294921875000000e-02,1.149467285156250000e+03
1.722025871276855469e-02,5.999044189453125000e+02
1.729726791381835938e-02,2.598017883300781250e+02
1.725172996520996094e-02,7.077346191406250000e+02
2.741765975952148438e-02,6.324597167968750000e+01
1.522254943847656250e-02,2.551675872802734375e+02
1.727914810180664062e-02,8.183825683593750000e+02
1.725149154663085938e-02,1.456089843750000000e+03
1.724362373352050781e-02,9.029735107421875000e+02
1.724100112915039062e-02,1.830169982910156250e+02
1.887798309326171875e-02,1.364883056640625000e+03
1.784348487854003906e-02,4.343319396972656250e+02
2.141571044921875000e-02,3.511161376953125000e+03
1.724290847778320312e-02,4.797432556152343750e+02
3.287243843078613281e-02,1.060939331054687500e+03
1.724672317504882812e-02,4.113049011230468750e+02
1.723670959472656250e-02,2.538494384765625000e+03
1.626014709472656250e-03,1.769720001220703125e+02
3.288221359252929688e-02,1.094963989257812500e+03
1.724219322204589844e-02,3.247925720214843750e+02
3.287053108215332031e-02,2.434835243225097656e+01
1.861786842346191406e-02,9.055079956054687500e+02
1.730108261108398438e-02,1.913614807128906250e+02
3.284907341003417969e-02,3.017920227050781250e+02
1.725935935974121094e-02,2.095704345703125000e+03
1.720619201660156250e-02,4.555599365234375000e+02
1.727747917175292969e-02,5.650889282226562500e+02
1.724743843078613281e-02,1.081371536254882812e+02
3.286623954772949219e-02,6.264794921875000000e+02
1.724576950073242188e-02,6.888078308105468750e+01
1.725316047668457031e-02,3.255083312988281250e+02
1.724576950073242188e-02,2.628037109375000000e+02
1.832747459411621094e-02,2.844177246093750000e+02
3.288435935974121094e-02,2.583917846679687500e+02
1.726317405700683594e-02,1.164710937500000000e+03
3.287553787231445312e-02,5.931293945312500000e+02
1.721239089965820312e-02,1.816601753234863281e+01
1.728272438049316406e-02,7.157225952148437500e+02
1.724314689636230469e-02,7.547302856445312500e+02
1.721668243408203125e-02,2.821452392578125000e+03
1.727771759033203125e-02,7.990552520751953125e+01
1.724791526794433594e-02,2.200776855468750000e+03
1.724958419799804688e-02,7.157000064849853516e+00
1.723337173461914062e-02,4.821345520019531250e+02
1.724791526794433594e-02,5.808582153320312500e+02
3.287959098815917969e-02,1.046777832031250000e+03
1.725625991821289062e-02,1.781395874023437500e+02
3.286337852478027344e-02,1.275290405273437500e+03
1.721358299255371094e-02,4.523034362792968750e+02
1.724600791931152344e-02,9.299683837890625000e+02
1.727437973022460938e-02,1.613302856445312500e+03
1.724362373352050781e-02,2.074281982421875000e+03
1.724481582641601562e-02,1.226777465820312500e+03
1.724767684936523438e-02,1.830829925537109375e+02
1.725769042968750000e-02,6.138271484375000000e+02
1.724982261657714844e-02,4.992963027954101562e+01
1.724576950073242188e-02,4.215535278320312500e+02
1.721525192260742188e-02,2.942613525390625000e+02
1.725077629089355469e-02,7.311654052734375000e+02
3.289628028869628906e-02,1.356828491210937500e+03
1.724457740783691406e-02,3.913052368164062500e+02
1.723957061767578125e-02,1.566218627929687500e+03
1.722717285156250000e-02,6.672779541015625000e+02
1.724624633789062500e-02,1.689663696289062500e+03
1.726841926574707031e-02,1.131741333007812500e+02
2.572226524353027344e-02,1.441109985351562500e+03
1.758098602294921875e-02,1.468576660156250000e+03
2.371931076049804688e-02,4.332300109863281250e+02
1.724362373352050781e-02,3.329736633300781250e+02
3.287267684936523438e-02,1.690595245361328125e+01
1.724934577941894531e-02,1.972735443115234375e+02
3.286337852478027344e-02,1.468321228027343750e+02
1.722264289855957031e-02,7.250985717773437500e+02
3.289389610290527344e-02,6.829713821411132812e+00
1.724743843078613281e-02,2.479848144531250000e+03
1.725363731384277344e-02,9.451797485351562500e+02
1.724648475646972656e-02,4.546638793945312500e+02
1.724433898925781250e-02,6.528100585937500000e+02
1.725029945373535156e-02,6.521764526367187500e+02
1.723384857177734375e-02,1.556022705078125000e+03
3.287744522094726562e-02,2.096209228515625000e+03
1.724600791931152344e-02,1.737810058593750000e+02
1.724886894226074219e-02,4.235523376464843750e+02
1.725101470947265625e-02,0.000000000000000000e+00
1.723408699035644531e-02,2.051547698974609375e+02
1.724791526794433594e-02,1.259939208984375000e+03
1.722693443298339844e-02,1.828152008056640625e+02
1.726770401000976562e-02,1.642679565429687500e+03
1.724696159362792969e-02,4.558505554199218750e+02
1.724743843078613281e-02,8.371516418457031250e+01
1.724720001220703125e-02,2.306021484375000000e+03
1.726794242858886719e-02,4.661833496093750000e+02
1.724672317504882812e-02,7.709467773437500000e+02
1.725554466247558594e-02,3.951782836914062500e+02
3.284811973571777344e-02,9.896882324218750000e+02
2.075457572937011719e-02,1.635064697265625000e+03
1.729202270507812500e-02,1.152911010742187500e+03
1.723837852478027344e-02,2.904273986816406250e+02
1.724743843078613281e-02,1.355182983398437500e+03
1.726651191711425781e-02,8.773621215820312500e+02
3.284525871276855469e-02,1.962873382568359375e+02
1.724886894226074219e-02,2.316347808837890625e+02
1.724720001220703125e-02,1.342849243164062500e+03
3.286910057067871094e-02,5.038810119628906250e+02
1.724672317504882812e-02,7.590397949218750000e+02
1.725649833679199219e-02,6.805497436523437500e+02
1.832628250122070312e-02,1.217207031250000000e+02
1.727128028869628906e-02,8.050682983398437500e+02
1.724600791931152344e-02,8.654891357421875000e+02
1.724767684936523438e-02,9.471664428710937500e+02
1.722741127014160156e-02,2.389785194396972656e+01
1.724743843078613281e-02,1.623841552734375000e+03
1.727414131164550781e-02,6.140630493164062500e+02
1.722097396850585938e-02,5.830796813964843750e+01
1.726675033569335938e-02,2.741722717285156250e+02
3.331089019775390625e-02,1.266395385742187500e+03
6.709337234497070312e-03,4.406482849121093750e+02
1.727890968322753906e-02,2.582880554199218750e+02
1.725482940673828125e-02,2.165231781005859375e+02
3.724217414855957031e-02,1.172604293823242188e+02
1.818108558654785156e-02,6.622271118164062500e+02
1.726436614990234375e-02,3.101364440917968750e+02
3.288078308105468750e-02,4.412559509277343750e+02
1.723909378051757812e-02,1.410183620452880859e+01
1.727509498596191406e-02,7.754943237304687500e+02
3.284764289855957031e-02,4.516549987792968750e+02
1.724171638488769531e-02,1.969367218017578125e+02
1.724696159362792969e-02,2.096804199218750000e+02
1.725316047668457031e-02,1.753238281250000000e+03
1.726484298706054688e-02,2.259697570800781250e+02
3.285598754882812500e-02,6.406744384765625000e+02
1.725935935974121094e-02,1.325300025939941406e+01
3.285264968872070312e-02,5.773354492187500000e+02
1.725101470947265625e-02,5.671090698242187500e+02
1.724743843078613281e-02,9.955233154296875000e+02
3.286647796630859375e-02,1.854527435302734375e+02
1.724624633789062500e-02,2.322129394531250000e+03
3.287482261657714844e-02,1.765094909667968750e+02
1.721405982971191406e-02,1.585259155273437500e+03
1.726746559143066406e-02,6.437087402343750000e+02
1.722693443298339844e-02,1.382087646484375000e+03
1.726770401000976562e-02,3.693269653320312500e+02
1.722693443298339844e-02,2.407691574096679688e+01
1.726889610290527344e-02,3.198358886718750000e+03
1.725721359252929688e-02,4.949776000976562500e+02
1.721596717834472656e-02,2.438568603515625000e+03
3.286886215209960938e-02,1.056683471679687500e+03
1.096630096435546875e-02,2.202379638671875000e+03
1.725029945373535156e-02,1.398779052734375000e+03
1.724743843078613281e-02,1.448079956054687500e+03
1.727509498596191406e-02,1.197761718750000000e+03
1.724600791931152344e-02,2.256384887695312500e+02
1.722073554992675781e-02,8.156637573242187500e+02
1.727056503295898438e-02,3.041919898986816406e+01
1.724410057067871094e-02,2.137191894531250000e+03
3.287768363952636719e-02,1.494217529296875000e+02
1.724648475646972656e-02,1.514763061523437500e+03
1.725172996520996094e-02,1.101957778930664062e+02
1.724576950073242188e-02,1.728185424804687500e+02
1.724743843078613281e-02,1.014260711669921875e+02
3.403258323669433594e-02,2.869093322753906250e+02
1.724433898925781250e-02,2.176279052734375000e+03
3.287148475646972656e-02,2.533292236328125000e+02
3.286886215209960938e-02,9.608986377716064453e-01
1.724386215209960938e-02,1.406130065917968750e+02
3.284120559692382812e-02,1.437511596679687500e+02
1.879215240478515625e-02,8.391818237304687500e+02
1.725363731384277344e-02,2.118020996093750000e+03
1.727294921875000000e-02,3.227571716308593750e+02
1.724123954772949219e-02,1.594625732421875000e+03
4.053425788879394531e-02,2.025358764648437500e+03
2.303409576416015625e-02,2.777148437500000000e+02
9.432792663574218750e-03,2.393982505798339844e+01
1.727890968322753906e-02,7.809287719726562500e+02
1.724958419799804688e-02,2.530062255859375000e+02
1.724529266357421875e-02,1.498303588867187500e+03
1.724720001220703125e-02,1.424791870117187500e+03
3.286886215209960938e-02,5.812263793945312500e+02
1.831269264221191406e-02,3.642321472167968750e+02
3.290581703186035156e-02,2.704421806335449219e+01
1.725554466247558594e-02,1.635625000000000000e+03
3.282737731933593750e-02,6.810894165039062500e+02
1.724815368652343750e-02,2.772989196777343750e+02
1.724791526794433594e-02,1.560718627929687500e+03
1.724720001220703125e-02,1.556042480468750000e+03
1.727437973022460938e-02,1.773310302734375000e+03
1.722002029418945312e-02,3.797255859375000000e+02
3.286838531494140625e-02,3.544421691894531250e+02
1.724743843078613281e-02,6.698037719726562500e+02
1.724767684936523438e-02,1.041697753906250000e+03
1.724720001220703125e-02,7.737550048828125000e+02
1.724743843078613281e-02,7.327839965820312500e+02
1.724720001220703125e-02,6.785573120117187500e+02
3.286886215209960938e-02,2.370673217773437500e+02
1.724672317504882812e-02,1.860298706054687500e+03
1.724791526794433594e-02,2.918093800544738770e-01
3.286886215209960938e-02,1.817757263183593750e+02
1.724648475646972656e-02,3.965178680419921875e+01
1.724815368652343750e-02,6.682625122070312500e+02
1.724767684936523438e-02,4.061518249511718750e+02
3.287720680236816406e-02,6.677456054687500000e+02
1.723790168762207031e-02,1.412344604492187500e+03
1.724743843078613281e-02,3.210126953125000000e+02
1.724815368652343750e-02,2.363999938964843750e+01
3.286814689636230469e-02,7.073891448974609375e+01
1.724791526794433594e-02,9.532381591796875000e+02
1.724672317504882812e-02,1.272086059570312500e+03
1.724839210510253906e-02,6.056195449829101562e+01
1.727080345153808594e-02,1.892755981445312500e+03
1.722335815429687500e-02,6.883435668945312500e+02
3.286886215209960938e-02,3.276265335083007812e+01
1.724720001220703125e-02,9.859539031982421875e+01
1.724743843078613281e-02,7.217080688476562500e+01
3.286933898925781250e-02,2.878168029785156250e+02
1.724672317504882812e-02,2.324269775390625000e+03
1.724743843078613281e-02,1.185450805664062500e+03
1.724743843078613281e-02,2.229487060546875000e+03
1.724743843078613281e-02,2.066277160644531250e+02
3.770208358764648438e-02,9.549171447753906250e+01
2.316117286682128906e-02,1.087785888671875000e+03
1.724767684936523438e-02,3.903525695800781250e+02
1.724743843078613281e-02,6.632783813476562500e+02
2.782988548278808594e-02,1.556672607421875000e+03
1.026558876037597656e-02,4.721776733398437500e+02
3.287458419799804688e-02,2.953703613281250000e+02
1.725888252258300781e-02,1.484340209960937500e+03
1.723003387451171875e-02,4.054980773925781250e+02
3.286838531494140625e-02,6.334573364257812500e+02
1.724791526794433594e-02,5.474428558349609375e+01
1.724767684936523438e-02,2.459575042724609375e+02
1.724720001220703125e-02,1.367066162109375000e+03
1.727819442749023438e-02,1.542619018554687500e+03
3.283786773681640625e-02,3.422075805664062500e+02
1.724672317504882812e-02,1.830330047607421875e+02
1.724767684936523438e-02,1.559060363769531250e+02
1.724720001220703125e-02,4.247250976562500000e+02
1.724767684936523438e-02,2.219464111328125000e+03
2.017807960510253906e-02,9.697713623046875000e+02
3.287148475646972656e-02,3.112982482910156250e+02
1.724743843078613281e-02,2.451815948486328125e+02
1.727914810180664062e-02,7.762857666015625000e+02
1.724267005920410156e-02,5.337086791992187500e+02
1.722025871276855469e-02,2.309663848876953125e+02
3.286790847778320312e-02,7.940508270263671875e+01
1.724886894226074219e-02,6.155741577148437500e+02
1.724600791931152344e-02,9.290971679687500000e+02
1.728224754333496094e-02,1.581948089599609375e+02
1.724743843078613281e-02,1.849249114990234375e+02
1.833605766296386719e-02,3.561709289550781250e+02
1.727724075317382812e-02,1.256485351562500000e+03
1.724743843078613281e-02,2.553258056640625000e+02
1.724791526794433594e-02,3.241835021972656250e+02
1.722073554992675781e-02,1.069532470703125000e+03
1.706385612487792969e-02,3.283335449218750000e+03
1.724982261657714844e-02,3.779712219238281250e+02
3.286910057067871094e-02,2.280020141601562500e+02
1.724767684936523438e-02,2.370832763671875000e+03
1.724672317504882812e-02,1.014219970703125000e+03
1.724696159362792969e-02,4.239044494628906250e+02
1.725196838378906250e-02,5.937161254882812500e+01
3.286528587341308594e-02,4.835554199218750000e+02
1.724624633789062500e-02,1.266072143554687500e+03
1.724815368652343750e-02,7.658267822265625000e+02
1.724886894226074219e-02,2.783362731933593750e+02
1.727652549743652344e-02,1.521557922363281250e+02
1.724362373352050781e-02,1.359440673828125000e+03
1.724028587341308594e-02,1.785535097122192383e+00
3.289222717285156250e-02,2.574891357421875000e+02
1.723504066467285156e-02,1.389852539062500000e+03
1.724267005920410156e-02,3.074842834472656250e+02
3.287577629089355469e-02,2.684380371093750000e+03
1.724219322204589844e-02,6.451727905273437500e+02
3.402519226074218750e-02,1.107678833007812500e+03
1.725244522094726562e-02,1.169188110351562500e+03
3.385186195373535156e-02,4.251404571533203125e+01
2.805662155151367188e-02,1.930074615478515625e+02
1.727366447448730469e-02,1.931651855468750000e+03
1.725125312805175781e-02,6.500375976562500000e+02
1.724886894226074219e-02,8.834974975585937500e+02
1.724576950073242188e-02,5.335737304687500000e+02
1.724672317504882812e-02,6.459201049804687500e+02
1.724743843078613281e-02,2.407258453369140625e+02
3.286695480346679688e-02,4.336104736328125000e+02
1.724696159362792969e-02,5.747022094726562500e+02
3.287124633789062500e-02,5.052373046875000000e+02
1.724100112915039062e-02,9.254692993164062500e+02
1.724338531494140625e-02,2.829399108886718750e+02
2.055954933166503906e-02,2.439443206787109375e+02
1.726365089416503906e-02,7.185570068359375000e+02
1.726245880126953125e-02,5.570614624023437500e+01
3.287100791931152344e-02,2.577406005859375000e+02
1.722049713134765625e-02,3.917161865234375000e+02
3.289818763732910156e-02,1.100594726562500000e+03
1.724362373352050781e-02,1.071736450195312500e+02
1.721930503845214844e-02,4.807146911621093750e+02
1.728177070617675781e-02,3.902783508300781250e+02
1.724481582641601562e-02,8.897545623779296875e+01
1.725125312805175781e-02,2.627847900390625000e+02
1.831269264221191406e-02,1.226694824218750000e+03
1.724982261657714844e-02,1.144529296875000000e+03
3.286910057067871094e-02,1.502606811523437500e+03
1.724720001220703125e-02,9.639934082031250000e+02
1.724767684936523438e-02,9.594419860839843750e+01
1.943349838256835938e-02,5.181543579101562500e+02
1.725006103515625000e-02,4.260014648437500000e+02
1.727581024169921875e-02,5.535802001953125000e+02
1.724648475646972656e-02,1.076361328125000000e+03
1.724791526794433594e-02,1.531408203125000000e+03
1.724672317504882812e-02,5.392580566406250000e+02
3.287243843078613281e-02,1.599947021484375000e+03
1.721692085266113281e-02,2.936758544921875000e+03
1.727414131164550781e-02,7.349380493164062500e+02
1.724123954772949219e-02,1.923575195312500000e+03
1.725816726684570312e-02,9.330950317382812500e+02
1.724267005920410156e-02,2.376578216552734375e+02
1.725220680236816406e-02,2.938127746582031250e+02
1.721644401550292969e-02,2.509592590332031250e+02
1.724696159362792969e-02,6.162366867065429688e+01
1.727128028869628906e-02,2.804056396484375000e+02
3.284668922424316406e-02,1.920984375000000000e+03
1.727294921875000000e-02,8.919505310058593750e+01
1.721811294555664062e-02,1.248927230834960938e+02
1.728773117065429688e-02,1.710524749755859375e+02
1.720786094665527344e-02,1.880206146240234375e+02
1.724815368652343750e-02,2.667300415039062500e+02
3.286743164062500000e-02,3.633577270507812500e+02
2.075481414794921875e-02,1.364463500976562500e+03
2.039480209350585938e-02,1.864726684570312500e+03
1.724767684936523438e-02,1.553931396484375000e+03
2.350211143493652344e-02,3.544302368164062500e+02
1.420545578002929688e-02,1.019072113037109375e+02
1.729726791381835938e-02,1.090804809570312500e+03
3.281855583190917969e-02,8.623060913085937500e+02
1.724767684936523438e-02,1.204745254516601562e+02
1.726937294006347656e-02,4.249732666015625000e+02
3.284668922424316406e-02,5.404547729492187500e+02
1.724720001220703125e-02,1.350126708984375000e+03
1.724815368652343750e-02,5.994904785156250000e+02
3.286862373352050781e-02,6.626514282226562500e+02
3.286957740783691406e-02,7.813370361328125000e+02
3.286719322204589844e-02,5.450236206054687500e+02
1.724910736083984375e-02,2.142621337890625000e+03
1.724576950073242188e-02,1.320250732421875000e+03
1.724720001220703125e-02,2.490883026123046875e+02
3.286933898925781250e-02,2.777901840209960938e+01
3.286767005920410156e-02,1.194917480468750000e+03
1.724767684936523438e-02,1.058214035034179688e+02
3.286814689636230469e-02,1.114089736938476562e+02
1.724839210510253906e-02,1.210967712402343750e+02
3.286790847778320312e-02,4.871658630371093750e+02
1.724767684936523438e-02,1.493437377929687500e+03
1.724767684936523438e-02,2.814249023437500000e+03
3.286838531494140625e-02,2.385753631591796875e+02
3.148031234741210938e-02,1.908252929687500000e+03
1.910424232482910156e-02,2.058696044921875000e+03
1.037168502807617188e-02,8.908593750000000000e+02
3.062248229980468750e-02,3.161410827636718750e+02
2.117252349853515625e-02,1.670278076171875000e+03
1.948928833007812500e-02,2.550379333496093750e+02
1.460862159729003906e-02,1.812522338867187500e+03
1.724791526794433594e-02,1.769490051269531250e+02
2.069354057312011719e-02,3.250896911621093750e+02
1.845550537109375000e-02,1.008631057739257812e+02
1.848793029785156250e-02,4.530619201660156250e+02
1.665925979614257812e-02,2.430741310119628906e+01
1.727938652038574219e-02,7.631015014648437500e+02
1.724314689636230469e-02,2.452516937255859375e+02
2.293705940246582031e-02,1.030563964843750000e+03
1.938462257385253906e-02,1.948857269287109375e+02
1.932525634765625000e-02,8.757907714843750000e+02
1.918077468872070312e-02,1.449819946289062500e+03
1.838397979736328125e-02,1.539118652343750000e+03
1.734209060668945312e-02,1.412492553710937500e+03
1.826620101928710938e-02,2.016358184814453125e+01
1.733922958374023438e-02,6.554331054687500000e+02
1.933598518371582031e-02,1.745634643554687500e+03
2.016663551330566406e-02,1.124843750000000000e+02
2.044320106506347656e-02,1.323577392578125000e+03
2.140426635742187500e-02,4.038746643066406250e+02
1.752352714538574219e-02,1.151784179687500000e+03
1.884722709655761719e-02,8.897310791015625000e+02
1.939010620117187500e-02,4.486629638671875000e+02
1.928639411926269531e-02,1.821259033203125000e+03
1.934361457824707031e-02,4.632894592285156250e+02
1.901602745056152344e-02,1.736737060546875000e+02
2.035045623779296875e-02,3.183124084472656250e+02
1.828336715698242188e-02,1.638461547851562500e+03
1.919984817504882812e-02,5.071196594238281250e+02
1.929044723510742188e-02,3.517060241699218750e+02
2.226662635803222656e-02,1.594295654296875000e+02
1.928639411926269531e-02,2.128081054687500000e+03
1.932692527770996094e-02,9.593052368164062500e+02
1.835966110229492188e-02,2.103469482421875000e+03
1.958179473876953125e-02,1.658109252929687500e+03
1.813435554504394531e-02,5.548955078125000000e+02
2.600789070129394531e-02,1.544600067138671875e+02
1.606535911560058594e-02,1.020588500976562500e+03
1.724791526794433594e-02,6.921943969726562500e+02
3.286886215209960938e-02,1.001989990234375000e+03
1.724815368652343750e-02,6.852240600585937500e+02
1.724767684936523438e-02,4.466155395507812500e+02
3.286719322204589844e-02,7.502060546875000000e+02
1.724767684936523438e-02,1.110377319335937500e+03
3.286838531494140625e-02,6.224082641601562500e+02
1.724743843078613281e-02,2.965941162109375000e+02
1.724743843078613281e-02,4.103438415527343750e+02
3.286933898925781250e-02,2.278279571533203125e+02
1.724672317504882812e-02,2.697174682617187500e+02
3.286862373352050781e-02,1.582422607421875000e+03
3.286933898925781250e-02,4.017875671386718750e+02
1.724743843078613281e-02,1.044497924804687500e+03
4.041218757629394531e-02,2.872295654296875000e+03
3.821611404418945312e-02,6.106064453125000000e+02
2.587056159973144531e-02,1.007432327270507812e+02
2.430939674377441406e-02,8.354079589843750000e+02
1.726388931274414062e-02,1.101141586303710938e+02
1.724767684936523438e-02,3.951424255371093750e+02
1.724886894226074219e-02,1.043318603515625000e+03
3.286790847778320312e-02,4.578274154663085938e+01
1.724648475646972656e-02,1.187447998046875000e+03
1.724767684936523438e-02,2.428788085937500000e+03
1.724720001220703125e-02,7.660766601562500000e+02
1.728916168212890625e-02,3.230193176269531250e+02
1.720571517944335938e-02,2.047724853515625000e+03
1.727533340454101562e-02,2.207291748046875000e+03
1.722192764282226562e-02,4.217826232910156250e+02
1.724576950073242188e-02,1.470498291015625000e+03
2.811670303344726562e-02,3.809710083007812500e+02
2.130627632141113281e-02,9.270982666015625000e+02
2.030777931213378906e-02,5.681381835937500000e+02
1.836252212524414062e-02,5.110939941406250000e+02
1.921701431274414062e-02,6.939830017089843750e+01
2.017784118652343750e-02,1.139446411132812500e+03
2.048063278198242188e-02,1.465753662109375000e+03
1.515603065490722656e-02,1.136083251953125000e+03
2.208971977233886719e-02,1.077972534179687500e+03
1.091051101684570312e-02,8.074536132812500000e+01
3.675866127014160156e-02,1.297696777343750000e+03
2.141618728637695312e-02,4.528535156250000000e+02
1.468706130981445312e-02,6.796783447265625000e+02
3.177547454833984375e-02,8.607246398925781250e+01
1.893734931945800781e-02,8.221112823486328125e+01
1.724815368652343750e-02,1.719047729492187500e+03
1.726865768432617188e-02,2.125217041015625000e+03
3.286838531494140625e-02,2.083479492187500000e+03
1.722550392150878906e-02,1.830330047607421875e+02
2.345204353332519531e-02,1.222984619140625000e+02
2.138996124267578125e-02,9.162968444824218750e+01
2.836036682128906250e-02,9.155473709106445312e+00
1.099944114685058594e-02,4.332040405273437500e+02
2.852392196655273438e-02,2.192497070312500000e+03
1.359415054321289062e-02,2.560760009765625000e+03
8.709669113159179688e-03,3.094278869628906250e+02
3.534793853759765625e-02,1.647441558837890625e+02
1.947951316833496094e-02,6.062718505859375000e+02
1.558899879455566406e-02,1.751940002441406250e+02
2.103543281555175781e-02,9.184578704833984375e+01
2.395939826965332031e-02,5.252699584960937500e+02
2.062916755676269531e-02,1.785952026367187500e+03
2.058124542236328125e-02,7.382587890625000000e+02
2.304482460021972656e-02,1.781209594726562500e+03
2.513670921325683594e-02,2.014603271484375000e+03
2.446556091308593750e-02,1.852548583984375000e+03
2.258706092834472656e-02,2.879230690002441406e+01
1.721453666687011719e-02,3.019953002929687500e+02
1.724863052368164062e-02,2.561285400390625000e+02
1.724743843078613281e-02,7.712912597656250000e+02
3.286814689636230469e-02,4.960766906738281250e+02
1.724743843078613281e-02,1.932509643554687500e+03
2.864980697631835938e-02,2.921932067871093750e+02
2.431368827819824219e-02,3.596514892578125000e+02
2.600932121276855469e-02,1.771031646728515625e+02
2.528595924377441406e-02,1.717581054687500000e+03
2.377462387084960938e-02,6.279910888671875000e+02
3.394246101379394531e-02,9.995850830078125000e+02
2.711176872253417969e-02,3.732900085449218750e+02
5.667090415954589844e-02,1.205227294921875000e+03
2.777314186096191406e-02,2.758175354003906250e+02
2.628159523010253906e-02,7.208021240234375000e+02
2.923488616943359375e-02,4.134690856933593750e+02
3.066658973693847656e-02,1.921807495117187500e+03
4.103279113769531250e-02,5.611615600585937500e+02
3.372502326965332031e-02,1.943939697265625000e+03
3.505373001098632812e-02,1.431845092773437500e+02
5.165219306945800781e-02,9.212858886718750000e+02
2.989149093627929688e-02,2.943093566894531250e+02
3.030562400817871094e-02,3.578725891113281250e+02
3.402471542358398438e-02,1.135845794677734375e+02
2.591395378112792969e-02,4.634354858398437500e+02
3.195524215698242188e-02,6.772919311523437500e+02
2.587246894836425781e-02,3.690143127441406250e+02
3.008389472961425781e-02,4.370027770996093750e+02
2.525877952575683594e-02,1.769170074462890625e+02
2.414321899414062500e-02,9.610864868164062500e+02
3.061032295227050781e-02,5.660823974609375000e+02
4.168272018432617188e-02,6.995029449462890625e+01
3.500223159790039062e-02,5.299506835937500000e+02
2.590584754943847656e-02,1.418989105224609375e+02
2.948546409606933594e-02,1.806469604492187500e+03
2.917265892028808594e-02,1.930948120117187500e+03
2.601337432861328125e-02,2.424735260009765625e+02
3.297019004821777344e-02,1.690145629882812500e+03
3.336763381958007812e-02,2.620397033691406250e+02
3.286886215209960938e-02,1.621669067382812500e+03
3.287029266357421875e-02,1.505437744140625000e+03
4.050397872924804688e-02,5.213171386718750000e+02
3.054904937744140625e-02,4.920047912597656250e+02
2.510070800781250000e-02,2.903299255371093750e+02
2.356791496276855469e-02,6.813585815429687500e+02
5.032491683959960938e-02,5.107731933593750000e+02
4.268527030944824219e-02,1.603451904296875000e+03
3.492760658264160156e-02,1.292569824218750000e+03
3.127121925354003906e-02,3.081456909179687500e+02
2.904987335205078125e-02,2.003758544921875000e+02
3.693580627441406250e-02,7.100531768798828125e+01
4.481339454650878906e-02,1.683015380859375000e+03
2.707576751708984375e-02,2.729760131835937500e+02
2.446007728576660156e-02,6.900762329101562500e+02
4.068946838378906250e-02,3.122909545898437500e+02
4.181408882141113281e-02,3.736824340820312500e+02
3.208112716674804688e-02,5.565187988281250000e+02
7.570028305053710938e-02,2.086087158203125000e+03
1.787161827087402344e-02,1.497374633789062500e+03
1.831507682800292969e-02,3.393266601562500000e+02
1.830291748046875000e-02,7.932604217529296875e+01
5.344057083129882812e-02,4.853465270996093750e+02
3.057789802551269531e-02,1.820634155273437500e+02
2.871727943420410156e-02,1.836519622802734375e+02
2.896475791931152344e-02,2.173976806640625000e+03
5.287170410156250000e-02,2.032915405273437500e+03
2.465343475341796875e-02,4.528031921386718750e+01
5.530977249145507812e-02,2.532816162109375000e+02
1.568074226379394531e-01,6.496211242675781250e+01
8.976173400878906250e-02,9.867799072265625000e+02
2.755570411682128906e-02,1.809892578125000000e+03
1.952385902404785156e-02,1.769490051269531250e+02
3.590345382690429688e-02,9.338430023193359375e+01
7.112360000610351562e-02,1.247011718750000000e+03
5.115509033203125000e-02,2.597829895019531250e+02
3.360748291015625000e-02,1.286930053710937500e+03
3.511571884155273438e-02,2.122938720703125000e+03
3.324198722839355469e-02,2.826810302734375000e+02
3.286886215209960938e-02,2.009114990234375000e+03
1.724696159362792969e-02,2.885023498535156250e+02
6.303215026855468750e-02,1.074667480468750000e+03
2.800154685974121094e-02,8.513781127929687500e+02
3.801870346069335938e-02,6.709684448242187500e+02
1.976776123046875000e-02,2.342285156250000000e+02
3.962588310241699219e-02,8.243646240234375000e+01
2.610874176025390625e-02,1.371676940917968750e+02
3.684496879577636719e-02,9.453839111328125000e+02
3.403568267822265625e-02,7.577146911621093750e+01
1.782846450805664062e-02,1.679396728515625000e+03
3.649902343750000000e-02,2.564131835937500000e+03
1.839995384216308594e-02,2.349022216796875000e+02
4.102277755737304688e-02,1.414667846679687500e+03
3.351354598999023438e-02,8.893193969726562500e+02
3.217267990112304688e-02,1.401680419921875000e+03
2.124285697937011719e-02,2.752138900756835938e+01
3.675603866577148438e-02,2.993043823242187500e+02
3.096938133239746094e-02,7.091776275634765625e+01
8.486151695251464844e-02,7.219830322265625000e+01
3.035950660705566406e-02,1.360064208984375000e+03
5.224561691284179688e-02,1.262320678710937500e+03
2.959203720092773438e-02,1.818081542968750000e+03
4.261612892150878906e-02,1.461507568359375000e+02
2.990460395812988281e-02,5.809331665039062500e+02
1.760339736938476562e-02,3.894786376953125000e+02
3.286957740783691406e-02,4.734196166992187500e+02
3.286886215209960938e-02,2.673966796875000000e+03
2.844262123107910156e-02,2.611625244140625000e+03
3.458809852600097656e-02,1.738321838378906250e+02
1.821374893188476562e-02,1.767559967041015625e+02
3.618812561035156250e-02,2.859119628906250000e+03
1.658821105957031250e-02,1.147884277343750000e+03
3.498101234436035156e-02,3.996488342285156250e+02
3.553199768066406250e-02,7.906876831054687500e+02
2.236890792846679688e-02,1.611617065429687500e+03
3.256058692932128906e-02,1.019254516601562500e+03
4.728078842163085938e-02,3.014397888183593750e+02
2.866244316101074219e-02,3.137030029296875000e+02
2.458786964416503906e-02,2.122382507324218750e+02
2.868747711181640625e-02,2.279434082031250000e+03
2.412343025207519531e-02,1.383734375000000000e+03
1.724767684936523438e-02,3.591092834472656250e+02
3.286886215209960938e-02,1.813703155517578125e+02
3.286910057067871094e-02,1.563491516113281250e+02
3.286790847778320312e-02,9.447855224609375000e+02
2.712345123291015625e-02,4.596846313476562500e+02
1.844048500061035156e-02,5.181910400390625000e+02
1.770401000976562500e-02,3.608070068359375000e+02
4.720711708068847656e-02,2.037410888671875000e+03
3.437328338623046875e-02,1.465941772460937500e+03
5.973029136657714844e-02,8.084210815429687500e+02
6.555318832397460938e-02,3.562633361816406250e+02
2.569746971130371094e-02,1.926159179687500000e+03
5.769991874694824219e-02,4.526145935058593750e+02
3.831028938293457031e-02,2.960377807617187500e+02
3.918290138244628906e-02,7.274407958984375000e+02
4.610943794250488281e-02,3.616148376464843750e+02
1.811337471008300781e-02,6.782485961914062500e+02
3.525638580322265625e-02,1.164526611328125000e+03
1.885318756103515625e-02,-1.559411621093750000e+01
3.463411331176757812e-02,2.011480224609375000e+03
4.532742500305175781e-02,3.506374816894531250e+02
2.309083938598632812e-02,2.005046081542968750e+02
1.936030387878417969e-02,6.751531219482421875e+01
3.286933898925781250e-02,4.161611633300781250e+02
3.286910057067871094e-02,2.262896575927734375e+02
1.724767684936523438e-02,1.393386108398437500e+03
3.286814689636230469e-02,2.872065124511718750e+02
2.890634536743164062e-02,2.279979400634765625e+02
1.508760452270507812e-02,3.540738830566406250e+02
1.724767684936523438e-02,8.954495239257812500e+02
4.032325744628906250e-02,6.443191528320312500e+02
5.680561065673828125e-02,1.134683471679687500e+03
4.458689689636230469e-02,5.461829223632812500e+02
2.922916412353515625e-02,1.825499389648437500e+03
2.760553359985351562e-02,2.131139160156250000e+03
2.556252479553222656e-02,7.226564941406250000e+02
3.466176986694335938e-02,3.531420288085937500e+02
2.507686614990234375e-02,8.246362304687500000e+01
2.126002311706542969e-02,1.871437622070312500e+03
2.556252479553222656e-02,1.297892944335937500e+03
2.484011650085449219e-02,5.938200073242187500e+02
2.317190170288085938e-02,6.366983032226562500e+02
2.331900596618652344e-02,2.264604797363281250e+02
2.399969100952148438e-02,1.280612915039062500e+03
2.127790451049804688e-02,5.759522705078125000e+02
2.031087875366210938e-02,4.189194946289062500e+02
2.325797080993652344e-02,3.144897766113281250e+02
2.578115463256835938e-02,2.215270019531250000e+03
2.309060096740722656e-02,1.516607666015625000e+03
2.275252342224121094e-02,7.245563354492187500e+02
2.456641197204589844e-02,3.069886169433593750e+02
2.456402778625488281e-02,4.320037536621093750e+02
2.556157112121582031e-02,1.635120849609375000e+03
1.990580558776855469e-02,4.513196105957031250e+02
2.032160758972167969e-02,1.679017944335937500e+03
2.376914024353027344e-02,1.404804229736328125e+02
2.183055877685546875e-02,2.453373260498046875e+02
2.129769325256347656e-02,1.229862792968750000e+03
2.203679084777832031e-02,1.970038452148437500e+02
2.228045463562011719e-02,2.880808593750000000e+03
2.270078659057617188e-02,4.706767272949218750e+02
2.257037162780761719e-02,2.066205322265625000e+03
2.335143089294433594e-02,2.724129394531250000e+03
2.229189872741699219e-02,1.409945800781250000e+03
2.229166030883789062e-02,4.452251434326171875e+00
2.612304687500000000e-02,2.743923950195312500e+02
2.357792854309082031e-02,7.525302886962890625e+01
2.303671836853027344e-02,1.408249206542968750e+02
2.385663986206054688e-02,4.606066589355468750e+02
2.090620994567871094e-02,5.535410766601562500e+02
2.377843856811523438e-02,3.134485168457031250e+02
2.421951293945312500e-02,3.388517761230468750e+01
2.333045005798339844e-02,7.822594604492187500e+02
2.494311332702636719e-02,3.664722290039062500e+02
2.257084846496582031e-02,4.558648681640625000e+02
2.172660827636718750e-02,9.112860107421875000e+01
2.131795883178710938e-02,3.014734802246093750e+02
2.129220962524414062e-02,2.285397338867187500e+02
1.957821846008300781e-02,1.749440002441406250e+02
2.500557899475097656e-02,2.111665191650390625e+02
2.327346801757812500e-02,2.314781982421875000e+03
2.205276489257812500e-02,1.070048095703125000e+03
2.356624603271484375e-02,2.203003082275390625e+02
2.474832534790039062e-02,3.469664916992187500e+02
2.228164672851562500e-02,2.166976013183593750e+02
2.229881286621093750e-02,1.608137695312500000e+03
2.229642868041992188e-02,1.673488037109375000e+03
2.401256561279296875e-02,4.091441040039062500e+02
2.030038833618164062e-02,9.663541259765625000e+02
2.656006813049316406e-02,1.522105834960937500e+03
2.499294281005859375e-02,2.175992584228515625e+02
2.446007728576660156e-02,2.796383361816406250e+02
2.385663986206054688e-02,1.877642822265625000e+03
2.230668067932128906e-02,8.491355133056640625e+01
2.057552337646484375e-02,2.077789550781250000e+03
2.379155158996582031e-02,3.499696655273437500e+02
2.943277359008789062e-02,1.384868896484375000e+03
2.383232116699218750e-02,2.306187011718750000e+03
2.474021911621093750e-02,4.467992248535156250e+02
3.253078460693359375e-02,1.839149932861328125e+02
2.607393264770507812e-02,4.961293640136718750e+02
2.811384201049804688e-02,1.301671020507812500e+03
1.990079879760742188e-02,3.997975463867187500e+02
3.286767005920410156e-02,1.045187568664550781e+01
3.162217140197753906e-02,5.671909332275390625e+01
2.257061004638671875e-02,3.969624633789062500e+02
2.371549606323242188e-02,1.479681396484375000e+02
2.329826354980468750e-02,8.202737426757812500e+02
2.057647705078125000e-02,3.152465209960937500e+02
2.108597755432128906e-02,4.787670898437500000e+02
2.191114425659179688e-02,1.564711914062500000e+03
1.968431472778320312e-02,1.156672119140625000e+03
1.957798004150390625e-02,2.805221557617187500e+02
1.867079734802246094e-02,3.057442626953125000e+02
2.257037162780761719e-02,7.604298095703125000e+02
2.401876449584960938e-02,8.422113037109375000e+02
2.602314949035644531e-02,1.383239379882812500e+03
2.481698989868164062e-02,8.649252929687500000e+02
2.276301383972167969e-02,1.469555664062500000e+02
2.143931388854980469e-02,2.034504516601562500e+03
1.886773109436035156e-02,2.285108886718750000e+03
2.230310440063476562e-02,4.008471679687500000e+02
2.038645744323730469e-02,6.625331878662109375e+01
2.021050453186035156e-02,2.356885833740234375e+02
1.931977272033691406e-02,3.565876770019531250e+02
1.930904388427734375e-02,9.015297241210937500e+02
2.029728889465332031e-02,6.558658447265625000e+02
1.831579208374023438e-02,4.702724838256835938e+01
1.930069923400878906e-02,2.612306884765625000e+03
2.003169059753417969e-02,3.512230834960937500e+02
1.829218864440917969e-02,1.460593719482421875e+02
1.929473876953125000e-02,3.636223449707031250e+02
1.831865310668945312e-02,7.456539306640625000e+02
2.257204055786132812e-02,4.073314514160156250e+02
2.242898941040039062e-02,1.003665100097656250e+03
2.488327026367187500e-02,3.612169189453125000e+02
2.230572700500488281e-02,8.872922973632812500e+02
1.561689376831054688e-02,3.906839904785156250e+02
2.598071098327636719e-02,3.659196166992187500e+02
2.004218101501464844e-02,2.233513671875000000e+03
1.957821846008300781e-02,6.933488769531250000e+02
2.102398872375488281e-02,5.396185302734375000e+01
2.332568168640136719e-02,4.272789001464843750e+02
1.897788047790527344e-02,2.227351837158203125e+02
1.829099655151367188e-02,1.371281005859375000e+03
3.553557395935058594e-02,1.210073852539062500e+03
2.274799346923828125e-02,1.798572082519531250e+02
1.933836936950683594e-02,3.537699890136718750e+02
1.925587654113769531e-02,1.630700317382812500e+03
1.929259300231933594e-02,1.753767700195312500e+03
1.630640029907226562e-02,1.758600006103515625e+02
1.830554008483886719e-02,9.479893798828125000e+02
1.675391197204589844e-02,3.989798278808593750e+02
1.887536048889160156e-02,1.840395751953125000e+03
1.971292495727539062e-02,2.076214904785156250e+02
1.900148391723632812e-02,4.521599731445312500e+02
1.917767524719238281e-02,2.393690917968750000e+03
1.831078529357910156e-02,7.420541381835937500e+02
1.932525634765625000e-02,6.954815673828125000e+02
1.955914497375488281e-02,6.393637084960937500e+01
1.912569999694824219e-02,8.801708374023437500e+02
1.821565628051757812e-02,1.787132934570312500e+03
2.062892913818359375e-02,4.545297546386718750e+02
2.004408836364746094e-02,1.497127075195312500e+02
2.057456970214843750e-02,1.660642822265625000e+03
1.969766616821289062e-02,1.621484130859375000e+03
2.030348777770996094e-02,1.380184020996093750e+02
2.032136917114257812e-02,8.868054809570312500e+02
2.168297767639160156e-02,6.653661346435546875e+01
2.087235450744628906e-02,1.410553344726562500e+03
2.033185958862304688e-02,1.865664291381835938e+01
2.190303802490234375e-02,1.281833648681640625e+02
1.506400108337402344e-02,1.700456085205078125e+02
2.654552459716796875e-02,6.820106811523437500e+02
1.858019828796386719e-02,5.535745239257812500e+02
1.713275909423828125e-02,1.439064453125000000e+03
1.038336753845214844e-02,6.702043457031250000e+02
1.859760284423828125e-02,2.318048095703125000e+03
1.810574531555175781e-02,2.958844909667968750e+02
1.727747917175292969e-02,1.648166625976562500e+03
2.123951911926269531e-02,1.469558410644531250e+02
1.926183700561523438e-02,3.453604736328125000e+02
1.710772514343261719e-02,1.898483734130859375e+02
1.868700981140136719e-02,6.898249511718750000e+02
1.792860031127929688e-02,9.129595336914062500e+02
1.783370971679687500e-02,8.701940307617187500e+02
1.853513717651367188e-02,3.650001831054687500e+02
1.829004287719726562e-02,4.082019042968750000e+02
1.865029335021972656e-02,1.162850189208984375e+02
1.859760284423828125e-02,2.806340332031250000e+03
1.813888549804687500e-02,2.570662841796875000e+02
1.811766624450683594e-02,1.128634643554687500e+03
1.821494102478027344e-02,9.821608886718750000e+02
1.804924011230468750e-02,3.948462219238281250e+02
3.355669975280761719e-02,6.100319862365722656e+00
4.051208496093750000e-03,1.759040069580078125e+02
1.786231994628906250e-02,1.265281391143798828e+01
1.816678047180175781e-02,1.615516723632812500e+03
1.829361915588378906e-02,1.411723999023437500e+03
3.307390213012695312e-02,3.162281494140625000e+03
1.970314979553222656e-02,4.063944244384765625e+01
1.849627494812011719e-02,1.344513305664062500e+03
1.724863052368164062e-02,2.106039123535156250e+02
1.727414131164550781e-02,1.148938598632812500e+03
1.725006103515625000e-02,5.483146362304687500e+02
1.724529266357421875e-02,1.516868782043457031e+01
2.189445495605468750e-02,1.611189422607421875e+02
1.831936836242675781e-02,2.094439239501953125e+02
2.055311203002929688e-02,1.650566162109375000e+03
1.604104042053222656e-02,2.167922515869140625e+02
1.724743843078613281e-02,2.047801635742187500e+03
3.286886215209960938e-02,7.743326568603515625e+01
1.724720001220703125e-02,1.558651977539062500e+03
1.726531982421875000e-02,5.735626220703125000e+02
1.722955703735351562e-02,8.270601196289062500e+02
3.286767005920410156e-02,1.423904541015625000e+03
1.724767684936523438e-02,1.535241210937500000e+03
1.724815368652343750e-02,8.732903289794921875e+01
1.724648475646972656e-02,1.933520629882812500e+03
2.972555160522460938e-02,6.150869750976562500e+01
1.982975006103515625e-02,5.489880752563476562e+01
1.724696159362792969e-02,1.257861450195312500e+03
1.488256454467773438e-02,3.364146423339843750e+02
1.727986335754394531e-02,1.342884887695312500e+03
1.721978187561035156e-02,3.162165222167968750e+02
1.727437973022460938e-02,1.592142089843750000e+03
1.721978187561035156e-02,4.275001220703125000e+02
1.727604866027832031e-02,8.763104248046875000e+02
3.286981582641601562e-02,4.015056762695312500e+02
1.724576950073242188e-02,3.277828979492187500e+02
1.725006103515625000e-02,7.988154907226562500e+02
1.724791526794433594e-02,7.337377929687500000e+02
1.723766326904296875e-02,1.906891967773437500e+03
1.919913291931152344e-02,3.897089538574218750e+02
1.724791526794433594e-02,1.953555053710937500e+03
3.286910057067871094e-02,5.598139648437500000e+02
1.727724075317382812e-02,4.076342773437500000e+02
1.721763610839843750e-02,1.518120605468750000e+03
2.190065383911132812e-02,1.640145141601562500e+03
1.813292503356933594e-02,3.219272460937500000e+02
1.855897903442382812e-02,8.285578918457031250e+01
1.838612556457519531e-02,2.164212341308593750e+02
1.836872100830078125e-02,1.225296173095703125e+02
1.851868629455566406e-02,6.188250732421875000e+02
1.814174652099609375e-02,4.117207717895507812e+01
2.067875862121582031e-02,2.213668060302734375e+02
1.565313339233398438e-02,1.298910644531250000e+03
3.287005424499511719e-02,3.123235778808593750e+02
2.029085159301757812e-02,1.414846313476562500e+03
2.007937431335449219e-02,2.848977470397949219e+01
1.689362525939941406e-02,2.529751129150390625e+02
1.811814308166503906e-02,1.770000000000000000e+02
1.830410957336425781e-02,1.553920043945312500e+03
1.805233955383300781e-02,6.979288940429687500e+02
2.802848815917968750e-02,1.205340820312500000e+03
1.867842674255371094e-02,1.589675292968750000e+03
1.238226890563964844e-02,1.221657592773437500e+03
2.896881103515625000e-02,1.571459106445312500e+03
1.905179023742675781e-02,1.524561889648437500e+03
1.954245567321777344e-02,1.432852172851562500e+03
2.159118652343750000e-02,1.948099487304687500e+03
1.561141014099121094e-02,4.157134094238281250e+02
1.816439628601074219e-02,2.279180664062500000e+03
2.390980720520019531e-02,1.345565063476562500e+03
1.518130302429199219e-02,1.380794311523437500e+03
1.562833786010742188e-02,2.420344696044921875e+02
2.806782722473144531e-02,1.683732788085937500e+03
1.075434684753417969e-02,1.229256958007812500e+03
1.567769050598144531e-02,2.059284423828125000e+03
2.940559387207031250e-02,2.303917724609375000e+03
8.402109146118164062e-03,1.891534667968750000e+03
1.762032508850097656e-02,4.278720397949218750e+02
3.266906738281250000e-02,3.420337524414062500e+02
1.927113533020019531e-02,6.946378326416015625e+01
1.830387115478515625e-02,8.258796386718750000e+02
1.894402503967285156e-02,1.581721435546875000e+03
1.872062683105468750e-02,8.258486328125000000e+02
2.205204963684082031e-02,1.234476776123046875e+02
1.543879508972167969e-02,1.163677734375000000e+03
1.653766632080078125e-02,5.063022155761718750e+02
2.336692810058593750e-02,1.676367187500000000e+02
1.259875297546386719e-02,6.272255859375000000e+02
1.927304267883300781e-02,2.260305023193359375e+02
2.409911155700683594e-02,1.945788383483886719e+00
1.143956184387207031e-02,2.869814758300781250e+02
1.834368705749511719e-02,1.769440002441406250e+02
2.113151550292968750e-02,2.134518066406250000e+03
1.549005508422851562e-02,1.132332397460937500e+03
2.032685279846191406e-02,6.914623260498046875e+01
1.855802536010742188e-02,3.237106933593750000e+02
1.761579513549804688e-02,6.513825073242187500e+02
1.670265197753906250e-02,3.994289550781250000e+02
1.911067962646484375e-02,3.781837158203125000e+02
1.778197288513183594e-02,5.549516601562500000e+02
1.760029792785644531e-02,3.795841979980468750e+02
1.784110069274902344e-02,1.653178710937500000e+03
1.726102828979492188e-02,6.385866088867187500e+02
1.912808418273925781e-02,7.691319274902343750e+01
2.911806106567382812e-03,2.543183135986328125e+02
3.288578987121582031e-02,1.713048217773437500e+03
3.562688827514648438e-03,1.454877929687500000e+03
1.826024055480957031e-02,4.324326171875000000e+02
3.230214118957519531e-02,4.039057922363281250e+02
4.355669021606445312e-03,3.990556335449218750e+02
1.847457885742187500e-02,2.179468261718750000e+03
3.398442268371582031e-02,5.004886474609375000e+02
1.871943473815917969e-02,2.721149444580078125e+01
2.313375473022460938e-03,1.684715209960937500e+03
3.784108161926269531e-02,2.289574890136718750e+02
1.655864715576171875e-02,1.284691894531250000e+03
1.786279678344726562e-02,3.831659545898437500e+02
2.008986473083496094e-02,3.734395751953125000e+02
2.045774459838867188e-02,3.410425109863281250e+02
1.899933815002441406e-02,8.834288940429687500e+02
1.387286186218261719e-02,1.212120727539062500e+03
1.937937736511230469e-02,2.328490905761718750e+02
1.614141464233398438e-02,1.659268188476562500e+03
2.202033996582031250e-02,2.612776367187500000e+03
1.724767684936523438e-02,8.007882690429687500e+02
2.002191543579101562e-02,1.989024047851562500e+03
1.668667793273925781e-02,1.184859619140625000e+03
1.645994186401367188e-02,1.357655273437500000e+03
2.463746070861816406e-02,2.522599609375000000e+03
1.183128356933593750e-02,6.385159912109375000e+02
1.796722412109375000e-02,2.541035919189453125e+02
1.845002174377441406e-02,8.049186401367187500e+02
1.972723007202148438e-02,8.792028808593750000e+01
1.677346229553222656e-02,1.308594238281250000e+03
1.803350448608398438e-02,1.751350097656250000e+02
1.956319808959960938e-02,1.218272216796875000e+03
3.171658515930175781e-02,8.928822631835937500e+02
3.543853759765625000e-03,2.761251464843750000e+03
3.561401367187500000e-02,2.040180664062500000e+02
1.712393760681152344e-02,1.759040069580078125e+02
1.931762695312500000e-02,4.660137939453125000e+02
1.864409446716308594e-02,1.663293457031250000e+02
1.740479469299316406e-02,8.556625366210937500e+02
2.005648612976074219e-02,2.968294677734375000e+02
1.832723617553710938e-02,2.021446533203125000e+03
1.602077484130859375e-02,3.012861328125000000e+02
2.253055572509765625e-02,2.809442443847656250e+02
1.942038536071777344e-02,2.082754211425781250e+02
1.292705535888671875e-02,7.478900146484375000e+01
2.371072769165039062e-02,1.909853057861328125e+02
1.934862136840820312e-02,2.606174945831298828e+00
1.333975791931152344e-02,2.794840087890625000e+02
2.524685859680175781e-02,1.115377120971679688e+02
1.823019981384277344e-02,4.086078491210937500e+02
9.971141815185546875e-03,3.344247436523437500e+02
2.102804183959960938e-02,6.651452636718750000e+02
1.998019218444824219e-02,2.303763671875000000e+03
1.978754997253417969e-02,1.621735961914062500e+03
1.664638519287109375e-02,1.474813720703125000e+03
2.925300598144531250e-02,1.768053344726562500e+03
1.987123489379882812e-02,7.013422851562500000e+02
2.034258842468261719e-02,2.720528808593750000e+03
1.880717277526855469e-02,4.946990966796875000e+02
1.944375038146972656e-02,2.671040039062500000e+02
1.966834068298339844e-02,6.959806518554687500e+02
1.508140563964843750e-02,8.727213745117187500e+02
2.025246620178222656e-02,1.830829925537109375e+02
1.856970787048339844e-02,3.051963500976562500e+02
1.618695259094238281e-02,2.339384307861328125e+02
2.226042747497558594e-02,2.137498779296875000e+03
1.538777351379394531e-02,1.830229949951171875e+02
1.699399948120117188e-02,3.056387939453125000e+02
2.249336242675781250e-02,1.517687530517578125e+02
1.840043067932128906e-02,5.522576904296875000e+02
1.390576362609863281e-02,9.016343994140625000e+02
2.552223205566406250e-02,3.255992126464843750e+02
1.558065414428710938e-02,2.278279418945312500e+02
1.238656044006347656e-02,4.975459289550781250e+02
2.361011505126953125e-02,2.227851318359375000e+03
1.825618743896484375e-02,2.987697265625000000e+03
1.295042037963867188e-02,3.782605590820312500e+02
2.363395690917968750e-02,1.269943725585937500e+03
1.859521865844726562e-02,1.540062011718750000e+03
1.463222503662109375e-02,2.758277893066406250e+02
2.261114120483398438e-02,2.620268058776855469e+01
1.936960220336914062e-02,4.954638977050781250e+02
1.096701622009277344e-02,9.222614746093750000e+02
2.978372573852539062e-02,1.352031127929687500e+03
1.920056343078613281e-02,1.560219360351562500e+03
7.664918899536132812e-03,6.293680419921875000e+02
3.060483932495117188e-02,7.593489990234375000e+02
1.767683029174804688e-02,2.627171020507812500e+02
4.954099655151367188e-03,1.912131195068359375e+02
2.949285507202148438e-02,1.428698242187500000e+03
1.859807968139648438e-02,1.210471038818359375e+02
6.804943084716796875e-03,9.239068603515625000e+01
3.082060813903808594e-02,8.556164550781250000e+02
1.814603805541992188e-02,3.780057373046875000e+02
7.429599761962890625e-03,2.599220275878906250e+02
2.974104881286621094e-02,3.990708312988281250e+02
1.869130134582519531e-02,3.910356283187866211e+00
5.608558654785156250e-03,3.244279296875000000e+03
3.133416175842285156e-02,1.715039062500000000e+03
1.823639869689941406e-02,7.640786132812500000e+02
4.733562469482421875e-03,2.741258789062500000e+03
3.160452842712402344e-02,1.331883144378662109e+01
1.732301712036132812e-02,6.449505004882812500e+02
6.026744842529296875e-03,2.497450439453125000e+03
2.850389480590820312e-02,3.764423217773437500e+02
1.737022399902343750e-02,2.221470703125000000e+03
9.038686752319335938e-03,1.926855712890625000e+03
2.653670310974121094e-02,1.379017578125000000e+03
1.637458801269531250e-02,1.830829925537109375e+02
1.283574104309082031e-02,4.130088806152343750e+02
2.826261520385742188e-02,1.835495483398437500e+03
1.976490020751953125e-02,1.209740447998046875e+02
5.995750427246093750e-03,1.021341491699218750e+03
3.452658653259277344e-02,2.092529449462890625e+02
1.876735687255859375e-02,8.008208465576171875e+01
2.155399322509765625e-02,1.336655902862548828e+01
2.232694625854492188e-02,3.221744079589843750e+02
1.103878021240234375e-02,2.103334808349609375e+02
2.649521827697753906e-02,2.814686584472656250e+02
1.638817787170410156e-02,1.885000000000000000e+02
1.208782196044921875e-02,5.334303588867187500e+02
2.743077278137207031e-02,4.443045654296875000e+02
1.842904090881347656e-02,1.684757812500000000e+03
8.999824523925781250e-03,6.235380935668945312e+01
2.852487564086914062e-02,2.481144409179687500e+02
1.912379264831542969e-02,2.557785644531250000e+02
7.253646850585937500e-03,3.923841857910156250e+02
1.912331581115722656e-02,1.395098876953125000e+03
1.858592033386230469e-02,1.758639984130859375e+02
1.789498329162597656e-02,8.947379760742187500e+02
1.830911636352539062e-02,3.470007324218750000e+02
3.147006034851074219e-02,6.726602172851562500e+02
1.998639106750488281e-02,9.852297973632812500e+01
1.987051963806152344e-02,1.056638305664062500e+03
1.790070533752441406e-02,1.504195404052734375e+02
2.055859565734863281e-02,1.601866210937500000e+03
1.852178573608398438e-02,6.893208007812500000e+02
1.591491699218750000e-02,1.481785278320312500e+02
2.061820030212402344e-02,5.584765625000000000e+02
1.733064651489257812e-02,1.308412475585937500e+03
1.804137229919433594e-02,7.494886016845703125e+01
3.156852722167968750e-02,8.120844726562500000e+02
1.824069023132324219e-02,5.814965820312500000e+02
4.026412963867187500e-03,3.044587097167968750e+02
3.254032135009765625e-02,2.464196472167968750e+02
1.797533035278320312e-02,1.408372974395751953e+01
5.884408950805664062e-03,1.287558349609375000e+03
3.195500373840332031e-02,5.418629074096679688e+01
1.879453659057617188e-02,2.173397460937500000e+03
4.402399063110351562e-03,3.315071533203125000e+03
3.873658180236816406e-02,9.202764282226562500e+02
1.437997817993164062e-02,1.191770935058593750e+02
3.460168838500976562e-02,5.656444168090820312e+01
2.316546440124511719e-02,2.639951477050781250e+02
1.413154602050781250e-02,1.772477905273437500e+03
1.974272727966308594e-02,1.599054199218750000e+03
1.701951026916503906e-02,1.092216674804687500e+03
1.984214782714843750e-02,1.502836303710937500e+02
1.714634895324707031e-02,5.363011169433593750e+01
1.809024810791015625e-02,1.862589843750000000e+03
1.681900024414062500e-02,2.722773925781250000e+03
1.889157295227050781e-02,5.978287353515625000e+02
1.850175857543945312e-02,2.123504333496093750e+02
2.037668228149414062e-02,4.424797058105468750e+02
3.062272071838378906e-02,1.531224609375000000e+03
2.242898941040039062e-02,2.827678466796875000e+03
2.563428878784179688e-02,1.311219604492187500e+03
2.331447601318359375e-02,1.238869384765625000e+03
4.085540771484375000e-03,2.215546630859375000e+03
3.041434288024902344e-02,1.568750122070312500e+03
5.395412445068359375e-03,1.292215454101562500e+03
4.507088661193847656e-02,4.560264892578125000e+02
2.328872680664062500e-02,7.862136230468750000e+02
1.763272285461425781e-02,4.638166809082031250e+02
1.766133308410644531e-02,3.305011596679687500e+02
7.134675979614257812e-03,8.471732788085937500e+02
1.692056655883789062e-02,1.365876098632812500e+03
3.561949729919433594e-02,1.451321411132812500e+02
1.729559898376464844e-02,4.896256103515625000e+02
3.365874290466308594e-02,4.062234802246093750e+02
2.302742004394531250e-02,3.552858352661132812e+01
2.531409263610839844e-02,6.041619262695312500e+02
2.321028709411621094e-02,1.090063232421875000e+03
1.760315895080566406e-02,6.276373901367187500e+02
2.018737792968750000e-02,1.925046386718750000e+03
1.828002929687500000e-02,6.689636230468750000e+02
1.837611198425292969e-02,1.642210693359375000e+02
2.338695526123046875e-02,1.920563964843750000e+03
1.447963714599609375e-02,1.242047851562500000e+03
2.981877326965332031e-02,3.848428955078125000e+02
1.994752883911132812e-02,4.279857177734375000e+02
2.029871940612792969e-02,-1.563020801544189453e+01
3.713345527648925781e-02,3.390752258300781250e+02
1.981043815612792969e-02,1.839235961914062500e+03
1.771926879882812500e-02,2.527713470458984375e+02
1.734256744384765625e-02,1.226269775390625000e+03
1.585459709167480469e-02,3.199856567382812500e+02
1.948070526123046875e-02,9.656987304687500000e+02
1.709675788879394531e-02,8.093652954101562500e+02
1.833415031433105469e-02,6.667722778320312500e+02
1.837706565856933594e-02,7.825935363769531250e+01
1.954269409179687500e-02,1.479147094726562500e+03
1.700949668884277344e-02,6.801609039306640625e+00
1.822161674499511719e-02,7.426439208984375000e+02
1.828813552856445312e-02,2.048829589843750000e+03
1.834392547607421875e-02,4.223374938964843750e+02
1.832079887390136719e-02,5.826032714843750000e+02
1.835870742797851562e-02,6.055358886718750000e+02
1.822090148925781250e-02,3.221965637207031250e+02
1.838898658752441406e-02,1.178395385742187500e+03
2.076959609985351562e-02,1.092181762695312500e+03
1.607227325439453125e-02,2.498941406250000000e+03
1.803326606750488281e-02,6.541539306640625000e+02
1.838016510009765625e-02,1.647432861328125000e+03
1.881861686706542969e-02,6.347049713134765625e+01
2.079033851623535156e-02,6.412797241210937500e+02
1.517391204833984375e-02,1.298777587890625000e+03
1.843404769897460938e-02,9.563612365722656250e+01
1.834654808044433594e-02,1.462925903320312500e+03
1.834869384765625000e-02,1.292682128906250000e+03
1.882314682006835938e-02,8.140867919921875000e+02
3.415250778198242188e-02,2.920998840332031250e+02
1.727056503295898438e-02,3.932143859863281250e+02
1.854753494262695312e-02,1.997489135742187500e+03
2.130842208862304688e-02,8.244751586914062500e+02
1.689553260803222656e-02,6.781807250976562500e+02
1.825642585754394531e-02,9.490558624267578125e+01
1.995682716369628906e-02,2.330744361877441406e+01
1.656508445739746094e-02,2.123716735839843750e+02
1.869463920593261719e-02,5.438499755859375000e+02
1.738238334655761719e-02,1.630477142333984375e+02
1.843762397766113281e-02,1.181027465820312500e+03
1.832008361816406250e-02,4.552699279785156250e+02
1.885890960693359375e-02,7.187078094482421875e+01
1.825928688049316406e-02,3.993592224121093750e+02
1.977229118347167969e-02,2.453800048828125000e+02
3.332996368408203125e-02,1.535239379882812500e+03
1.958250999450683594e-02,6.913082275390625000e+02
2.049016952514648438e-02,1.363581665039062500e+03
1.795911788940429688e-02,1.167179321289062500e+03
1.840353012084960938e-02,4.480017395019531250e+02
1.937627792358398438e-02,1.249090942382812500e+03
1.980781555175781250e-02,2.819862670898437500e+02
1.513814926147460938e-02,2.436778411865234375e+02
1.885604858398437500e-02,1.493427368164062500e+03
2.626800537109375000e-02,4.560016174316406250e+02
2.520537376403808594e-02,2.785091247558593750e+02
2.019286155700683594e-02,1.366517700195312500e+03
1.563835144042968750e-02,1.569654235839843750e+02
2.423977851867675781e-02,1.450712890625000000e+03
1.140427589416503906e-02,2.934018859863281250e+02
1.826715469360351562e-02,2.377444335937500000e+03
2.301597595214843750e-02,1.986940429687500000e+03
1.360750198364257812e-02,1.367050048828125000e+03
1.886153221130371094e-02,1.514514404296875000e+03
3.210926055908203125e-02,1.181189727783203125e+02
4.571676254272460938e-03,2.203601074218750000e+03
1.880478858947753906e-02,1.091957763671875000e+03
3.899765014648437500e-02,5.015522766113281250e+02
3.127932548522949219e-02,2.688623046875000000e+02
1.688051223754882812e-02,1.816389892578125000e+03
1.831102371215820312e-02,2.539282684326171875e+02
2.475237846374511719e-02,5.660770034790039062e+01
1.256084442138671875e-02,1.720358886718750000e+03
1.849174499511718750e-02,1.638702514648437500e+03
2.224016189575195312e-02,1.519991210937500000e+03
1.344919204711914062e-02,1.804146270751953125e+02
1.923131942749023438e-02,1.053146514892578125e+02
2.947926521301269531e-02,7.386082458496093750e+01
2.334666252136230469e-02,8.406570434570312500e+02
1.766514778137207031e-02,1.451632568359375000e+03
1.853013038635253906e-02,2.520744628906250000e+02
1.836585998535156250e-02,2.493052215576171875e+02
2.361464500427246094e-02,1.186419296264648438e+02
1.291155815124511719e-02,3.448585815429687500e+02
1.830935478210449219e-02,1.737810058593750000e+02
1.911211013793945312e-02,7.444522094726562500e+02
1.753878593444824219e-02,3.811044006347656250e+02
1.872777938842773438e-02,3.090574264526367188e+01
3.052186965942382812e-02,1.894840545654296875e+02
2.257633209228515625e-02,3.221688842773437500e+02
2.671742439270019531e-02,7.601203613281250000e+02
1.197814941406250000e-02,7.713695068359375000e+02
1.616215705871582031e-02,1.340343017578125000e+02
2.171373367309570312e-02,3.857466735839843750e+02
2.115178108215332031e-02,0.000000000000000000e+00
2.226901054382324219e-02,4.935772705078125000e+02
9.695291519165039062e-03,1.963954315185546875e+02
2.391386032104492188e-02,3.542782287597656250e+02
2.769804000854492188e-02,7.894669342041015625e+01
2.259206771850585938e-02,1.706731323242187500e+03
1.590490341186523438e-02,2.236965484619140625e+02
1.620149612426757812e-02,1.293072631835937500e+03
2.523303031921386719e-02,1.551932861328125000e+03
1.844167709350585938e-02,2.751140441894531250e+02
1.516008377075195312e-02,1.540561370849609375e+02
3.156852722167968750e-02,6.220366821289062500e+02
3.463149070739746094e-02,2.300771484375000000e+03
2.467608451843261719e-02,8.689887237548828125e+01
1.271605491638183594e-02,6.226368713378906250e+01
1.835966110229492188e-02,1.063311279296875000e+03
3.392934799194335938e-02,1.458861999511718750e+02
1.842999458312988281e-02,1.101667098999023438e+02
1.833939552307128906e-02,1.756866210937500000e+03
2.581787109375000000e-02,6.649619140625000000e+02
1.722931861877441406e-02,2.839289245605468750e+02
3.146386146545410156e-02,6.268431396484375000e+02
1.800441741943359375e-02,1.665205078125000000e+02
1.766633987426757812e-02,4.450524902343750000e+02
3.343701362609863281e-02,1.909098876953125000e+03
2.207684516906738281e-02,1.648681030273437500e+02
1.623892784118652344e-02,4.036051025390625000e+02
3.293061256408691406e-02,1.020118255615234375e+02
1.822423934936523438e-02,9.582572631835937500e+02
3.503227233886718750e-02,1.824142211914062500e+03
1.833224296569824219e-02,3.348706054687500000e+02
3.435254096984863281e-02,1.585970458984375000e+03
1.895022392272949219e-02,1.428677978515625000e+02
1.826953887939453125e-02,1.552765747070312500e+03
3.498172760009765625e-02,7.421865844726562500e+02
1.834464073181152344e-02,1.525912231445312500e+03
3.389978408813476562e-02,4.328864440917968750e+02
1.940274238586425781e-02,2.625202880859375000e+03
1.836585998535156250e-02,2.765140869140625000e+03
1.821541786193847656e-02,3.148601379394531250e+02
3.499150276184082031e-02,2.147612548828125000e+03
1.825904846191406250e-02,1.485377807617187500e+03
1.839756965637207031e-02,2.337905273437500000e+03
3.494930267333984375e-02,9.583494262695312500e+02
1.828980445861816406e-02,2.881131591796875000e+03
3.395247459411621094e-02,7.166504516601562500e+02
1.934123039245605469e-02,4.170179748535156250e+02
3.499770164489746094e-02,3.270783081054687500e+02
1.828598976135253906e-02,1.050371322631835938e+02
3.497719764709472656e-02,2.046950927734375000e+03
5.936932563781738281e-02,8.837648925781250000e+02
8.986616134643554688e-02,1.987733764648437500e+03
3.205895423889160156e-02,7.489679718017578125e+01
2.746081352233886719e-02,2.096935791015625000e+03
1.854491233825683594e-02,1.405042266845703125e+02
3.477764129638671875e-02,2.063106689453125000e+02
1.802754402160644531e-02,8.217342529296875000e+02
3.488135337829589844e-02,3.190194511413574219e+01
3.438425064086914062e-02,2.309746093750000000e+03
3.375983238220214844e-02,9.724483642578125000e+02
3.731656074523925781e-02,8.225065307617187500e+02
1.818656921386718750e-02,7.074628906250000000e+02
3.475165367126464844e-02,3.219075317382812500e+02
1.830840110778808594e-02,1.628218688964843750e+02
3.620266914367675781e-02,1.816867370605468750e+02
1.639461517333984375e-02,4.055489196777343750e+02
3.484988212585449219e-02,1.029965362548828125e+02
3.286933898925781250e-02,1.856103515625000000e+03
2.057981491088867188e-02,2.161552429199218750e+01
3.286981582641601562e-02,1.129985809326171875e+02
2.114176750183105469e-02,3.950631713867187500e+02
2.151441574096679688e-02,1.699036254882812500e+03
2.968025207519531250e-02,1.247514038085937500e+03
1.724696159362792969e-02,9.462746582031250000e+02
1.724648475646972656e-02,3.582609863281250000e+02
3.819870948791503906e-02,1.294080200195312500e+03
1.724839210510253906e-02,3.583852539062500000e+02
3.286933898925781250e-02,2.649393066406250000e+03
3.286814689636230469e-02,5.014819335937500000e+02
1.724863052368164062e-02,4.013706665039062500e+02
3.286957740783691406e-02,9.909922485351562500e+02
1.724553108215332031e-02,1.830330047607421875e+02
3.286790847778320312e-02,1.355838928222656250e+02
3.286981582641601562e-02,3.809841156005859375e+01
1.724720001220703125e-02,1.501251586914062500e+03
3.286838531494140625e-02,1.567962493896484375e+02
3.286910057067871094e-02,2.621405517578125000e+03
3.215241432189941406e-02,1.108922973632812500e+03
2.407813072204589844e-02,1.690740966796875000e+03
1.724910736083984375e-02,4.217149353027343750e+02
3.286838531494140625e-02,4.181427001953125000e+01
1.724624633789062500e-02,1.466247863769531250e+02
4.083585739135742188e-02,2.431483764648437500e+02
1.459407806396484375e-02,6.584253540039062500e+02
3.701996803283691406e-02,1.144218750000000000e+02
3.290915489196777344e-02,6.572356567382812500e+02
1.950120925903320312e-02,3.755296936035156250e+02
1.724696159362792969e-02,7.136820068359375000e+02
3.286790847778320312e-02,1.434983154296875000e+03
3.286981582641601562e-02,3.371094970703125000e+02
1.724648475646972656e-02,1.394413085937500000e+03
3.286838531494140625e-02,3.702331542968750000e+02
1.724743843078613281e-02,2.386457824707031250e+02
1.724863052368164062e-02,9.798284149169921875e+01
3.286767005920410156e-02,2.488415039062500000e+03
1.724791526794433594e-02,2.769937744140625000e+02
1.724720001220703125e-02,1.935532073974609375e+02
3.286838531494140625e-02,6.317148437500000000e+02
3.286910057067871094e-02,8.257028808593750000e+02
1.724672317504882812e-02,2.368387756347656250e+02
3.286862373352050781e-02,1.830648803710937500e+02
1.724743843078613281e-02,1.775151062011718750e+02
1.724743843078613281e-02,4.302038879394531250e+02
1.724863052368164062e-02,4.612343139648437500e+02
3.286719322204589844e-02,1.577985229492187500e+03
3.286910057067871094e-02,3.909307861328125000e+02
1.724672317504882812e-02,2.015879516601562500e+03
1.724767684936523438e-02,3.327160034179687500e+02
3.286933898925781250e-02,6.835493164062500000e+02
1.724791526794433594e-02,3.551547241210937500e+02
3.286814689636230469e-02,4.577658386230468750e+02
1.724672317504882812e-02,5.794259643554687500e+02
3.286886215209960938e-02,1.242943237304687500e+03
1.724791526794433594e-02,1.976173858642578125e+02
3.286814689636230469e-02,3.987921752929687500e+02
1.724743843078613281e-02,1.499820922851562500e+03
1.724720001220703125e-02,1.277650024414062500e+03
3.286933898925781250e-02,1.164432048797607422e+01
1.724672317504882812e-02,7.775233154296875000e+02
1.724767684936523438e-02,2.327616882324218750e+02
3.862929344177246094e-02,4.094828796386718750e+02
1.321101188659667969e-02,1.525640869140625000e+03
1.724815368652343750e-02,6.452369995117187500e+02
3.286910057067871094e-02,2.847091369628906250e+02
1.724648475646972656e-02,1.116522094726562500e+03
2.682995796203613281e-02,3.193964843750000000e+02
1.558661460876464844e-02,8.633259887695312500e+02
1.724910736083984375e-02,2.617690734863281250e+02
3.601264953613281250e-02,2.184797119140625000e+03
1.724791526794433594e-02,3.740353775024414062e+01
3.287005424499511719e-02,4.122342529296875000e+02
1.724720001220703125e-02,3.331337585449218750e+02
1.724672317504882812e-02,1.933563476562500000e+03
3.286862373352050781e-02,1.009677810668945312e+02
1.724696159362792969e-02,1.409939086914062500e+03
1.724767684936523438e-02,2.617140197753906250e+02
1.724791526794433594e-02,1.294088134765625000e+03
3.286790847778320312e-02,1.357776977539062500e+03
1.724696159362792969e-02,5.583638305664062500e+02
1.724767684936523438e-02,1.799413452148437500e+03
1.657724380493164062e-02,7.732044219970703125e+01
3.286933898925781250e-02,5.804498901367187500e+02
1.724696159362792969e-02,2.776620788574218750e+02
2.453827857971191406e-02,2.708222045898437500e+02
1.724791526794433594e-02,3.070565673828125000e+03
1.724839210510253906e-02,3.149449768066406250e+02
1.724815368652343750e-02,2.095933837890625000e+03
2.107095718383789062e-02,3.903243103027343750e+02
3.286886215209960938e-02,3.769120788574218750e+02
1.724743843078613281e-02,2.907874755859375000e+02
1.724815368652343750e-02,1.203878417968750000e+03
3.286862373352050781e-02,1.283520263671875000e+03
1.724672317504882812e-02,9.598179931640625000e+02
2.469658851623535156e-02,5.915944671630859375e+01
1.724791526794433594e-02,3.298805236816406250e+02
1.724696159362792969e-02,1.525868682861328125e+02
1.724863052368164062e-02,5.219821777343750000e+02
1.724696159362792969e-02,1.921733245849609375e+02
3.286814689636230469e-02,8.288491821289062500e+01
2.396869659423828125e-02,3.654511260986328125e+01
1.870465278625488281e-02,3.939595947265625000e+02
3.352761268615722656e-02,5.992084350585937500e+02
2.280020713806152344e-02,2.176717041015625000e+03
1.736879348754882812e-02,5.501825561523437500e+02
1.847362518310546875e-02,1.307074127197265625e+02
3.304886817932128906e-02,5.867645263671875000e+01
1.742506027221679688e-02,7.431032562255859375e+01
3.405714035034179688e-02,7.302404174804687500e+02
2.172327041625976562e-02,1.614986328125000000e+03
1.846933364868164062e-02,4.309440002441406250e+02
1.479244232177734375e-02,3.843562622070312500e+02
1.975083351135253906e-02,1.518034210205078125e+02
1.672077178955078125e-02,6.410370483398437500e+02
1.858472824096679688e-02,2.106628906250000000e+03
1.724839210510253906e-02,3.794472961425781250e+02
1.861500740051269531e-02,8.137617492675781250e+01
1.724815368652343750e-02,6.681567192077636719e+00
1.724696159362792969e-02,1.114432128906250000e+03
3.349876403808593750e-02,8.809244384765625000e+02
2.040386199951171875e-02,9.715236206054687500e+02
1.724720001220703125e-02,1.031065368652343750e+01
1.724743843078613281e-02,1.072971923828125000e+03
1.724767684936523438e-02,1.585577148437500000e+03
1.724648475646972656e-02,3.010429382324218750e+02
1.724720001220703125e-02,8.179987792968750000e+02
1.724791526794433594e-02,2.202379760742187500e+02
2.622628211975097656e-02,5.995870361328125000e+02
1.872229576110839844e-02,1.034062866210937500e+03
2.012968063354492188e-02,3.684471435546875000e+02
1.656723022460937500e-02,7.507152709960937500e+02
1.896977424621582031e-02,2.757733764648437500e+02
1.984739303588867188e-02,2.970297851562500000e+02
1.707959175109863281e-02,6.296476440429687500e+02
1.951670646667480469e-02,1.786131501197814941e+00
1.700544357299804688e-02,2.191747436523437500e+02
3.423953056335449219e-02,5.886179199218750000e+02
1.856660842895507812e-02,1.638295898437500000e+02
1.724934577941894531e-02,1.782347869873046875e+02
1.724576950073242188e-02,1.769100036621093750e+02
1.724743843078613281e-02,8.822019042968750000e+02
1.724743843078613281e-02,1.077882568359375000e+03
3.286957740783691406e-02,9.783274841308593750e+01
1.724648475646972656e-02,3.380409545898437500e+02
8.252382278442382812e-03,1.769490051269531250e+02
3.551268577575683594e-02,1.276495117187500000e+03
1.814985275268554688e-02,2.236627685546875000e+03
1.724767684936523438e-02,1.052417236328125000e+03
3.286838531494140625e-02,3.013897399902343750e+02
1.724720001220703125e-02,3.364683227539062500e+02
1.724863052368164062e-02,4.933637619018554688e+01
3.286743164062500000e-02,5.425567626953125000e+02
1.724863052368164062e-02,4.770689392089843750e+02
1.724672317504882812e-02,8.839974365234375000e+02
3.286814689636230469e-02,5.261652832031250000e+02
1.724767684936523438e-02,1.602256164550781250e+02
1.724696159362792969e-02,9.965853271484375000e+02
1.724791526794433594e-02,8.478398132324218750e+01
1.724696159362792969e-02,1.210556640625000000e+02
3.286933898925781250e-02,3.782494354248046875e+01
1.724720001220703125e-02,6.897842407226562500e+01
1.724791526794433594e-02,4.976191101074218750e+02
3.286790847778320312e-02,6.732261962890625000e+02
2.493095397949218750e-02,9.981226196289062500e+02
1.624846458435058594e-02,1.557563110351562500e+03
1.724696159362792969e-02,2.210137023925781250e+02
1.724839210510253906e-02,1.292391357421875000e+02
3.286767005920410156e-02,9.173281860351562500e+01
1.724743843078613281e-02,9.481554985046386719e+00
1.724791526794433594e-02,2.118887939453125000e+03
3.286838531494140625e-02,1.957092132568359375e+02
1.724934577941894531e-02,1.067881225585937500e+03
3.286671638488769531e-02,2.315336151123046875e+02
1.724743843078613281e-02,1.685276389122009277e+00
3.286814689636230469e-02,1.627649536132812500e+02
1.724839210510253906e-02,1.641732177734375000e+02
1.724720001220703125e-02,6.215804443359375000e+02
1.724720001220703125e-02,1.659464965820312500e+03
1.724672317504882812e-02,2.130511932373046875e+02
2.225971221923828125e-02,1.013344177246093750e+03
1.857852935791015625e-02,1.355069213867187500e+03
1.793789863586425781e-02,1.265155883789062500e+03
1.641750335693359375e-02,2.471743621826171875e+02
1.724767684936523438e-02,5.670535278320312500e+02
1.724815368652343750e-02,3.641785278320312500e+02
1.724791526794433594e-02,3.189127807617187500e+02
1.724720001220703125e-02,1.971873901367187500e+03
3.286767005920410156e-02,4.429851379394531250e+02
1.724767684936523438e-02,7.143673706054687500e+02
1.724720001220703125e-02,1.426630615234375000e+03
1.724767684936523438e-02,8.857604370117187500e+02
3.286933898925781250e-02,2.706861572265625000e+03
1.724648475646972656e-02,1.546950927734375000e+03
1.724815368652343750e-02,1.278660034179687500e+03
1.724600791931152344e-02,1.830330047607421875e+02
1.956129074096679688e-02,1.327738380432128906e+01
3.189158439636230469e-02,2.722152404785156250e+02
2.028965950012207031e-02,2.388637084960937500e+02
1.868414878845214844e-02,2.101614257812500000e+03
1.915740966796875000e-02,8.793183135986328125e+01
1.724791526794433594e-02,4.731557312011718750e+02
1.641893386840820312e-02,7.858844757080078125e+01
1.841497421264648438e-02,1.710780883789062500e+03
3.192067146301269531e-02,1.369302062988281250e+02
4.600763320922851562e-03,9.354979858398437500e+02
1.835894584655761719e-02,2.858573608398437500e+02
3.746175765991210938e-02,2.424777587890625000e+03
2.206110954284667969e-02,1.907133422851562500e+03
2.306175231933593750e-02,1.520097534179687500e+03
2.347922325134277344e-02,9.727100830078125000e+02
2.357578277587890625e-02,8.194879150390625000e+02
1.355171203613281250e-02,8.259506225585937500e+02
2.175927162170410156e-02,6.533455200195312500e+02
3.158521652221679688e-02,4.005884399414062500e+02
2.737545967102050781e-02,4.545912170410156250e+02
2.463459968566894531e-02,1.554588134765625000e+03
2.390050888061523438e-02,2.722195243835449219e+01
2.667713165283203125e-02,9.937990570068359375e+01
2.229690551757812500e-02,7.959379882812500000e+02
2.528214454650878906e-02,2.615284729003906250e+02
1.142644882202148438e-02,1.246147827148437500e+03
3.777265548706054688e-02,6.169687500000000000e+02
2.133250236511230469e-02,1.830229949951171875e+02
2.681612968444824219e-02,9.952209472656250000e+02
2.052688598632812500e-02,1.687783203125000000e+03
1.847219467163085938e-02,3.582609863281250000e+02
2.187657356262207031e-02,2.137810516357421875e+02
1.461243629455566406e-02,6.168096923828125000e+02
3.502631187438964844e-02,1.872115722656250000e+03
1.820397377014160156e-02,1.337149414062500000e+03
1.835131645202636719e-02,8.281246948242187500e+02
2.344679832458496094e-02,4.356271057128906250e+02
1.446127891540527344e-02,1.587193603515625000e+03
3.373575210571289062e-02,5.458516845703125000e+02
1.832342147827148438e-02,2.308629882812500000e+03
1.823067665100097656e-02,5.205165405273437500e+02
1.829195022583007812e-02,2.987235412597656250e+02
2.106308937072753906e-02,2.496749023437500000e+03
1.565575599670410156e-02,3.575850830078125000e+02
3.705620765686035156e-02,1.470964111328125000e+03
1.832222938537597656e-02,4.425292968750000000e+02
1.855993270874023438e-02,6.860547485351562500e+02
2.016377449035644531e-02,3.213938720703125000e+03
3.074407577514648438e-02,1.451952392578125000e+03
2.076745033264160156e-02,3.855192260742187500e+02
1.917195320129394531e-02,1.524266662597656250e+02
2.063846588134765625e-02,1.985523071289062500e+03
3.125929832458496094e-02,1.186468017578125000e+03
1.762247085571289062e-02,2.238669433593750000e+03
1.838588714599609375e-02,1.098413940429687500e+03
3.488659858703613281e-02,2.830715332031250000e+02
1.834297180175781250e-02,1.829750854492187500e+03
3.513002395629882812e-02,3.519923095703125000e+02
1.851534843444824219e-02,2.529526977539062500e+02
2.919125556945800781e-02,3.172684936523437500e+02
2.225375175476074219e-02,6.581818847656250000e+02
2.130055427551269531e-02,9.650317382812500000e+01
1.555466651916503906e-02,1.669170043945312500e+03
4.000282287597656250e-02,3.570980224609375000e+02
3.105664253234863281e-02,1.745176147460937500e+03
2.996826171875000000e-02,9.434748077392578125e+01
2.177977561950683594e-02,2.554569854736328125e+02
1.955628395080566406e-02,1.793580322265625000e+02
1.724839210510253906e-02,1.434970825195312500e+03
1.724672317504882812e-02,3.952323608398437500e+02
2.183794975280761719e-02,3.036754455566406250e+02
1.724767684936523438e-02,2.539447326660156250e+02
1.724839210510253906e-02,1.521856445312500000e+03
1.724696159362792969e-02,7.480999755859375000e+01
2.378773689270019531e-02,8.935355186462402344e+00
1.760625839233398438e-02,9.144064941406250000e+02
1.684570312500000000e-02,1.515512817382812500e+03
1.810765266418457031e-02,9.040478515625000000e+02
3.517627716064453125e-02,4.316225891113281250e+02
1.848006248474121094e-02,2.226719818115234375e+02
1.648449897766113281e-02,1.941901855468750000e+02
1.724886894226074219e-02,2.968325500488281250e+02
2.042508125305175781e-02,2.359723388671875000e+03
1.724886894226074219e-02,1.642097412109375000e+03
1.724672317504882812e-02,2.352427734375000000e+03
1.947784423828125000e-02,2.065807128906250000e+03
1.724863052368164062e-02,6.003325653076171875e+01
1.724743843078613281e-02,1.330502014160156250e+02
2.156639099121093750e-02,2.326870849609375000e+03
1.690173149108886719e-02,4.318545532226562500e+02
1.829981803894042969e-02,1.769490051269531250e+02
2.000331878662109375e-02,1.842758544921875000e+03
1.652383804321289062e-02,6.406922607421875000e+02
1.822853088378906250e-02,1.116993331909179688e+02
1.724767684936523438e-02,6.689570312500000000e+02
2.115297317504882812e-02,4.208201904296875000e+02
3.287100791931152344e-02,3.339544677734375000e+02
1.724576950073242188e-02,8.505658569335937500e+02
1.724672317504882812e-02,1.192263549804687500e+03
1.724767684936523438e-02,8.726880493164062500e+02
2.306914329528808594e-02,1.307049194335937500e+03
1.724815368652343750e-02,1.397302246093750000e+03
1.724791526794433594e-02,3.912811660766601562e+01
1.724696159362792969e-02,2.619728393554687500e+02
1.724767684936523438e-02,1.694804687500000000e+02
1.724767684936523438e-02,1.489329711914062500e+03
2.392768859863281250e-02,3.030615234375000000e+02
1.724815368652343750e-02,2.420864746093750000e+03
2.043128013610839844e-02,3.377399902343750000e+02
1.622438430786132812e-02,7.520997314453125000e+02
1.810312271118164062e-02,1.211022705078125000e+03
1.820588111877441406e-02,9.389152221679687500e+02
1.919865608215332031e-02,1.266735687255859375e+02
1.751637458801269531e-02,2.064779296875000000e+03
2.025961875915527344e-02,2.502318878173828125e+02
1.591420173645019531e-02,5.516732177734375000e+02
3.315091133117675781e-02,2.699934814453125000e+03
2.151513099670410156e-02,2.470361175537109375e+02
1.724791526794433594e-02,3.352105712890625000e+01
1.724743843078613281e-02,3.338870239257812500e+02
1.726913452148437500e-02,1.593153839111328125e+02
2.689743041992187500e-02,8.712563514709472656e+00
1.222825050354003906e-02,5.508392333984375000e+02
1.724743843078613281e-02,3.527152099609375000e+02
2.030539512634277344e-02,1.769490051269531250e+02
1.724815368652343750e-02,1.687256622314453125e+02
1.724791526794433594e-02,4.184824829101562500e+02
3.288984298706054688e-02,1.056220214843750000e+03
1.722621917724609375e-02,5.116470031738281250e+02
2.113914489746093750e-02,2.787083740234375000e+02
4.304170608520507812e-03,2.143854492187500000e+03
1.724886894226074219e-02,7.580906982421875000e+02
1.724743843078613281e-02,4.796334533691406250e+02
3.117012977600097656e-02,1.317617492675781250e+02
1.981353759765625000e-02,2.496396728515625000e+03
3.278017044067382812e-03,7.675277099609375000e+02
2.051949501037597656e-02,1.592144531250000000e+03
1.727032661437988281e-02,1.602270874023437500e+03
2.883648872375488281e-02,3.455306396484375000e+02
1.725029945373535156e-02,2.170356750488281250e+02
1.724743843078613281e-02,8.230220031738281250e+01
1.724886894226074219e-02,3.063964111328125000e+03
2.919387817382812500e-02,2.105994140625000000e+03
1.727485656738281250e-02,8.163691406250000000e+02
1.722979545593261719e-02,1.406703247070312500e+03
1.726484298706054688e-02,8.881343994140625000e+02
1.722049713134765625e-02,2.469966888427734375e+02
1.724767684936523438e-02,1.821217193603515625e+02
2.299165725708007812e-02,5.526610717773437500e+02
1.724863052368164062e-02,2.619558715820312500e+02
1.724863052368164062e-02,1.094864135742187500e+03
1.727390289306640625e-02,2.346335205078125000e+03
1.725196838378906250e-02,3.550059204101562500e+02
1.721429824829101562e-02,1.071136108398437500e+03
3.289008140563964844e-02,3.140886840820312500e+02
9.661197662353515625e-03,2.559209960937500000e+03
1.724815368652343750e-02,1.124564086914062500e+03
3.286886215209960938e-02,1.565248413085937500e+02
1.728010177612304688e-02,5.407219848632812500e+02
2.209162712097167969e-02,2.010716308593750000e+03
2.061939239501953125e-02,2.277600555419921875e+02
1.951742172241210938e-02,2.145685882568359375e+02
1.877832412719726562e-02,1.757985839843750000e+03
1.510763168334960938e-02,1.485714843750000000e+03
1.750826835632324219e-02,1.493205444335937500e+03
1.815247535705566406e-02,1.641751831054687500e+03
3.554916381835937500e-02,8.031035156250000000e+02
1.862955093383789062e-02,1.835500030517578125e+02
2.503228187561035156e-02,2.480744743347167969e+01
2.141308784484863281e-02,1.422846557617187500e+03
2.201604843139648438e-02,2.450323486328125000e+01
1.937532424926757812e-02,5.080571899414062500e+02
1.939105987548828125e-02,2.325562591552734375e+02
1.815962791442871094e-02,7.886441040039062500e+02
1.897430419921875000e-02,1.411789062500000000e+03
1.723837852478027344e-02,3.475799865722656250e+02
1.873540878295898438e-02,3.356580505371093750e+02
2.109169960021972656e-02,3.133465576171875000e+02
1.949715614318847656e-02,5.592326049804687500e+02
1.855397224426269531e-02,2.163040008544921875e+02
1.834273338317871094e-02,1.783324829101562500e+03
2.166152000427246094e-02,2.795427856445312500e+02
1.205229759216308594e-02,2.581194152832031250e+02
1.965689659118652344e-02,3.697226867675781250e+02
1.526260375976562500e-02,8.321428222656250000e+02
3.330922126770019531e-02,9.131544799804687500e+02
2.047801017761230469e-02,5.094535827636718750e+02
2.010869979858398438e-02,5.326143188476562500e+02
1.844000816345214844e-02,1.787782104492187500e+03
1.692080497741699219e-02,7.444708251953125000e+02
1.689577102661132812e-02,4.806767272949218750e+01
1.939415931701660156e-02,1.785479125976562500e+02
1.731228828430175781e-02,2.016210784912109375e+02
3.864407539367675781e-02,1.832546752929687500e+03
2.254009246826171875e-02,5.232709350585937500e+02
9.045839309692382812e-03,5.745010757446289062e+01
1.728391647338867188e-02,2.416512695312500000e+03
3.286433219909667969e-02,1.805231567382812500e+03
1.721572875976562500e-02,2.131529388427734375e+02
1.729869842529296875e-02,8.789823150634765625e+01
2.328991889953613281e-02,1.364676635742187500e+03
2.304029464721679688e-02,3.945266113281250000e+02
1.689243316650390625e-02,1.343433349609375000e+03
1.823925971984863281e-02,1.576789184570312500e+03
1.565957069396972656e-02,1.769629974365234375e+02
1.797366142272949219e-02,4.114841613769531250e+02
1.874828338623046875e-02,8.366812133789062500e+02
1.679158210754394531e-02,7.265083618164062500e+02
1.980757713317871094e-02,8.193324279785156250e+01
1.842689514160156250e-02,5.722003173828125000e+02
1.873445510864257812e-02,3.187349365234375000e+03
1.829147338867187500e-02,2.513196868896484375e+02
2.451062202453613281e-02,1.101130126953125000e+03
2.286744117736816406e-02,3.545270996093750000e+02
1.247429847717285156e-02,3.528699951171875000e+02
1.392650604248046875e-02,1.557630462646484375e+02
1.786518096923828125e-02,9.579535522460937500e+02
3.462123870849609375e-02,3.307859497070312500e+02
1.841783523559570312e-02,1.679998168945312500e+02
1.846098899841308594e-02,2.922242126464843750e+02
1.819038391113281250e-02,9.515572509765625000e+02
1.837992668151855469e-02,4.983627014160156250e+02
1.831173896789550781e-02,3.974045181274414062e+01
1.820302009582519531e-02,3.369440612792968750e+02
1.832985877990722656e-02,7.408498535156250000e+02
1.845765113830566406e-02,3.834126892089843750e+02
2.161383628845214844e-02,2.140606384277343750e+02
1.518464088439941406e-02,1.519375854492187500e+03
1.819324493408203125e-02,1.708874053955078125e+02
4.351782798767089844e-02,5.988450622558593750e+01
2.855849266052246094e-02,1.087834838867187500e+03
2.656865119934082031e-02,3.767937011718750000e+02
1.578354835510253906e-02,1.764557189941406250e+02
1.005673408508300781e-02,2.018338745117187500e+03
1.726865768432617188e-02,2.627105102539062500e+02
1.725864410400390625e-02,1.519502807617187500e+03
2.051687240600585938e-02,3.759959411621093750e+02
1.841711997985839844e-02,1.149463012695312500e+03
1.827979087829589844e-02,4.000224685668945312e+01
3.440976142883300781e-02,1.037302978515625000e+03
2.324962615966796875e-02,1.464678710937500000e+03
1.855134963989257812e-02,5.060181884765625000e+02
1.710987091064453125e-02,1.786982116699218750e+02
1.858735084533691406e-02,1.143880004882812500e+03
1.879763603210449219e-02,5.417560424804687500e+02
1.326513290405273438e-02,1.419325805664062500e+03
1.726841926574707031e-02,3.264141845703125000e+02
1.773333549499511719e-02,3.548653869628906250e+02
2.080917358398437500e-02,1.591857421875000000e+03
2.129411697387695312e-02,2.138051910400390625e+02
1.985311508178710938e-02,1.010400009155273438e+01
1.636672019958496094e-02,2.873523864746093750e+02
2.209687232971191406e-02,6.429820556640625000e+02
1.449036598205566406e-02,1.536114990234375000e+03
2.033519744873046875e-02,6.025420532226562500e+02
1.401281356811523438e-02,1.627679199218750000e+03
2.918457984924316406e-02,2.279660034179687500e+02
6.598949432373046875e-03,1.415917236328125000e+03
3.100609779357910156e-02,5.249220657348632812e+01
7.595777511596679688e-03,4.438168334960937500e+02
1.642012596130371094e-02,3.550875854492187500e+01
3.541088104248046875e-02,2.459117736816406250e+02
1.868891716003417969e-02,3.387194442749023438e+01
2.089977264404296875e-02,4.075703430175781250e+02
1.939463615417480469e-02,4.156665649414062500e+02
2.182126045227050781e-02,1.365215820312500000e+03
1.633143424987792969e-02,2.767223815917968750e+02
3.144454956054687500e-02,3.296141052246093750e+02
2.125883102416992188e-02,3.968564758300781250e+02
2.269554138183593750e-02,1.610705871582031250e+02
1.099300384521484375e-02,1.286640472412109375e+02
3.492307662963867188e-02,1.632753753662109375e+01
1.932549476623535156e-02,1.153410644531250000e+03
1.885271072387695312e-02,2.632452087402343750e+02
1.788258552551269531e-02,1.162219360351562500e+03
2.334737777709960938e-02,2.038606201171875000e+03
2.778482437133789062e-02,9.828623962402343750e+01
1.818037033081054688e-02,6.326308593750000000e+02
1.642560958862304688e-02,5.003345336914062500e+02
1.923537254333496094e-02,2.325605621337890625e+02
1.844406127929687500e-02,5.769892578125000000e+02
1.840829849243164062e-02,8.459227294921875000e+02
2.099537849426269531e-02,1.006291931152343750e+03
1.636767387390136719e-02,2.230225830078125000e+02
3.021764755249023438e-02,1.969293212890625000e+03
1.870822906494140625e-02,1.504905395507812500e+03
2.071261405944824219e-02,8.243755340576171875e+01
2.655792236328125000e-02,4.541462707519531250e+02
2.378654479980468750e-02,6.293528442382812500e+02
2.144265174865722656e-02,3.868641257286071777e-01
1.690793037414550781e-02,1.319732177734375000e+03
1.886248588562011719e-02,1.023772583007812500e+03
1.847672462463378906e-02,1.645156097412109375e+02
2.580714225769042969e-02,2.064109649658203125e+02
2.446603775024414062e-02,3.369691772460937500e+02
1.798319816589355469e-02,1.156404296875000000e+03
1.859974861145019531e-02,1.987485656738281250e+02
1.839900016784667969e-02,1.952673217773437500e+03
1.880264282226562500e-02,2.110409088134765625e+02
2.139782905578613281e-02,1.765550537109375000e+02
1.727271080017089844e-02,2.155000000000000000e+02
3.287267684936523438e-02,2.787339782714843750e+02
1.724433898925781250e-02,3.125581054687500000e+02
3.287172317504882812e-02,3.777385253906250000e+02
1.726675033569335938e-02,2.371414642333984375e+02
1.721811294555664062e-02,1.961582275390625000e+03
3.287649154663085938e-02,4.423328247070312500e+02
1.722526550292968750e-02,2.186173095703125000e+03
1.726531982421875000e-02,9.180594482421875000e+02
1.724314689636230469e-02,2.483768310546875000e+02
1.724743843078613281e-02,2.880258178710937500e+02
1.724982261657714844e-02,7.483917999267578125e+01
1.725864410400390625e-02,8.237381591796875000e+02
1.724433898925781250e-02,2.381310577392578125e+02
1.724767684936523438e-02,6.986290283203125000e+02
1.724767684936523438e-02,1.761236206054687500e+03
1.724743843078613281e-02,2.799610595703125000e+02
1.726222038269042969e-02,1.055255004882812500e+03
3.284978866577148438e-02,3.625660095214843750e+02
1.725339889526367188e-02,2.328222656250000000e+02
2.099466323852539062e-02,5.694960327148437500e+02
1.905894279479980469e-02,2.789045715332031250e+02
1.893377304077148438e-02,3.643319702148437500e+02
1.952338218688964844e-02,-7.490000128746032715e-01
1.772356033325195312e-02,8.748588256835937500e+02
1.944708824157714844e-02,0.000000000000000000e+00
1.968431472778320312e-02,1.145005737304687500e+03
2.056550979614257812e-02,8.987905883789062500e+02
3.254270553588867188e-02,3.506178283691406250e+02
3.956317901611328125e-02,2.571901855468750000e+02
1.591706275939941406e-02,1.981782989501953125e+02
2.136278152465820312e-02,2.309878234863281250e+02
2.195286750793457031e-02,2.659249496459960938e+01
1.827740669250488281e-02,4.229033813476562500e+02
1.865267753601074219e-02,1.941722900390625000e+03
2.655243873596191406e-02,1.900036010742187500e+02
2.366304397583007812e-02,2.329186523437500000e+03
1.776266098022460938e-02,8.311439208984375000e+02
1.965713500976562500e-02,1.037274780273437500e+03
2.699971199035644531e-02,8.555964469909667969e+00
1.838469505310058594e-02,9.457950439453125000e+02
1.852035522460937500e-02,8.342311401367187500e+02
2.602529525756835938e-02,4.066618957519531250e+02
2.359366416931152344e-02,3.709170532226562500e+02
1.933312416076660156e-02,3.094032897949218750e+02
1.732468605041503906e-02,5.561480712890625000e+01
2.710604667663574219e-02,9.866315307617187500e+02
2.148866653442382812e-02,4.206104125976562500e+02
2.101969718933105469e-02,6.621304321289062500e+02
1.828312873840332031e-02,2.410254096984863281e+01
2.462816238403320312e-02,1.031622192382812500e+03
2.431511878967285156e-02,1.154567993164062500e+03
1.964092254638671875e-02,1.357072143554687500e+02
1.790285110473632812e-02,6.603929901123046875e+01
1.959133148193359375e-02,3.383330383300781250e+02
1.815414428710937500e-02,1.056014770507812500e+03
1.849770545959472656e-02,9.953489990234375000e+02
1.919889450073242188e-02,4.044066467285156250e+02
1.892161369323730469e-02,1.759381256103515625e+02
1.933479309082031250e-02,8.001663208007812500e+02
1.760840415954589844e-02,3.083655395507812500e+02
2.631187438964843750e-02,4.669483032226562500e+02
3.140521049499511719e-02,2.146738281250000000e+02
3.108167648315429688e-02,3.217460327148437500e+02
2.410411834716796875e-02,5.998504028320312500e+02
4.732847213745117188e-03,-1.524798572063446045e-01
1.831674575805664062e-02,1.202779418945312500e+03
1.823282241821289062e-02,1.148333007812500000e+03
1.989269256591796875e-02,1.403851806640625000e+03
3.326606750488281250e-02,1.291621093750000000e+03
1.830410957336425781e-02,5.168802261352539062e+01
1.857256889343261719e-02,3.671123962402343750e+02
2.049565315246582031e-02,3.319999933242797852e+00
1.626420021057128906e-02,3.506900939941406250e+02
3.590226173400878906e-02,3.107811889648437500e+02
1.706171035766601562e-02,4.972122013568878174e-01
1.801490783691406250e-02,1.615828613281250000e+03
4.122114181518554688e-02,1.569838867187500000e+03
1.233720779418945312e-02,2.571421203613281250e+02
2.059340476989746094e-02,2.241764068603515625e+02
1.613950729370117188e-02,2.851824707031250000e+03
1.834368705749511719e-02,2.047010009765625000e+03
1.761341094970703125e-02,5.065859069824218750e+02
1.899051666259765625e-02,1.759040069580078125e+02
1.834344863891601562e-02,1.880945190429687500e+03
2.155733108520507812e-02,4.455072021484375000e+02
1.688790321350097656e-02,4.469683227539062500e+02
1.623511314392089844e-02,3.765210266113281250e+02
1.848936080932617188e-02,7.127883300781250000e+02
3.264236450195312500e-02,1.778268920898437500e+03
1.794123649597167969e-02,1.651662475585937500e+03
3.490209579467773438e-03,1.049082397460937500e+03
1.848530769348144531e-02,1.137824218750000000e+03
1.908731460571289062e-02,1.094665527343750000e+03
3.029251098632812500e-02,2.244644775390625000e+03
1.971149444580078125e-02,2.320386962890625000e+02
1.531505584716796875e-02,0.000000000000000000e+00
1.885581016540527344e-02,2.035949554443359375e+02
1.876997947692871094e-02,7.505209960937500000e+02
1.895642280578613281e-02,1.702040710449218750e+02
2.726769447326660156e-02,2.831686096191406250e+02
2.407622337341308594e-02,1.454530639648437500e+03
1.945233345031738281e-02,8.205552368164062500e+02
1.933431625366210938e-02,7.458253479003906250e+01
8.963823318481445312e-03,8.124948120117187500e+02
3.160738945007324219e-02,1.040123168945312500e+03
2.159285545349121094e-02,8.731594848632812500e+01
2.013707160949707031e-02,8.213850708007812500e+02
1.626658439636230469e-02,3.672167358398437500e+02
1.502466201782226562e-02,2.154559082031250000e+03
3.070950508117675781e-02,1.206951293945312500e+03
3.127479553222656250e-02,1.132767028808593750e+02
3.083157539367675781e-02,2.484899749755859375e+02
1.300382614135742188e-02,2.351211669921875000e+03
1.865673065185546875e-02,1.411950683593750000e+03
3.774738311767578125e-02,1.551356079101562500e+03
1.678657531738281250e-02,2.731000366210937500e+02
1.887869834899902344e-02,1.509594482421875000e+03
3.586578369140625000e-02,8.510316848754882812e+00
3.042554855346679688e-02,2.685437011718750000e+02
2.336025238037109375e-02,1.361158813476562500e+03
1.866149902343750000e-02,1.943049438476562500e+03
1.873755455017089844e-02,2.117133636474609375e+02
2.592802047729492188e-02,8.379195556640625000e+02
2.348542213439941406e-02,3.223172607421875000e+03
1.872301101684570312e-02,2.340380554199218750e+02
1.839637756347656250e-02,4.167131347656250000e+02
1.939129829406738281e-02,7.058590698242187500e+02
1.832389831542968750e-02,1.308139038085937500e+03
1.933336257934570312e-02,8.745437622070312500e+01
1.758956909179687500e-02,1.754668334960937500e+03
1.814532279968261719e-02,7.642831420898437500e+01
1.712512969970703125e-02,1.770747680664062500e+02
2.818584442138671875e-03,1.380577026367187500e+03
3.284907341003417969e-02,4.840122070312500000e+02
1.823878288269042969e-02,2.219010772705078125e+02
2.360606193542480469e-02,1.104425048828125000e+03
3.294777870178222656e-02,6.989739990234375000e+02
1.877975463867187500e-02,4.121591491699218750e+02
1.496529579162597656e-02,1.130235961914062500e+03
2.914714813232421875e-02,8.597788085937500000e+02
1.832985877990722656e-02,2.932214843750000000e+03
7.611751556396484375e-03,3.715152587890625000e+02
1.833391189575195312e-02,5.392434692382812500e+02
3.544974327087402344e-02,1.847922241210937500e+03
1.785874366760253906e-02,3.316378479003906250e+02
1.815390586853027344e-02,8.048135986328125000e+02
1.836824417114257812e-02,2.862184448242187500e+02
1.828193664550781250e-02,1.340243652343750000e+03
1.839137077331542969e-02,2.033541015625000000e+03
1.893639564514160156e-02,5.221380004882812500e+02
1.771283149719238281e-02,1.071592773437500000e+03
1.826524734497070312e-02,8.453987426757812500e+02
3.262972831726074219e-02,1.871487304687500000e+03
1.850843429565429688e-02,1.597270996093750000e+03
2.075552940368652344e-02,1.249076690673828125e+02
3.491544723510742188e-02,7.523442382812500000e+02
1.798057556152343750e-02,3.854070312500000000e+03
2.119898796081542969e-02,1.644904479980468750e+02
1.693201065063476562e-02,4.292741699218750000e+02
1.835918426513671875e-02,3.312075195312500000e+02
1.842236518859863281e-02,3.567362365722656250e+02
1.822519302368164062e-02,1.302308959960937500e+02
1.653528213500976562e-02,1.784533203125000000e+03
1.859164237976074219e-02,1.800040039062500000e+03
1.879048347473144531e-02,2.158360351562500000e+03
3.436088562011718750e-02,1.307464599609375000e+03
1.865577697753906250e-02,7.773701171875000000e+02
1.815748214721679688e-02,4.519113769531250000e+02
3.708243370056152344e-02,3.024281921386718750e+02
1.726317405700683594e-02,1.402066955566406250e+02
1.923155784606933594e-02,3.066363525390625000e+02
2.367115020751953125e-02,3.782568664550781250e+02
2.356624603271484375e-02,1.409710571289062500e+03
1.835966110229492188e-02,6.124067687988281250e+01
1.432585716247558594e-02,9.477764282226562500e+02
2.764630317687988281e-02,1.031771945953369141e+01
2.334189414978027344e-02,5.228677749633789062e+01
1.669883728027343750e-02,3.103763122558593750e+02
1.801919937133789062e-02,2.921015014648437500e+02
2.216911315917968750e-02,1.012036590576171875e+02
1.877880096435546875e-02,5.790859375000000000e+02
1.866936683654785156e-02,1.995540771484375000e+02
2.515411376953125000e-02,1.492793090820312500e+03
2.352952957153320312e-02,2.510670166015625000e+02
1.837468147277832031e-02,3.885965270996093750e+02
1.465892791748046875e-02,2.479549713134765625e+02
2.201509475708007812e-02,3.614927062988281250e+02
1.663661003112792969e-02,1.507910003662109375e+02
3.355717658996582031e-02,2.492190856933593750e+02
1.828384399414062500e-02,2.989981384277343750e+02
1.609778404235839844e-02,2.876505737304687500e+02
3.333139419555664062e-02,2.735906372070312500e+02
1.928329467773437500e-02,2.555023498535156250e+02
5.009889602661132812e-03,3.469562072753906250e+02
3.879094123840332031e-02,5.122495727539062500e+02
1.171326637268066406e-02,2.219896484375000000e+03
3.055238723754882812e-02,2.365132446289062500e+02
1.481771469116210938e-02,7.757451782226562500e+02
2.515959739685058594e-02,4.019926452636718750e+02
3.114628791809082031e-02,1.083659179687500000e+03
2.322196960449218750e-02,3.209478454589843750e+02
1.461124420166015625e-02,1.156776000976562500e+03
1.744627952575683594e-02,3.605283813476562500e+02
7.712841033935546875e-03,1.836150054931640625e+02
2.440118789672851562e-02,3.902965393066406250e+02
1.195454597473144531e-02,8.319730834960937500e+02
1.808810234069824219e-02,4.042785339355468750e+02
1.846742630004882812e-02,1.078584442138671875e+02
1.860332489013671875e-02,2.901975097656250000e+03
1.804208755493164062e-02,3.024873535156250000e+03
1.962900161743164062e-02,6.308225097656250000e+02
2.586388587951660156e-02,1.869827117919921875e+02
1.182532310485839844e-02,1.233256835937500000e+03
3.338813781738281250e-02,1.517298217773437500e+03
1.866292953491210938e-02,9.328992919921875000e+02
1.787900924682617188e-02,2.741864746093750000e+03
3.306698799133300781e-02,3.708363342285156250e+02
1.986074447631835938e-02,9.507548217773437500e+02
2.050852775573730469e-02,2.847110595703125000e+02
2.950000762939453125e-02,1.824207305908203125e+02
2.400398254394531250e-02,3.526395263671875000e+02
1.637506484985351562e-02,1.305198120117187500e+03
1.827621459960937500e-02,1.518706359863281250e+02
1.738190650939941406e-02,1.376340576171875000e+03
1.837420463562011719e-02,9.470021972656250000e+02
1.729869842529296875e-02,3.681053771972656250e+02
1.727461814880371094e-02,3.086923217773437500e+02
3.286933898925781250e-02,1.436323486328125000e+03
1.724791526794433594e-02,2.406274658203125000e+03
1.937770843505859375e-02,2.017954444885253906e+01
1.725053787231445312e-02,7.299526367187500000e+02
1.727437973022460938e-02,3.236774414062500000e+03
3.284239768981933594e-02,1.035598182678222656e+01
4.852414131164550781e-02,7.917981567382812500e+02
1.723933219909667969e-02,5.807763061523437500e+02
1.726055145263671875e-02,5.765999984741210938e+01
3.285741806030273438e-02,4.076354675292968750e+02
2.069044113159179688e-02,1.608692504882812500e+03
1.562714576721191406e-02,2.431099700927734375e+01
1.926851272583007812e-02,2.023686370849609375e+02
3.448843955993652344e-02,4.479217224121093750e+02
3.980302810668945312e-02,1.055841827392578125e+02
3.074240684509277344e-02,2.498532562255859375e+02
2.365660667419433594e-02,2.787098083496093750e+02
1.620912551879882812e-02,1.100456298828125000e+03
1.819252967834472656e-02,1.294024902343750000e+03
1.842999458312988281e-02,3.523500061035156250e+02
1.785159111022949219e-02,2.261968261718750000e+03
2.557778358459472656e-02,1.315816894531250000e+03
3.195643424987792969e-02,4.798649291992187500e+02
2.225017547607421875e-02,1.315166748046875000e+03
1.712274551391601562e-02,1.744587097167968750e+02
1.928472518920898438e-02,1.773920776367187500e+03
1.675415039062500000e-02,1.202049804687500000e+03
1.831603050231933594e-02,1.566914062500000000e+02
6.294012069702148438e-03,7.486373901367187500e+02
3.287053108215332031e-02,1.298695434570312500e+03
2.027535438537597656e-02,1.499013183593750000e+03
2.601933479309082031e-02,3.125011901855468750e+02
1.909828186035156250e-02,1.204619995117187500e+03
1.681160926818847656e-02,1.918535614013671875e+02
3.512740135192871094e-02,2.702967529296875000e+02
1.659393310546875000e-02,2.554187011718750000e+02
1.901960372924804688e-02,6.852879638671875000e+02
3.417229652404785156e-02,2.167241973876953125e+02
1.346993446350097656e-02,1.919481567382812500e+03
1.818823814392089844e-02,4.226687927246093750e+02
1.858472824096679688e-02,3.557110290527343750e+02
1.823067665100097656e-02,1.372873840332031250e+02
1.812148094177246094e-02,6.363484497070312500e+02
1.849079132080078125e-02,4.447016601562500000e+02
1.812934875488281250e-02,3.770433959960937500e+02
1.848602294921875000e-02,1.611424407958984375e+02
1.830959320068359375e-02,7.257150268554687500e+02
1.826977729797363281e-02,5.365240097045898438e+01
1.835823059082031250e-02,9.671025848388671875e+01
1.967906951904296875e-02,7.799687500000000000e+02
1.699328422546386719e-02,1.195081909179687500e+03
2.295780181884765625e-02,7.161305541992187500e+02
2.511143684387207031e-02,2.405699157714843750e+02
2.486443519592285156e-02,1.730806640625000000e+03
2.285265922546386719e-02,3.120267333984375000e+02
1.811099052429199219e-02,1.940802124023437500e+03
1.763701438903808594e-02,2.085759277343750000e+03
1.884531974792480469e-02,7.482507324218750000e+01
1.264119148254394531e-02,8.704447631835937500e+02
1.840066909790039062e-02,6.447970867156982422e+00
1.815533638000488281e-02,1.014253784179687500e+03
2.014160156250000000e-02,1.350634643554687500e+03
1.714611053466796875e-02,2.247952636718750000e+03
1.771545410156250000e-02,1.017123641967773438e+02
1.820778846740722656e-02,9.369825744628906250e+01
1.826119422912597656e-02,2.451959228515625000e+02
1.842784881591796875e-02,1.143796386718750000e+03
2.487301826477050781e-02,2.016094970703125000e+02
1.821208000183105469e-02,1.604673309326171875e+02
1.180696487426757812e-02,4.118071289062500000e+02
1.821351051330566406e-02,5.338701171875000000e+02
1.842379570007324219e-02,9.113794708251953125e+01
1.824164390563964844e-02,1.425298950195312500e+03
1.888418197631835938e-02,1.380064575195312500e+03
2.337789535522460938e-02,8.712156372070312500e+02
1.704692840576171875e-02,3.552399902343750000e+02
2.086758613586425781e-02,2.291512756347656250e+02
1.500940322875976562e-02,7.642410278320312500e+02
1.959967613220214844e-02,2.536399841308593750e+02
1.673054695129394531e-02,9.233416557312011719e+00
3.186655044555664062e-02,5.524737548828125000e+02
1.790857315063476562e-02,3.917674560546875000e+02
1.836895942687988281e-02,5.614321289062500000e+02
1.830959320068359375e-02,8.938545227050781250e+01
1.844763755798339844e-02,7.898550415039062500e+02
1.829981803894042969e-02,3.892419433593750000e+02
3.480935096740722656e-02,2.943487854003906250e+02
1.910090446472167969e-02,1.217830566406250000e+03
3.447604179382324219e-02,2.277283782958984375e+02
1.806044578552246094e-02,9.961230468750000000e+02
1.825165748596191406e-02,6.335969848632812500e+02
2.181100845336914062e-02,7.150885009765625000e+01
1.866650581359863281e-02,2.866054077148437500e+02
1.813912391662597656e-02,2.206259765625000000e+03
1.853680610656738281e-02,4.052330627441406250e+02
2.300643920898437500e-02,1.774186401367187500e+02
1.637935638427734375e-02,8.990502929687500000e+01
2.244234085083007812e-02,3.306210327148437500e+01
2.709126472473144531e-02,2.479792480468750000e+02
2.277016639709472656e-02,9.178518676757812500e+02
1.895594596862792969e-02,2.558385620117187500e+02
1.078295707702636719e-02,8.094442138671875000e+02
1.823353767395019531e-02,1.149888706207275391e+01
2.056956291198730469e-02,1.516636962890625000e+03
2.307796478271484375e-02,6.146343383789062500e+02
1.822257041931152344e-02,1.093793823242187500e+03
1.056337356567382812e-02,5.726126098632812500e+02
3.289675712585449219e-02,1.398601684570312500e+02
1.727008819580078125e-02,6.816943359375000000e+01
3.571653366088867188e-02,1.333466186523437500e+03
1.950836181640625000e-02,1.520785888671875000e+03
1.989841461181640625e-02,1.394989746093750000e+03
1.878476142883300781e-02,1.102380737304687500e+03
2.738571166992187500e-02,2.065220642089843750e+01
1.560807228088378906e-02,1.714812500000000000e+03
2.509236335754394531e-02,1.273965576171875000e+03
1.709580421447753906e-02,1.218202392578125000e+03
1.735305786132812500e-02,2.317311767578125000e+03
6.498813629150390625e-03,9.268710937500000000e+02
1.726841926574707031e-02,5.975623779296875000e+02
1.724696159362792969e-02,2.064953308105468750e+02
2.760338783264160156e-02,1.572510375976562500e+03
1.110482215881347656e-02,3.802993774414062500e+02
3.289723396301269531e-02,1.414560913085937500e+03
1.726770401000976562e-02,6.679706420898437500e+02
3.284883499145507812e-02,4.666658020019531250e+02
2.371048927307128906e-02,4.052500534057617188e+01
2.151036262512207031e-02,9.902530517578125000e+02
2.387118339538574219e-02,9.448986053466796875e+01
1.046800613403320312e-02,2.325921142578125000e+03
3.336071968078613281e-02,6.223497314453125000e+02
1.880073547363281250e-02,9.957152099609375000e+02
1.845192909240722656e-02,3.186625289916992188e+01
1.863574981689453125e-02,3.868187866210937500e+02
1.879620552062988281e-02,9.150254516601562500e+02
2.542328834533691406e-02,4.507513732910156250e+02
2.245593070983886719e-02,2.463198974609375000e+03
1.923131942749023438e-02,5.460635375976562500e+02
1.678395271301269531e-02,1.188655029296875000e+03
1.629185676574707031e-02,1.389576049804687500e+03
8.739709854125976562e-03,3.960870666503906250e+02
1.728391647338867188e-02,5.440370483398437500e+02
3.286433219909667969e-02,9.904950561523437500e+02
1.724648475646972656e-02,5.115641174316406250e+02
3.311872482299804688e-02,2.577796020507812500e+02
1.828455924987792969e-02,7.466532897949218750e+01
1.728844642639160156e-02,5.263475894927978516e+00
3.282952308654785156e-02,1.978286132812500000e+02
1.724267005920410156e-02,9.276707153320312500e+02
3.287315368652343750e-02,9.349074707031250000e+02
1.724672317504882812e-02,3.332299194335937500e+02
3.287124633789062500e-02,2.083108886718750000e+03
1.724410057067871094e-02,2.279480743408203125e+02
2.705168724060058594e-02,1.268316528320312500e+03
1.624774932861328125e-02,1.879886840820312500e+03
1.769542694091796875e-02,1.066024414062500000e+03
1.223683357238769531e-02,2.251394653320312500e+02
1.724791526794433594e-02,1.221048828125000000e+03
1.724791526794433594e-02,2.031362152099609375e+01
1.729059219360351562e-02,1.119793243408203125e+02
1.722383499145507812e-02,1.258197250366210938e+02
1.724767684936523438e-02,1.330804565429687500e+03
1.724767684936523438e-02,1.557974487304687500e+03
1.724672317504882812e-02,2.033377838134765625e+02
2.658915519714355469e-02,6.129580688476562500e+02
1.804161071777343750e-02,2.122961425781250000e+03
2.471137046813964844e-02,2.992451171875000000e+03
1.816272735595703125e-02,1.607246215820312500e+03
1.630663871765136719e-02,1.283390991210937500e+03
1.779031753540039062e-02,3.619993286132812500e+02
1.832056045532226562e-02,2.467349609375000000e+03
1.640129089355468750e-02,1.281954589843750000e+03
2.372908592224121094e-02,1.342622436523437500e+03
1.063942909240722656e-02,6.219095458984375000e+02
3.430485725402832031e-02,1.043189525604248047e+00
1.912832260131835938e-02,2.501071533203125000e+03
1.780080795288085938e-02,3.839729614257812500e+02
1.984119415283203125e-03,1.418159790039062500e+03
1.845216751098632812e-02,2.713871765136718750e+02
1.839542388916015625e-02,5.874514160156250000e+02
1.832914352416992188e-02,8.136013031005859375e+01
1.821565628051757812e-02,2.317216949462890625e+02
2.102661132812500000e-02,3.560435180664062500e+02
1.550459861755371094e-02,8.053419799804687500e+02
3.524231910705566406e-02,2.481375579833984375e+02
1.800084114074707031e-02,9.834479370117187500e+02
2.228784561157226562e-02,2.714546203613281250e+02
1.964449882507324219e-02,6.206277847290039062e+01
1.705217361450195312e-02,2.234676818847656250e+02
1.864576339721679688e-02,5.490570068359375000e+02
1.782917976379394531e-02,1.032376831054687500e+03
1.854968070983886719e-02,4.250489807128906250e+02
1.862239837646484375e-02,3.049786682128906250e+02
3.083562850952148438e-02,1.913610076904296875e+02
2.302026748657226562e-02,1.005562286376953125e+02
1.291823387145996094e-02,1.455892944335937500e+03
1.724791526794433594e-02,3.911114883422851562e+01
1.728796958923339844e-02,4.834671936035156250e+02
1.725697517395019531e-02,2.453852081298828125e+02
1.723766326904296875e-02,5.511942138671875000e+02
1.725769042968750000e-02,2.766605224609375000e+02
3.281855583190917969e-02,9.786219482421875000e+02
1.724696159362792969e-02,1.829140014648437500e+02
1.724743843078613281e-02,1.769770050048828125e+02
1.727890968322753906e-02,1.531768188476562500e+03
1.993870735168457031e-02,3.188801269531250000e+02
1.416778564453125000e-02,1.140207885742187500e+03
1.860737800598144531e-02,6.003711547851562500e+02
1.773929595947265625e-02,6.342373046875000000e+02
3.264927864074707031e-02,1.640849365234375000e+03
2.319955825805664062e-02,3.501891784667968750e+02
2.140498161315917969e-02,1.957714233398437500e+02
1.959443092346191406e-02,4.488144226074218750e+02
8.684873580932617188e-03,1.985788208007812500e+03
1.727890968322753906e-02,2.565020751953125000e+02
1.724076271057128906e-02,8.591845703125000000e+02
1.724362373352050781e-02,3.142634582519531250e+02
1.724720001220703125e-02,1.011172103881835938e+02
3.287935256958007812e-02,3.402367858886718750e+02
1.834106445312500000e-02,2.597155761718750000e+02
3.320956230163574219e-02,3.807691955566406250e+02
2.256798744201660156e-02,1.935556518554687500e+03
8.100032806396484375e-03,1.988872436523437500e+03
2.936601638793945312e-02,1.561849609375000000e+03
2.791094779968261719e-02,3.608134155273437500e+02
2.562355995178222656e-02,7.722738037109375000e+02
1.860737800598144531e-02,1.571090209960937500e+03
2.642011642456054688e-02,6.106190795898437500e+02
2.265763282775878906e-02,6.312217407226562500e+02
2.316832542419433594e-02,1.221201324462890625e+02
1.721477508544921875e-02,3.777795410156250000e+02
3.402113914489746094e-02,1.343771209716796875e+02
1.722025871276855469e-02,2.008940887451171875e+01
1.729393005371093750e-02,2.532768630981445312e+01
3.741073608398437500e-02,3.644481201171875000e+02
1.912474632263183594e-02,8.536690063476562500e+02
2.087926864624023438e-02,1.837762695312500000e+03
2.809762954711914062e-02,1.379141235351562500e+03
2.369570732116699219e-02,1.032857284545898438e+02
1.355338096618652344e-02,1.226880737304687500e+03
2.127075195312500000e-02,1.830370025634765625e+02
1.459646224975585938e-02,1.769440002441406250e+02
8.064985275268554688e-03,4.339276123046875000e+02
1.727914810180664062e-02,6.153130493164062500e+02
1.724910736083984375e-02,9.307913818359375000e+02
1.724553108215332031e-02,3.468988037109375000e+02
3.399372100830078125e-02,1.171599121093750000e+03
1.721692085266113281e-02,1.877286743164062500e+03
1.724720001220703125e-02,7.526642456054687500e+02
1.726794242858886719e-02,2.021667236328125000e+03
1.725888252258300781e-02,1.116307739257812500e+03
3.680539131164550781e-02,1.010912353515625000e+03
2.406978607177734375e-02,1.877452270507812500e+03
2.053356170654296875e-02,3.247671508789062500e+01
1.881241798400878906e-02,8.933010864257812500e+02
2.827787399291992188e-02,1.692937469482421875e+02
2.373600006103515625e-02,8.178283081054687500e+02
2.958321571350097656e-02,1.735153808593750000e+03
2.395415306091308594e-02,6.414722290039062500e+02
1.724720001220703125e-02,1.627503173828125000e+03
1.724696159362792969e-02,2.640413208007812500e+02
1.726794242858886719e-02,1.706412353515625000e+03
1.724743843078613281e-02,4.212415466308593750e+02
1.727700233459472656e-02,2.148186035156250000e+02
1.724672317504882812e-02,2.439313720703125000e+03
3.507304191589355469e-02,1.908737670898437500e+03
1.724743843078613281e-02,3.440940856933593750e+01
2.212882041931152344e-02,1.837016754150390625e+02
1.995754241943359375e-02,4.730063476562500000e+02
2.005076408386230469e-02,1.239133422851562500e+03
2.063179016113281250e-02,2.225663818359375000e+03
2.214217185974121094e-02,2.519790649414062500e+02
2.079081535339355469e-02,2.208428955078125000e+03
1.869010925292968750e-02,1.057931137084960938e+02
3.011155128479003906e-02,3.388086547851562500e+02
1.321506500244140625e-02,1.057293701171875000e+03
1.724886894226074219e-02,1.549017089843750000e+03
1.724648475646972656e-02,4.916342468261718750e+02
3.365635871887207031e-02,8.826324462890625000e+02
2.167844772338867188e-02,3.582590332031250000e+02
1.727867126464843750e-02,9.692552490234375000e+02
1.725769042968750000e-02,2.416442382812500000e+03
1.720595359802246094e-02,3.738397827148437500e+02
3.473544120788574219e-02,5.456784057617187500e+02
1.762318611145019531e-02,2.681760253906250000e+03
1.941013336181640625e-02,1.199041137695312500e+03
2.127099037170410156e-02,1.139999985694885254e+00
2.114534378051757812e-02,1.523612182617187500e+03
2.382326126098632812e-02,5.002138366699218750e+02
2.005481719970703125e-02,4.539296722412109375e+01
2.036547660827636719e-02,4.107623901367187500e+02
1.935601234436035156e-02,8.696784667968750000e+02
5.153179168701171875e-03,1.106964111328125000e+03
3.287029266357421875e-02,3.316329650878906250e+02
1.724767684936523438e-02,7.025517578125000000e+02
1.724529266357421875e-02,1.575076293945312500e+03
1.724815368652343750e-02,5.459804916381835938e+01
1.727700233459472656e-02,1.456698974609375000e+03
3.285145759582519531e-02,2.966735229492187500e+02
1.723456382751464844e-02,1.878332061767578125e+02
2.413272857666015625e-02,1.453999176025390625e+02
2.024173736572265625e-02,3.837526245117187500e+02
7.289886474609375000e-03,5.803381347656250000e+02
3.173184394836425781e-02,2.818917541503906250e+02
2.067852020263671875e-02,5.088368988037109375e+01
1.947355270385742188e-02,3.766251525878906250e+02
1.428341865539550781e-02,3.012353027343750000e+03
1.811504364013671875e-02,1.315863037109375000e+03
1.727509498596191406e-02,1.041407348632812500e+03
1.722121238708496094e-02,2.504066619873046875e+02
1.724958419799804688e-02,7.280928344726562500e+02
1.724481582641601562e-02,3.458906250000000000e+02
1.727247238159179688e-02,2.027066162109375000e+03
1.722192764282226562e-02,2.201589599609375000e+03
1.724696159362792969e-02,2.488662597656250000e+03
1.727437973022460938e-02,1.411559692382812500e+03
1.722097396850585938e-02,2.138921661376953125e+02
3.475856781005859375e-02,2.511705474853515625e+02
1.998353004455566406e-02,2.696850280761718750e+02
1.982426643371582031e-02,1.250010986328125000e+03
2.061438560485839844e-02,2.642020263671875000e+02
1.966357231140136719e-02,2.503441095352172852e+00
7.625579833984375000e-03,2.192748291015625000e+03
3.396606445312500000e-02,1.477782714843750000e+03
2.046060562133789062e-02,8.765670776367187500e+02
1.950764656066894531e-02,1.500393798828125000e+03
1.512241363525390625e-02,2.066779632568359375e+02
2.102255821228027344e-02,2.628388061523437500e+02
1.509547233581542969e-02,3.536421813964843750e+02
1.791286468505859375e-02,2.171046630859375000e+03
2.000260353088378906e-02,1.562592407226562500e+03
1.626515388488769531e-02,1.348149414062500000e+03
1.765775680541992188e-02,5.569024047851562500e+02
1.890063285827636719e-02,5.345078125000000000e+02
3.128290176391601562e-02,1.837001953125000000e+02
1.925015449523925781e-02,3.345464477539062500e+02
3.880500793457031250e-03,4.992470092773437500e+02
1.839232444763183594e-02,3.978724670410156250e+02
3.378558158874511719e-02,1.419352539062500000e+03
1.938152313232421875e-02,4.713861389160156250e+02
1.727557182312011719e-02,1.489794921875000000e+02
3.373384475708007812e-03,8.322085571289062500e+02
2.323126792907714844e-02,1.394713134765625000e+03
2.903389930725097656e-02,3.147264709472656250e+02
1.864576339721679688e-02,1.854269409179687500e+03
1.834201812744140625e-02,1.526677856445312500e+03
1.867508888244628906e-02,3.630158203125000000e+03
3.496503829956054688e-02,1.725657806396484375e+02
2.520322799682617188e-02,1.769100036621093750e+02
1.854467391967773438e-02,2.940759277343750000e+03
1.085734367370605469e-02,2.579831542968750000e+02
1.836466789245605469e-02,9.919169921875000000e+02
1.810884475708007812e-02,9.946242065429687500e+02
1.850342750549316406e-02,2.873131103515625000e+02
1.810312271118164062e-02,3.599550781250000000e+02
1.848530769348144531e-02,1.283552246093750000e+02
1.815557479858398438e-02,2.921328430175781250e+02
1.923131942749023438e-02,1.723525390625000000e+03
3.471517562866210938e-02,1.199444580078125000e+02
2.024841308593750000e-02,1.037631958007812500e+03
1.895594596862792969e-02,5.026414794921875000e+02
1.584959030151367188e-02,2.300451354980468750e+02
1.829385757446289062e-02,2.400169677734375000e+03
2.010607719421386719e-02,1.969548797607421875e+02
2.721977233886718750e-02,9.473905181884765625e+01
1.985573768615722656e-02,1.525831298828125000e+02
4.807710647583007812e-03,4.022795715332031250e+02
1.893329620361328125e-02,1.439755554199218750e+02
1.819968223571777344e-02,3.553180313110351562e+01
1.835489273071289062e-02,4.821963195800781250e+02
1.952672004699707031e-02,2.143560485839843750e+02
2.892756462097167969e-02,1.031311111450195312e+02
1.826190948486328125e-02,2.886631774902343750e+02
6.181716918945312500e-03,2.587641845703125000e+03
1.724910736083984375e-02,2.588425598144531250e+02
1.724720001220703125e-02,1.618265502929687500e+03
3.272342681884765625e-02,8.530044555664062500e+02
1.905298233032226562e-02,2.909727172851562500e+02
5.125284194946289062e-03,5.409896850585937500e+01
3.061842918395996094e-02,3.135312805175781250e+02
8.802890777587890625e-03,6.607959594726562500e+02
3.165030479431152344e-02,1.172709655761718750e+02
1.984333992004394531e-02,1.473100830078125000e+03
2.140712738037109375e-02,9.471265258789062500e+02
1.934289932250976562e-02,6.388316631317138672e+00
1.421260833740234375e-02,1.524067871093750000e+03
2.248692512512207031e-02,1.963171752929687500e+03
1.369810104370117188e-02,5.193024902343750000e+02
1.806759834289550781e-02,6.581956176757812500e+02
2.783465385437011719e-02,1.742689697265625000e+03
2.230954170227050781e-02,4.023567676544189453e+00
2.125453948974609375e-02,3.897421569824218750e+02
2.023911476135253906e-02,4.070363464355468750e+02
1.853752136230468750e-02,1.622208984375000000e+03
2.088856697082519531e-02,6.236810302734375000e+02
1.994061470031738281e-02,5.488880004882812500e+02
1.219511032104492188e-02,5.564886474609375000e+01
2.890563011169433594e-02,4.457708740234375000e+02
2.134060859680175781e-02,6.356960449218750000e+02
4.096984863281250000e-03,3.990462646484375000e+02
2.269244194030761719e-02,1.422163085937500000e+02
2.780985832214355469e-02,1.125458251953125000e+03
2.049398422241210938e-02,2.324086181640625000e+03
1.897120475769042969e-02,1.526454345703125000e+03
1.875472068786621094e-02,5.438063430786132812e+01
1.825022697448730469e-02,1.380358764648437500e+03
2.102017402648925781e-02,1.049833984375000000e+03
1.565432548522949219e-02,9.916973876953125000e+02
1.830959320068359375e-02,1.558993225097656250e+02
3.003191947937011719e-02,1.092088745117187500e+03
6.514549255371093750e-03,1.519780883789062500e+02
2.431869506835937500e-02,3.072077941894531250e+02
2.959227561950683594e-02,4.082586364746093750e+02
2.128291130065917969e-02,5.470109863281250000e+02
1.767897605895996094e-02,2.157137451171875000e+02
1.776027679443359375e-02,1.536697998046875000e+03
1.748490333557128906e-02,1.575355834960937500e+02
1.763892173767089844e-02,9.182428588867187500e+02
1.967525482177734375e-02,2.311748809814453125e+02
1.689958572387695312e-02,1.185145721435546875e+02
1.835823059082031250e-02,1.982884521484375000e+03
1.874661445617675781e-02,3.578513183593750000e+02
1.776623725891113281e-02,2.456357116699218750e+02
1.845836639404296875e-02,1.895811279296875000e+03
2.016210556030273438e-02,9.076051635742187500e+02
1.548051834106445312e-02,6.188965454101562500e+02
1.927733421325683594e-02,2.126685058593750000e+03
1.756882667541503906e-02,1.301230590820312500e+03
1.804971694946289062e-02,1.306680107116699219e+01
2.020692825317382812e-02,2.107280578613281250e+02
1.872944831848144531e-02,9.850841522216796875e+00
1.695561408996582031e-02,3.794862976074218750e+02
3.412795066833496094e-02,2.636878662109375000e+02
1.836490631103515625e-02,3.178985290527343750e+02
1.813912391662597656e-02,1.849385864257812500e+03
2.098989486694335938e-02,5.052832336425781250e+02
1.568293571472167969e-02,2.634654541015625000e+02
1.830816268920898438e-02,1.259202880859375000e+03
3.489637374877929688e-02,2.873732910156250000e+02
1.842689514160156250e-02,2.182679443359375000e+02
1.838445663452148438e-02,1.540200347900390625e+02
2.164411544799804688e-02,6.843777465820312500e+01
8.151364326477050781e-02,2.553558044433593750e+02
3.576421737670898438e-02,1.352030639648437500e+03
1.755928993225097656e-02,1.475186279296875000e+03
1.823568344116210938e-02,2.606220703125000000e+02
1.833105087280273438e-02,4.074647827148437500e+02
1.834726333618164062e-02,1.049602416992187500e+03
2.022004127502441406e-02,2.757262878417968750e+02
1.640319824218750000e-02,3.013821105957031250e+02
1.824760437011718750e-02,2.246102142333984375e+01
3.087472915649414062e-02,6.169267578125000000e+02
2.525353431701660156e-02,2.732404174804687500e+02
2.304077148437500000e-02,8.349600830078125000e+02
2.232480049133300781e-02,2.713405761718750000e+02
2.048492431640625000e-02,4.337720031738281250e+02
1.957726478576660156e-02,1.268381713867187500e+03
2.003026008605957031e-02,2.894504699707031250e+02
1.825356483459472656e-02,1.793968048095703125e+02
2.007365226745605469e-02,3.101699829101562500e+02
1.677560806274414062e-02,6.677219238281250000e+02
1.931500434875488281e-02,2.522170715332031250e+02
2.305006980895996094e-02,9.205059204101562500e+02
1.358389854431152344e-02,7.219390869140625000e+02
1.804900169372558594e-02,1.084814682006835938e+02
2.807545661926269531e-02,1.916640747070312500e+03
8.866071701049804688e-03,3.503878479003906250e+02
1.796650886535644531e-02,4.908225097656250000e+02
3.363990783691406250e-02,2.250139007568359375e+02
1.961755752563476562e-02,1.852037811279296875e+02
2.180981636047363281e-02,6.219540405273437500e+02
1.479148864746093750e-02,5.543002319335937500e+02
1.830530166625976562e-02,1.517885131835937500e+02
3.004240989685058594e-02,1.520718383789062500e+03
2.366662025451660156e-02,2.745278549194335938e+01
2.851343154907226562e-02,1.623874206542968750e+02
7.706165313720703125e-03,9.033802795410156250e+01
3.456664085388183594e-02,1.732992401123046875e+02
1.931095123291015625e-02,4.780667724609375000e+02
1.841688156127929688e-02,2.366562500000000000e+03
1.749467849731445312e-02,2.728562011718750000e+02
1.886630058288574219e-02,3.754427337646484375e+01
1.832604408264160156e-02,4.973051834106445312e+01
1.781296730041503906e-02,2.266397247314453125e+02
2.017545700073242188e-02,1.193933471679687500e+03
1.703882217407226562e-02,2.312923812866210938e+01
1.690864562988281250e-02,1.095201034545898438e+02
1.950097084045410156e-02,1.295120483398437500e+03
1.710224151611328125e-02,1.442607177734375000e+03
1.905107498168945312e-02,1.541635986328125000e+03
1.813054084777832031e-02,8.892403564453125000e+02
1.840281486511230469e-02,4.736703186035156250e+02
3.376388549804687500e-02,4.870947570800781250e+02
2.135896682739257812e-02,5.111730694770812988e-01
1.928496360778808594e-02,1.305878417968750000e+03
1.557230949401855469e-02,2.720029296875000000e+03
1.868557929992675781e-02,3.448604125976562500e+02
1.727294921875000000e-02,3.050228759765625000e+03
1.916313171386718750e-02,4.764694595336914062e+01
1.815843582153320312e-02,2.168050537109375000e+03
3.461050987243652344e-02,3.368674926757812500e+02
1.861667633056640625e-02,1.383483520507812500e+03
1.824069023132324219e-02,6.214654541015625000e+01
2.203536033630371094e-02,4.909121398925781250e+02
1.580071449279785156e-02,6.899843139648437500e+02
1.745104789733886719e-02,6.105106353759765625e+01
2.059793472290039062e-02,1.336152587890625000e+03
3.108453750610351562e-02,1.400063934326171875e+02
1.891493797302246094e-02,9.671308593750000000e+02
1.983880996704101562e-02,2.993391113281250000e+02
1.673030853271484375e-02,3.955400085449218750e+02
1.934289932250976562e-02,4.046148071289062500e+02
1.725482940673828125e-02,3.666161346435546875e+01
3.388261795043945312e-02,4.056078338623046875e+01
1.936984062194824219e-02,2.609290771484375000e+02
1.837992668151855469e-02,1.677761596679687500e+03
1.955628395080566406e-02,2.469169921875000000e+02
1.814842224121093750e-02,4.709437255859375000e+02
1.798868179321289062e-02,2.259981536865234375e+02
2.048039436340332031e-02,5.295731201171875000e+02
1.611256599426269531e-02,5.677607421875000000e+02
3.363728523254394531e-02,4.149653625488281250e+02
1.930022239685058594e-02,9.605731811523437500e+02
1.795840263366699219e-02,1.991117095947265625e+02
1.823925971984863281e-02,9.738077392578125000e+02
2.070045471191406250e-02,3.058736083984375000e+03
1.699018478393554688e-02,1.310709667205810547e+01
1.721930503845214844e-02,5.107350158691406250e+02
2.879548072814941406e-02,1.710983581542968750e+02
2.591514587402343750e-02,3.669277572631835938e+01
2.179384231567382812e-02,1.280831756591796875e+02
3.440642356872558594e-02,1.301036254882812500e+03
1.516008377075195312e-02,1.525733642578125000e+03
3.576469421386718750e-02,1.847595825195312500e+02
1.787781715393066406e-02,1.565025268554687500e+03
2.501988410949707031e-02,2.581031005859375000e+03
3.127098083496093750e-02,-1.524000018835067749e-01
2.547669410705566406e-02,1.957118530273437500e+03
3.939914703369140625e-02,1.067657714843750000e+03
2.323532104492187500e-02,1.575597778320312500e+03
1.697015762329101562e-02,2.209806884765625000e+03
3.167152404785156250e-02,2.276351318359375000e+03
2.779912948608398438e-02,2.705043640136718750e+02
1.776123046875000000e-02,1.831000061035156250e+02
2.184367179870605469e-02,3.654153747558593750e+02
2.002358436584472656e-02,4.771686172485351562e+01
2.253890037536621094e-02,1.685896148681640625e+02
1.746940612792968750e-02,1.025345092773437500e+03
1.755905151367187500e-02,7.510456542968750000e+02
1.822018623352050781e-02,1.808168029785156250e+02
1.881194114685058594e-02,2.224711151123046875e+02
1.794600486755371094e-02,5.095111694335937500e+02
2.122426033020019531e-02,2.266163787841796875e+02
2.042007446289062500e-02,0.000000000000000000e+00
1.797699928283691406e-02,6.678110961914062500e+02
1.888895034790039062e-02,4.882177429199218750e+02
1.301383972167968750e-02,1.721212646484375000e+03
1.849770545959472656e-02,2.444858856201171875e+02
3.263354301452636719e-02,7.184877929687500000e+02
1.860761642456054688e-02,1.254418457031250000e+03
3.497362136840820312e-03,1.693791992187500000e+03
1.830291748046875000e-02,3.399879882812500000e+03
3.977799415588378906e-02,1.511432983398437500e+03
2.262139320373535156e-02,6.415953826904296875e+01
1.897358894348144531e-02,9.201972656250000000e+02
2.174663543701171875e-02,2.033186035156250000e+03
1.733255386352539062e-02,9.083397827148437500e+02
2.227687835693359375e-02,2.417011962890625000e+03
2.092242240905761719e-02,2.031053009033203125e+02
1.850605010986328125e-02,8.447479248046875000e+02
1.786303520202636719e-02,2.542923339843750000e+03
2.104949951171875000e-02,1.028005218505859375e+02
1.508402824401855469e-02,1.872859001159667969e+01
3.819394111633300781e-02,3.944957733154296875e+01
2.355527877807617188e-02,8.515834808349609375e+01
1.820230484008789062e-02,5.770603637695312500e+02
9.391784667968750000e-03,2.340624267578125000e+03
3.366947174072265625e-02,2.018682617187500000e+03
3.639817237854003906e-02,1.311772583007812500e+03
1.729941368103027344e-02,3.764659118652343750e+02
1.724672317504882812e-02,1.337040161132812500e+03
1.721692085266113281e-02,2.801459045410156250e+02
1.725840568542480469e-02,3.517006347656250000e+03
1.724743843078613281e-02,2.456350860595703125e+02
1.724004745483398438e-02,1.666638305664062500e+03
1.724314689636230469e-02,2.638712890625000000e+03
1.434111595153808594e-02,1.063643310546875000e+03
2.555012702941894531e-02,1.300919494628906250e+02
2.120757102966308594e-02,1.223897460937500000e+03
2.210474014282226562e-02,9.914681396484375000e+02
1.886940002441406250e-02,5.310936450958251953e+00
4.900503158569335938e-02,1.318813110351562500e+03
1.691555976867675781e-02,1.294239379882812500e+03
1.830482482910156250e-02,1.694707275390625000e+03
2.174639701843261719e-02,1.177406997680664062e+02
2.034354209899902344e-02,2.148769836425781250e+02
1.285433769226074219e-02,9.372133636474609375e+01
2.068448066711425781e-02,4.438195495605468750e+02
1.818609237670898438e-02,3.027831420898437500e+02
1.606607437133789062e-02,1.221731323242187500e+03
1.824307441711425781e-02,3.430946044921875000e+02
1.821708679199218750e-02,1.310663127899169922e+01
1.828718185424804688e-02,2.151336669921875000e+02
1.914024353027343750e-02,4.051597595214843750e+01
3.427338600158691406e-02,1.687541809082031250e+02
1.924538612365722656e-02,8.631641235351562500e+02
1.785016059875488281e-02,5.456409301757812500e+02
1.790118217468261719e-02,1.179124267578125000e+03
3.521037101745605469e-02,1.899925048828125000e+03
1.875066757202148438e-02,4.333212585449218750e+02
1.833772659301757812e-02,1.795028808593750000e+03
1.825094223022460938e-02,6.791486206054687500e+02
1.824808120727539062e-02,2.274754150390625000e+03
1.848268508911132812e-02,1.027435913085937500e+02
1.830935478210449219e-02,3.274988708496093750e+02
1.814627647399902344e-02,1.811617065429687500e+03
1.844286918640136719e-02,1.491801269531250000e+03
1.828193664550781250e-02,8.019329833984375000e+02
1.989555358886718750e-02,4.063373107910156250e+02
1.716780662536621094e-02,4.395698242187500000e+02
1.796817779541015625e-02,2.453712005615234375e+02
4.078412055969238281e-02,1.958898681640625000e+03
1.453065872192382812e-02,9.150113525390625000e+02
1.742815971374511719e-02,7.871768798828125000e+02
1.846694946289062500e-02,4.972047805786132812e+01
1.669239997863769531e-02,8.533059082031250000e+02
1.765537261962890625e-02,1.350806427001953125e+01
3.530573844909667969e-02,1.550076293945312500e+03
1.796507835388183594e-02,5.606470336914062500e+02
1.883101463317871094e-02,8.292756958007812500e+02
1.951813697814941406e-02,1.522562622070312500e+03
3.540229797363281250e-02,5.367115020751953125e+01
1.698017120361328125e-02,8.491212768554687500e+02
1.838183403015136719e-02,1.985192749023437500e+03
2.057814598083496094e-02,5.654693603515625000e+02
1.812219619750976562e-02,3.606355895996093750e+02
2.194285392761230469e-02,1.829272216796875000e+03
1.330304145812988281e-02,2.127571044921875000e+03
2.284908294677734375e-02,1.131321289062500000e+03
1.708841323852539062e-02,2.153542968750000000e+03
1.176071166992187500e-02,1.998405303955078125e+02
1.930713653564453125e-02,5.555886840820312500e+02
1.727557182312011719e-02,4.520839233398437500e+02
1.725101470947265625e-02,2.244445800781250000e+03
3.286767005920410156e-02,7.630572509765625000e+02
1.722025871276855469e-02,1.931864929199218750e+02
3.289437294006347656e-02,2.018355590820312500e+03
1.721930503845214844e-02,5.525694656372070312e+01
3.300452232360839844e-02,3.814385375976562500e+02
1.943683624267578125e-02,1.550756958007812500e+03
1.887989044189453125e-02,8.348905944824218750e+01
1.817417144775390625e-02,7.887464904785156250e+01
1.826620101928710938e-02,1.527244995117187500e+03
1.077461242675781250e-02,2.547690429687500000e+03
2.283120155334472656e-02,1.971003662109375000e+03
1.787114143371582031e-02,3.155168212890625000e+03
1.828503608703613281e-02,1.148226623535156250e+02
1.421689987182617188e-02,1.373011962890625000e+03
1.726627349853515625e-02,1.290580200195312500e+03
1.721668243408203125e-02,1.822862915039062500e+03
1.724648475646972656e-02,1.758639984130859375e+02
2.342438697814941406e-02,1.945447387695312500e+03
1.841950416564941406e-02,3.601124191284179688e+01
1.621127128601074219e-02,2.219611511230468750e+02
2.490520477294921875e-02,6.246703491210937500e+02
2.098035812377929688e-02,3.624020690917968750e+02
2.159953117370605469e-02,1.552581909179687500e+03
1.866888999938964844e-02,4.072948913574218750e+02
7.882118225097656250e-03,1.431801452636718750e+02
1.627230644226074219e-02,2.856770629882812500e+02
3.811717033386230469e-02,4.105650711059570312e+01
1.615643501281738281e-02,5.207842636108398438e+01
1.978754997253417969e-02,1.175114868164062500e+03
1.790499687194824219e-02,1.695308593750000000e+03
1.572799682617187500e-02,0.000000000000000000e+00
3.174066543579101562e-03,2.118604736328125000e+03
3.347468376159667969e-02,9.108788967132568359e-01
2.017545700073242188e-02,7.881034545898437500e+02
1.736640930175781250e-02,6.892748413085937500e+02
1.919913291931152344e-02,7.414626312255859375e+01
1.893281936645507812e-02,8.049342155456542969e+00
3.107857704162597656e-02,4.775928649902343750e+02
1.486659049987792969e-02,1.677925048828125000e+03
1.037883758544921875e-02,2.247413085937500000e+03
1.999187469482421875e-02,5.428698730468750000e+02
2.754163742065429688e-02,5.652607727050781250e+01
1.968717575073242188e-02,8.125551757812500000e+02
1.805806159973144531e-02,4.947922668457031250e+02
1.905608177185058594e-02,3.995242309570312500e+02
2.378606796264648438e-02,2.111300201416015625e+02
1.885080337524414062e-02,2.305289611816406250e+02
1.222300529479980469e-02,6.575030517578125000e+02
3.094458580017089844e-02,1.915515747070312500e+03
2.443885803222656250e-02,6.179384765625000000e+02
1.830410957336425781e-02,7.027687377929687500e+02
1.858663558959960938e-02,3.101181640625000000e+02
1.884126663208007812e-02,1.210719604492187500e+02
1.950120925903320312e-02,3.582844848632812500e+02
1.556181907653808594e-02,6.295000000000000000e+02
2.308678627014160156e-02,1.647311553955078125e+02
3.701019287109375000e-02,3.144912719726562500e+02
1.757669448852539062e-02,1.830410003662109375e+02
1.517748832702636719e-02,8.092802734375000000e+02
3.001952171325683594e-02,1.162693252563476562e+02
2.357292175292968750e-02,2.158054656982421875e+02
1.605248451232910156e-02,1.957801147460937500e+03
1.649236679077148438e-02,2.088284912109375000e+03
1.911258697509765625e-02,4.933696746826171875e+01
3.344178199768066406e-02,1.739265680313110352e+00
1.912474632263183594e-02,3.754333877563476562e+01
1.777839660644531250e-02,2.327080078125000000e+03
1.805901527404785156e-02,1.713862426757812500e+03
1.814270019531250000e-02,2.006587524414062500e+02
1.827526092529296875e-02,9.235115966796875000e+02
3.842306137084960938e-02,9.458148002624511719e+00
2.014350891113281250e-02,5.781469726562500000e+02
1.557207107543945312e-02,1.830229949951171875e+02
1.798439025878906250e-02,1.332920043945312500e+03
1.913046836853027344e-02,3.193022766113281250e+02
1.555275917053222656e-02,1.035752334594726562e+02
2.546620368957519531e-02,1.268023315429687500e+03
1.853013038635253906e-02,5.638235473632812500e+02
1.095342636108398438e-02,1.234913085937500000e+03
3.290390968322753906e-02,1.231985778808593750e+02
1.721525192260742188e-02,6.344716186523437500e+02
1.727485656738281250e-02,1.038716552734375000e+03
2.214622497558593750e-02,1.248573364257812500e+03
4.071688652038574219e-02,2.316953659057617188e+01
3.188228607177734375e-02,2.684836120605468750e+02
1.927924156188964844e-02,3.635831298828125000e+02
1.890897750854492188e-02,1.572580688476562500e+03
1.889801025390625000e-02,2.666631164550781250e+02
1.833200454711914062e-02,3.432612228393554688e+01
1.785254478454589844e-02,6.641231689453125000e+02
1.899266242980957031e-02,4.497299194335937500e+02
1.741409301757812500e-02,1.186965942382812500e+03
1.821374893188476562e-02,3.545499877929687500e+02
1.834702491760253906e-02,2.479353523254394531e+01
2.666473388671875000e-02,3.562304382324218750e+02
2.242612838745117188e-02,4.736883239746093750e+02
1.841974258422851562e-02,2.908163146972656250e+02
1.937246322631835938e-02,1.174774780273437500e+03
1.827645301818847656e-02,6.896212768554687500e+01
1.788115501403808594e-02,5.769285888671875000e+02
1.858901977539062500e-02,2.528741645812988281e+01
1.804947853088378906e-02,2.203940429687500000e+03
1.840782165527343750e-02,3.997908630371093750e+02
2.337956428527832031e-02,2.547099609375000000e+02
3.059363365173339844e-02,3.974933471679687500e+02
1.762032508850097656e-02,6.392170410156250000e+02
1.747035980224609375e-02,9.472816162109375000e+02
1.914954185485839844e-02,3.345153503417968750e+02
1.823997497558593750e-02,7.286733245849609375e+01
3.444647789001464844e-02,2.539748535156250000e+03
2.441716194152832031e-02,7.597835083007812500e+02
1.787805557250976562e-02,8.583154296875000000e+01
1.252365112304687500e-02,7.059838256835937500e+02
1.813006401062011719e-02,2.869578857421875000e+02
1.906967163085937500e-02,2.446160400390625000e+03
1.857471466064453125e-02,3.367245178222656250e+02
1.813459396362304688e-02,2.463381835937500000e+03
1.747751235961914062e-02,1.269812011718750000e+03
3.492450714111328125e-02,6.992730102539062500e+02
1.886367797851562500e-02,3.176944885253906250e+02
1.829910278320312500e-02,2.679466064453125000e+03
1.783537864685058594e-02,7.586160888671875000e+02
3.382778167724609375e-02,6.184759521484375000e+01
1.902031898498535156e-02,7.393756713867187500e+02
1.989412307739257812e-02,3.727357482910156250e+02
1.954674720764160156e-02,1.968992187500000000e+03
1.835799217224121094e-02,1.872406616210937500e+02
1.957893371582031250e-02,2.267601806640625000e+03
1.918935775756835938e-02,1.808587402343750000e+03
1.758503913879394531e-02,2.442458343505859375e+02
1.520466804504394531e-02,6.353240966796875000e+01
1.773452758789062500e-02,8.194763183593750000e+02
1.801943778991699219e-02,1.034082153320312500e+03
1.847481727600097656e-02,1.767004699707031250e+02
1.999664306640625000e-02,1.590003509521484375e+02
1.659941673278808594e-02,3.290021057128906250e+02
2.108478546142578125e-02,1.519273193359375000e+03
1.818776130676269531e-02,1.836511230468750000e+03
1.682114601135253906e-02,2.281245849609375000e+03
1.784181594848632812e-02,1.814575073242187500e+03
1.924443244934082031e-02,8.812485961914062500e+02
3.484749794006347656e-02,2.502239837646484375e+02
1.934337615966796875e-02,1.535344970703125000e+03
1.672840118408203125e-02,2.796251831054687500e+02
2.128815650939941406e-02,5.464120483398437500e+02
1.818060874938964844e-02,1.633808708190917969e+01
1.390600204467773438e-02,2.504944824218750000e+03
2.063822746276855469e-02,7.368076171875000000e+02
2.149152755737304688e-02,2.482325683593750000e+03
1.345992088317871094e-02,2.019016113281250000e+03
2.283239364624023438e-02,2.079876861572265625e+02
1.838564872741699219e-02,2.239844512939453125e+02
1.294612884521484375e-02,1.938370849609375000e+03
2.278804779052734375e-02,1.920324554443359375e+02
1.527452468872070312e-02,4.043698120117187500e+01
1.749920845031738281e-02,5.280071411132812500e+02
3.439402580261230469e-02,1.183429870605468750e+02
1.884126663208007812e-02,4.634552307128906250e+02
1.781368255615234375e-02,1.417039642333984375e+02
1.895856857299804688e-02,9.947216033935546875e+01
1.813220977783203125e-02,1.604375366210937500e+03
1.734924316406250000e-02,1.415254394531250000e+03
2.532958984375000000e-03,1.325402099609375000e+03
1.828813552856445312e-02,1.044107055664062500e+03
1.835322380065917969e-02,4.129494934082031250e+02
1.834535598754882812e-02,2.956811828613281250e+02
2.032947540283203125e-02,1.418903076171875000e+03
3.357172012329101562e-02,8.372394561767578125e+01
1.839995384216308594e-02,1.842175170898437500e+03
1.799774169921875000e-02,1.003803558349609375e+02
1.792812347412109375e-02,2.817817077636718750e+02
2.451753616333007812e-02,2.196473121643066406e+01
1.480770111083984375e-02,1.242865524291992188e+02
2.098870277404785156e-02,2.172654052734375000e+03
2.440571784973144531e-02,2.688883361816406250e+02
1.858115196228027344e-02,1.257690917968750000e+03
1.823520660400390625e-02,1.727201904296875000e+03
6.610393524169921875e-03,1.774665039062500000e+03
1.833939552307128906e-02,1.153391845703125000e+03
2.905035018920898438e-02,8.291664428710937500e+02
7.431030273437500000e-03,9.460234069824218750e+01
1.851487159729003906e-02,7.575067749023437500e+02
3.034257888793945312e-02,2.289612274169921875e+02
6.207942962646484375e-03,1.933469848632812500e+03
1.829028129577636719e-02,1.275332885742187500e+03
3.495740890502929688e-02,2.369057312011718750e+02
5.212926864624023438e-02,2.279184532165527344e+01
1.733064651489257812e-02,8.387965087890625000e+02
1.849222183227539062e-02,1.647885742187500000e+02
1.865077018737792969e-02,1.287918701171875000e+03
1.815557479858398438e-02,1.852719238281250000e+03
2.037692070007324219e-02,7.306870269775390625e+01
1.635718345642089844e-02,9.561193237304687500e+02
1.846837997436523438e-02,1.256704345703125000e+03
2.000355720520019531e-02,1.760107421875000000e+03
1.645827293395996094e-02,1.173004150390625000e+03
1.829338073730468750e-02,1.972454681396484375e+02
2.405643463134765625e-02,4.735072708129882812e+01
1.483750343322753906e-02,2.419380493164062500e+02
1.737999916076660156e-02,3.905326232910156250e+02
1.708197593688964844e-02,4.635213012695312500e+02
1.810455322265625000e-02,2.178479492187500000e+03
1.840877532958984375e-02,2.193428802490234375e+02
1.815390586853027344e-02,1.316452514648437500e+03
1.844120025634765625e-02,2.981355590820312500e+02
1.823711395263671875e-02,1.406552001953125000e+03
1.818799972534179688e-02,1.506993103027343750e+02
1.844930648803710938e-02,1.889177703857421875e+02
1.823639869689941406e-02,1.702309265136718750e+02
1.835894584655761719e-02,2.579361267089843750e+02
1.839447021484375000e-02,9.827461242675781250e+01
1.821112632751464844e-02,2.427712402343750000e+03
1.831984519958496094e-02,1.663156616210937500e+03
1.829504966735839844e-02,2.060397460937500000e+03
1.836514472961425781e-02,4.804199218750000000e+02
1.826238632202148438e-02,2.723780822753906250e+02
1.825737953186035156e-02,1.921482788085937500e+03
1.829528808593750000e-02,4.423294982910156250e+02
1.842522621154785156e-02,1.744472290039062500e+03
1.828360557556152344e-02,1.704738647460937500e+03
1.830768585205078125e-02,2.972282714843750000e+02
1.830172538757324219e-02,2.047747314453125000e+03
1.830053329467773438e-02,7.830396118164062500e+02
2.386832237243652344e-02,1.061762161254882812e+02
1.959848403930664062e-02,7.143166503906250000e+02
1.158595085144042969e-02,3.289295043945312500e+02
1.819777488708496094e-02,2.029122436523437500e+03
1.848196983337402344e-02,2.354771423339843750e+02
1.808595657348632812e-02,1.739639129638671875e+02
1.836514472961425781e-02,2.276464355468750000e+03
1.823735237121582031e-02,1.598273803710937500e+03
1.820254325866699219e-02,1.050340576171875000e+03
1.835489273071289062e-02,2.230653808593750000e+03
1.919269561767578125e-02,1.217409423828125000e+03
3.368401527404785156e-02,6.097176513671875000e+02
1.774501800537109375e-02,1.107550292968750000e+03
1.883578300476074219e-02,3.569566650390625000e+03
1.772308349609375000e-02,6.555432739257812500e+02
2.642393112182617188e-03,2.958739318847656250e+02
1.857376098632812500e-02,2.547307891845703125e+02
1.810526847839355469e-02,1.449267578125000000e+03
1.827025413513183594e-02,2.316984558105468750e+02
1.826000213623046875e-02,8.505863189697265625e+01
3.567218780517578125e-02,1.833376831054687500e+03
1.820731163024902344e-02,2.523895874023437500e+02
2.641916275024414062e-03,1.576038574218750000e+03
3.353452682495117188e-02,1.365860229492187500e+03
1.767969131469726562e-02,1.757819824218750000e+03
2.032279968261718750e-03,5.173367919921875000e+02
3.516697883605957031e-02,4.435930252075195312e+01
1.820302009582519531e-02,2.966249694824218750e+02
1.835942268371582031e-02,2.569416198730468750e+02
1.834511756896972656e-02,3.665501403808593750e+02
1.844072341918945312e-02,9.276713256835937500e+02
1.809120178222656250e-02,6.062314453125000000e+02
1.833462715148925781e-02,0.000000000000000000e+00
1.829671859741210938e-02,1.754154968261718750e+02
1.830220222473144531e-02,2.634048156738281250e+02
1.626014709472656250e-03,2.800109252929687500e+02
1.826310157775878906e-02,1.546380249023437500e+03
1.834297180175781250e-02,3.133685302734375000e+02
1.830458641052246094e-02,2.665667724609375000e+02
1.852464675903320312e-02,1.675594116210937500e+03
1.813101768493652344e-02,1.046897583007812500e+03
1.820158958435058594e-02,4.793630981445312500e+01
1.862692832946777344e-02,1.295619506835937500e+03
1.804852485656738281e-02,9.843794250488281250e+01
1.854586601257324219e-02,1.263777099609375000e+03
1.811122894287109375e-02,3.578937377929687500e+02
1.826906204223632812e-02,2.122847747802734375e+02
1.850271224975585938e-02,2.447784912109375000e+03
1.811122894287109375e-02,4.277845153808593750e+02
1.863288879394531250e-02,3.071907958984375000e+02
1.800084114074707031e-02,4.582192687988281250e+02
1.843714714050292969e-02,2.661354492187500000e+03
1.832389831542968750e-02,1.039000015258789062e+02
1.814365386962890625e-02,7.303952026367187500e+02
1.834845542907714844e-02,1.333998657226562500e+03
1.826381683349609375e-02,1.880533203125000000e+03
1.845216751098632812e-02,2.877195129394531250e+02
1.816439628601074219e-02,1.162621948242187500e+03
1.830840110778808594e-02,3.004846191406250000e+02
1.834750175476074219e-02,3.074240112304687500e+02
2.985286712646484375e-02,4.066897888183593750e+02
1.625609397888183594e-02,3.022326965332031250e+02
8.845090866088867188e-03,1.190005493164062500e+03
1.841807365417480469e-02,2.370999908447265625e+01
1.819729804992675781e-02,1.039745727539062500e+03
1.836967468261718750e-02,3.628976821899414062e+01
1.823568344116210938e-02,2.690902404785156250e+02
1.831459999084472656e-02,4.866166687011718750e+02
1.831483840942382812e-02,1.329897949218750000e+03
1.842284202575683594e-02,6.962397460937500000e+02
1.819014549255371094e-02,1.124521255493164062e+02
1.827764511108398438e-02,1.996106719970703125e+02
1.814031600952148438e-02,9.178041839599609375e+01
1.840162277221679688e-02,1.024879882812500000e+03
1.833701133728027344e-02,4.528165893554687500e+02
1.819801330566406250e-02,2.002476654052734375e+02
1.827597618103027344e-02,1.469464778900146484e+01
1.841640472412109375e-02,1.769490051269531250e+02
1.727485656738281250e-02,1.754303436279296875e+02
2.796888351440429688e-03,4.557551574707031250e+02
3.378343582153320312e-02,1.847946548461914062e+01
2.833127975463867188e-03,3.810561218261718750e+02
1.819229125976562500e-02,5.014831924438476562e+01
3.387117385864257812e-02,1.466612182617187500e+03
2.899169921875000000e-03,2.082526855468750000e+03
3.367710113525390625e-02,2.537265777587890625e+02
1.838302612304687500e-02,3.516445617675781250e+02
1.928877830505371094e-02,4.294381408691406250e+02
1.834726333618164062e-02,1.243649658203125000e+03
1.823663711547851562e-02,3.228507385253906250e+02
1.841664314270019531e-02,5.543262939453125000e+02
1.835584640502929688e-02,1.377515502929687500e+03
1.843976974487304688e-02,1.698562469482421875e+02
1.803731918334960938e-02,4.556415176391601562e+01
1.836514472961425781e-02,8.945703125000000000e+02
1.850914955139160156e-02,4.087999877929687500e+02
1.810193061828613281e-02,8.273875732421875000e+02
2.285170555114746094e-02,1.203359130859375000e+03
1.969242095947265625e-02,5.525209350585937500e+02
1.973652839660644531e-02,7.541532039642333984e+00
1.745200157165527344e-02,2.128885986328125000e+03
1.761031150817871094e-02,1.668871917724609375e+02
1.968860626220703125e-02,1.689380737304687500e+03
1.857829093933105469e-02,7.983256225585937500e+02
1.206541061401367188e-02,3.509414367675781250e+02
1.509523391723632812e-02,1.403682006835937500e+03
1.853036880493164062e-02,1.201578002929687500e+03
1.806926727294921875e-02,9.160587768554687500e+02
1.829195022583007812e-02,1.420746154785156250e+02
1.835417747497558594e-02,1.030099487304687500e+02
1.845812797546386719e-02,3.123643493652343750e+02
2.715611457824707031e-02,1.253090133666992188e+02
2.254986763000488281e-02,8.316334228515625000e+02
2.178382873535156250e-02,2.123528289794921875e+02
1.838111877441406250e-02,1.428951416015625000e+02
1.818823814392089844e-02,2.107117004394531250e+02
1.831650733947753906e-02,3.656441345214843750e+02
1.834964752197265625e-02,2.240773925781250000e+02
3.542423248291015625e-02,1.037367797851562500e+03
1.930689811706542969e-02,1.012254211425781250e+03
1.692390441894531250e-02,2.519107513427734375e+02
1.815009117126464844e-02,8.111261596679687500e+02
1.912713050842285156e-02,6.891923828125000000e+02
1.883006095886230469e-02,3.225608215332031250e+02
3.316545486450195312e-02,1.560076049804687500e+03
1.972460746765136719e-02,3.369108276367187500e+02
1.860785484313964844e-02,1.355237915039062500e+03
2.068829536437988281e-02,8.942459716796875000e+02
1.582717895507812500e-02,2.074306182861328125e+02
1.830744743347167969e-02,3.804832153320312500e+02
1.791691780090332031e-02,5.046540832519531250e+02
1.862168312072753906e-02,3.047607727050781250e+02
1.850795745849609375e-02,1.817087554931640625e+02
1.779341697692871094e-02,4.988532104492187500e+02
1.852750778198242188e-02,3.005063964843750000e+03
3.305339813232421875e-02,4.374775390625000000e+02
1.883125305175781250e-02,2.599354248046875000e+03
1.908516883850097656e-02,3.785854492187500000e+02
1.983666419982910156e-02,3.768395996093750000e+02
1.697731018066406250e-02,2.014976562500000000e+03
1.790332794189453125e-02,7.926926269531250000e+02
1.834130287170410156e-02,2.304321777343750000e+03
1.820206642150878906e-02,1.264245529174804688e+02
1.842141151428222656e-02,1.316713134765625000e+03
1.824569702148437500e-02,1.565671020507812500e+03
3.436827659606933594e-02,3.852702331542968750e+02
1.782774925231933594e-02,7.572244262695312500e+02
1.885080337524414062e-02,4.595673828125000000e+02
1.829934120178222656e-02,1.426044189453125000e+03
1.927018165588378906e-02,1.629902954101562500e+03
1.952481269836425781e-02,6.870273590087890625e+01
1.776003837585449219e-02,3.665310058593750000e+02
1.829552650451660156e-02,2.541685028076171875e+02
1.822423934936523438e-02,4.791452941894531250e+02
1.836538314819335938e-02,2.231781005859375000e+03
1.816964149475097656e-02,1.525604858398437500e+03
1.839089393615722656e-02,8.929196166992187500e+02
2.291345596313476562e-02,1.347303588867187500e+03
1.456403732299804688e-02,2.277713623046875000e+03
1.995825767517089844e-02,3.019500427246093750e+02
1.626324653625488281e-02,4.667778930664062500e+02
1.784014701843261719e-02,4.731328125000000000e+02
2.085185050964355469e-02,1.475749969482421875e+02
1.601505279541015625e-02,9.532968750000000000e+02
3.329300880432128906e-02,2.327732910156250000e+03
1.698994636535644531e-02,1.547444946289062500e+03
1.925158500671386719e-02,6.516284790039062500e+02
1.972866058349609375e-02,1.284304656982421875e+02
1.937103271484375000e-02,4.032670898437500000e+02
1.859927177429199219e-02,3.923387451171875000e+02
2.008414268493652344e-02,1.252356567382812500e+02
1.832032203674316406e-02,1.001067626953125000e+03
2.076768875122070312e-02,2.930594177246093750e+02
2.070236206054687500e-02,2.059421081542968750e+02
1.957511901855468750e-02,2.807417869567871094e+01
1.869201660156250000e-02,1.424118286132812500e+03
1.897883415222167969e-02,1.416145629882812500e+03
1.947236061096191406e-02,2.096046447753906250e+02
1.957798004150390625e-02,2.971869812011718750e+02
1.672053337097167969e-02,1.098869262695312500e+03
1.827073097229003906e-02,2.234604980468750000e+03
2.005338668823242188e-02,7.407099914550781250e+01
1.989650726318359375e-02,7.227657470703125000e+02
1.957941055297851562e-02,1.431495483398437500e+03
1.941490173339843750e-02,1.029616943359375000e+03
1.757931709289550781e-02,3.143781738281250000e+02
1.894688606262207031e-02,1.738334960937500000e+02
1.837158203125000000e-02,1.560064331054687500e+03
1.885080337524414062e-02,4.353889770507812500e+02
1.817750930786132812e-02,4.882859191894531250e+02
1.845192909240722656e-02,3.525976562500000000e+02
1.793003082275390625e-02,1.552918945312500000e+03
1.823115348815917969e-02,2.305785400390625000e+03
1.756381988525390625e-02,9.130223388671875000e+02
2.359080314636230469e-02,3.482460632324218750e+02
2.429533004760742188e-02,4.402955017089843750e+02
2.123904228210449219e-02,3.092094116210937500e+02
1.960372924804687500e-02,1.952947509765625000e+03
1.907467842102050781e-02,1.641616668701171875e+02
1.857972145080566406e-02,1.608038452148437500e+03
2.177619934082031250e-02,2.871421203613281250e+02
2.138733863830566406e-02,1.512442749023437500e+03
1.925897598266601562e-02,1.977301269531250000e+03
2.029681205749511719e-02,2.545922660827636719e+01
1.930570602416992188e-02,6.762433624267578125e+01
2.121806144714355469e-02,5.437025070190429688e+01
2.060365676879882812e-02,6.701322021484375000e+02
1.904273033142089844e-02,1.335080718994140625e+02
1.859164237976074219e-02,1.780566101074218750e+02
1.956677436828613281e-02,1.704652465820312500e+03
1.853537559509277344e-02,3.731432189941406250e+02
1.956868171691894531e-02,1.179039062500000000e+03
1.801586151123046875e-02,-5.437630844116210938e+01
1.635527610778808594e-02,2.216807098388671875e+02
1.830148696899414062e-02,8.369950561523437500e+02
1.921391487121582031e-02,2.789133911132812500e+02
1.830577850341796875e-02,2.097000427246093750e+02
1.927852630615234375e-02,1.129811889648437500e+03
1.934170722961425781e-02,1.437117195129394531e+01
1.532983779907226562e-02,1.609355346679687500e+03
1.927995681762695312e-02,1.430285644531250000e+03
1.638817787170410156e-02,9.458499145507812500e+01
1.661372184753417969e-02,1.698432617187500000e+03
1.823663711547851562e-02,1.400742919921875000e+03
1.929235458374023438e-02,9.591248779296875000e+02
1.900315284729003906e-02,1.592710418701171875e+02
1.833558082580566406e-02,2.045501098632812500e+03
1.931142807006835938e-02,1.524466094970703125e+02
2.155089378356933594e-02,3.301581144332885742e+00
1.908040046691894531e-02,2.559069366455078125e+02
1.858091354370117188e-02,5.793765869140625000e+02
1.805853843688964844e-02,2.273136901855468750e+02
1.828646659851074219e-02,5.514215698242187500e+02
1.934552192687988281e-02,1.933096885681152344e+01
1.933073997497558594e-02,1.760677490234375000e+02
1.825833320617675781e-02,4.281561584472656250e+02
1.832771301269531250e-02,4.441787414550781250e+02
1.923060417175292969e-02,3.321652526855468750e+02
1.927638053894042969e-02,6.266523437500000000e+02
1.934576034545898438e-02,1.496167236328125000e+03
2.016115188598632812e-02,1.781942260742187500e+03
2.035641670227050781e-02,7.137683715820312500e+02
1.783180236816406250e-02,4.636083374023437500e+02
1.985144615173339844e-02,1.167842483520507812e+01
1.925706863403320312e-02,2.900984863281250000e+03
2.003455162048339844e-02,7.937681274414062500e+02
1.734495162963867188e-02,2.360146728515625000e+03
1.925301551818847656e-02,6.666169433593750000e+02
1.832246780395507812e-02,3.693810424804687500e+02
1.736116409301757812e-02,1.082695999145507812e+02
1.761126518249511719e-02,1.662423828125000000e+03
1.723051071166992188e-02,1.794716308593750000e+03
1.992177963256835938e-02,1.776515258789062500e+03
2.145457267761230469e-02,1.900112670898437500e+03
4.871273040771484375e-02,2.792068847656250000e+03
2.556347846984863281e-02,1.758642089843750000e+03
4.052805900573730469e-02,2.516349792480468750e+02
2.202987670898437500e-02,3.323218078613281250e+02
1.830577850341796875e-02,4.807983779907226562e+01
1.214361190795898438e-02,3.285732421875000000e+02
2.575373649597167969e-02,7.383096313476562500e+02
1.734828948974609375e-02,5.584081420898437500e+02
2.000164985656738281e-02,4.538087081909179688e+01
1.937842369079589844e-02,2.143555908203125000e+02
1.666665077209472656e-02,4.153605651855468750e+02
1.726841926574707031e-02,3.541400146484375000e+02
1.725816726684570312e-02,1.876644042968750000e+03
1.725101470947265625e-02,7.353446655273437500e+02
1.724147796630859375e-02,3.775332031250000000e+02
1.724648475646972656e-02,1.317068969726562500e+03
3.286099433898925781e-02,1.209402179718017578e+01
1.725578308105468750e-02,2.587355957031250000e+03
3.287029266357421875e-02,1.529875183105468750e+02
1.721692085266113281e-02,1.276601928710937500e+03
1.728749275207519531e-02,3.581029968261718750e+02
1.725721359252929688e-02,2.083339111328125000e+03
1.724863052368164062e-02,2.725498352050781250e+02
1.724624633789062500e-02,7.377275390625000000e+02
1.862478256225585938e-02,1.502632598876953125e+02
2.245306968688964844e-02,1.268101562500000000e+03
1.785230636596679688e-02,5.725960083007812500e+02
1.240611076354980469e-02,1.039410522460937500e+03
2.229666709899902344e-02,7.112324829101562500e+02
1.914858818054199219e-02,1.663408813476562500e+03
1.733279228210449219e-02,5.973801269531250000e+02
2.553391456604003906e-02,2.766373291015625000e+03
2.371835708618164062e-02,4.102545166015625000e+02
1.900553703308105469e-02,1.505713134765625000e+03
1.724791526794433594e-02,1.758833862304687500e+03
1.727843284606933594e-02,1.302654785156250000e+03
1.723527908325195312e-02,6.009125900268554688e+01
1.726126670837402344e-02,4.838109741210937500e+02
1.724576950073242188e-02,1.653685546875000000e+03
1.724934577941894531e-02,2.080765380859375000e+03
1.724433898925781250e-02,4.841067199707031250e+02
1.724743843078613281e-02,1.973727050781250000e+03
1.626014709472656250e-03,9.344135742187500000e+02
3.287029266357421875e-02,1.822205078125000000e+03
1.721382141113281250e-02,2.850340087890625000e+03
1.727557182312011719e-02,4.054825744628906250e+02
1.724028587341308594e-02,4.385884399414062500e+02
1.724672317504882812e-02,4.124371643066406250e+02
1.724720001220703125e-02,2.146747589111328125e+02
1.724743843078613281e-02,1.305394042968750000e+03
1.724815368652343750e-02,2.265655975341796875e+02
1.724672317504882812e-02,5.890461425781250000e+02
3.287672996520996094e-02,2.075417236328125000e+03
1.724958419799804688e-02,1.831000061035156250e+02
1.721787452697753906e-02,3.917230987548828125e+01
1.724624633789062500e-02,4.628011474609375000e+02
1.724791526794433594e-02,5.926854248046875000e+02
5.163002014160156250e-02,1.167935485839843750e+02
1.893067359924316406e-02,1.649803100585937500e+03
1.923871040344238281e-02,5.093656005859375000e+02
1.745223999023437500e-02,3.215126037597656250e+02
1.976680755615234375e-02,7.369470214843750000e+02
2.021050453186035156e-02,6.861432495117187500e+02
1.811742782592773438e-02,1.718592529296875000e+03
1.765060424804687500e-02,2.163395019531250000e+03
1.972723007202148438e-02,7.039312744140625000e+02
1.849794387817382812e-02,2.916582031250000000e+03
1.808524131774902344e-02,1.670603759765625000e+03
2.697491645812988281e-02,2.080079345703125000e+02
2.388811111450195312e-02,1.403308715820312500e+02
1.903414726257324219e-02,5.957099609375000000e+02
1.767897605895996094e-02,2.018228912353515625e+02
7.167100906372070312e-03,4.267140626907348633e-01
1.724767684936523438e-02,2.824376220703125000e+02
1.726913452148437500e-02,2.831414794921875000e+02
1.722598075866699219e-02,7.382228088378906250e+01
1.724743843078613281e-02,1.758639984130859375e+02
2.964878082275390625e-02,2.163783691406250000e+03
2.673339843750000000e-02,1.717587402343750000e+03
3.234529495239257812e-02,2.208854484558105469e+01
5.705118179321289062e-03,1.415424926757812500e+03
2.947521209716796875e-02,2.291115722656250000e+03
1.762986183166503906e-02,1.039609863281250000e+03
9.761095046997070312e-03,2.523489837646484375e+02
2.460455894470214844e-02,1.769629974365234375e+02
1.761531829833984375e-02,1.433492309570312500e+03
1.103639602661132812e-02,3.192694091796875000e+03
2.663946151733398438e-02,5.247681274414062500e+02
1.856064796447753906e-02,3.122202453613281250e+02
9.107589721679687500e-03,1.216538238525390625e+02
3.290033340454101562e-02,7.086643218994140625e+01
1.726579666137695312e-02,9.321405792236328125e+01
1.721811294555664062e-02,8.595096435546875000e+02
1.724743843078613281e-02,4.298558959960937500e+02
1.724815368652343750e-02,2.263415527343750000e+03
1.724743843078613281e-02,1.297618164062500000e+03
1.724648475646972656e-02,1.609789581298828125e+02
1.724672317504882812e-02,9.317094116210937500e+02
1.724815368652343750e-02,1.046685302734375000e+03
1.725029945373535156e-02,3.150735473632812500e+02
1.724410057067871094e-02,1.527050537109375000e+03
1.724910736083984375e-02,2.223032226562500000e+03
1.724839210510253906e-02,7.310078125000000000e+02
1.722836494445800781e-02,8.786631011962890625e+01
3.289675712585449219e-02,7.782998046875000000e+02
1.724290847778320312e-02,3.096159362792968750e+02
3.287196159362792969e-02,3.263057556152343750e+02
1.726913452148437500e-02,7.435128173828125000e+02
2.940154075622558594e-02,9.539711914062500000e+02
1.879024505615234375e-02,2.108991455078125000e+03
1.918864250183105469e-02,4.906590270996093750e+02
1.881885528564453125e-02,2.057693603515625000e+03
1.682949066162109375e-02,3.121518554687500000e+03
1.441550254821777344e-02,5.352795410156250000e+02
3.593254089355468750e-02,2.497627441406250000e+03
2.293252944946289062e-02,3.756868286132812500e+02
1.684308052062988281e-02,2.082529449462890625e+02
1.222562789916992188e-02,2.173141632080078125e+02
1.726794242858886719e-02,1.916157379150390625e+02
2.190828323364257812e-02,2.176902008056640625e+02
1.761007308959960938e-02,9.224743652343750000e+02
1.851558685302734375e-02,2.258401794433593750e+02
1.871728897094726562e-02,1.526407836914062500e+03
1.730012893676757812e-02,2.132193359375000000e+03
1.824736595153808594e-02,3.024699974060058594e+01
1.816296577453613281e-02,1.243332763671875000e+03
1.719880104064941406e-02,3.945100097656250000e+02
1.942133903503417969e-02,4.112500610351562500e+02
1.855039596557617188e-02,3.132801208496093750e+02
1.812219619750976562e-02,9.301602783203125000e+02
2.653837203979492188e-02,3.781016540527343750e+02
2.342987060546875000e-02,1.689591308593750000e+03
1.790666580200195312e-02,2.634374084472656250e+02
1.841926574707031250e-02,2.303679199218750000e+03
3.770828247070312500e-03,4.801666259765625000e+02
3.698372840881347656e-02,1.680116882324218750e+02
1.830863952636718750e-02,1.822798950195312500e+03
1.854133605957031250e-02,1.149444824218750000e+03
1.956081390380859375e-02,5.100716018676757812e+01
2.009606361389160156e-02,4.955637817382812500e+02
1.701664924621582031e-02,9.508094024658203125e+01
1.634693145751953125e-02,3.305597229003906250e+02
1.677823066711425781e-02,2.028992614746093750e+02
2.364897727966308594e-02,7.266766071319580078e+00
1.845717430114746094e-02,2.409744628906250000e+03
1.333260536193847656e-02,1.973890502929687500e+03
3.451323509216308594e-02,2.284203643798828125e+02
1.860809326171875000e-02,1.047858428955078125e+02
1.867055892944335938e-02,7.044510498046875000e+02
1.813220977783203125e-02,2.034715698242187500e+03
1.940703392028808594e-02,2.617170715332031250e+02
3.367304801940917969e-02,2.968287963867187500e+02
1.844739913940429688e-02,1.475932739257812500e+03
1.824283599853515625e-02,1.443713012695312500e+03
1.830315589904785156e-02,2.484859863281250000e+03
1.937842369079589844e-02,1.925314453125000000e+03
1.828837394714355469e-02,1.223658294677734375e+02
1.558852195739746094e-02,1.037902343750000000e+03
1.818060874938964844e-02,6.575891876220703125e+01
1.815724372863769531e-02,1.031735473632812500e+03
2.878141403198242188e-02,1.269611053466796875e+02
8.949279785156250000e-03,5.982897949218750000e+01
3.290319442749023438e-02,3.537022399902343750e+02
2.516126632690429688e-02,1.891037353515625000e+03
1.844191551208496094e-02,8.634092712402343750e+01
1.450967788696289062e-02,3.262606201171875000e+02
2.955150604248046875e-02,3.856856079101562500e+02
2.360415458679199219e-02,9.361692504882812500e+02
1.924324035644531250e-02,3.939899902343750000e+02
2.116656303405761719e-02,1.862572021484375000e+03
1.743364334106445312e-02,4.515242919921875000e+02
2.759790420532226562e-02,4.383234252929687500e+02
2.278113365173339844e-02,1.122543090820312500e+03
1.748657226562500000e-02,2.258752929687500000e+03
1.861333847045898438e-02,6.182547607421875000e+02
2.712488174438476562e-03,1.836259613037109375e+02
1.726961135864257812e-02,1.962967987060546875e+02
1.722574234008789062e-02,1.102132034301757812e+02
1.726841926574707031e-02,2.927144165039062500e+02
3.287839889526367188e-02,7.374725341796875000e+02
1.724529266357421875e-02,1.285729248046875000e+03
3.181695938110351562e-02,1.440109619140625000e+03
2.714514732360839844e-02,7.500868530273437500e+02
1.926994323730468750e-02,2.051200439453125000e+03
2.096962928771972656e-02,5.398781738281250000e+02
1.536273956298828125e-02,7.093958282470703125e+01
1.804208755493164062e-02,2.923041687011718750e+02
3.516268730163574219e-02,6.842834472656250000e+02
2.323007583618164062e-02,1.689188690185546875e+02
2.194595336914062500e-02,1.029947967529296875e+02
1.904273033142089844e-02,1.835244750976562500e+02
1.935744285583496094e-02,4.086484527587890625e+01
1.957750320434570312e-02,5.516842651367187500e+02
5.271673202514648438e-03,9.932654571533203125e+01
3.287076950073242188e-02,2.829693298339843750e+02
2.211022377014160156e-02,5.511767578125000000e+02
2.143192291259765625e-02,2.874919189453125000e+03
1.493239402770996094e-02,5.147083129882812500e+02
2.106928825378417969e-02,1.702783203125000000e+03
1.531505584716796875e-02,4.381045227050781250e+02
1.922607421875000000e-02,2.851239257812500000e+03
1.748228073120117188e-02,0.000000000000000000e+00
3.355073928833007812e-02,9.172537231445312500e+02
1.970839500427246094e-02,3.638594055175781250e+02
2.476215362548828125e-02,1.807834625244140625e+02
1.975560188293457031e-02,3.296953964233398438e+01
1.727056503295898438e-02,6.488203735351562500e+02
2.810931205749511719e-02,1.057785873413085938e+02
1.724743843078613281e-02,2.236943603515625000e+03
1.850771903991699219e-02,1.512799194335937500e+03
2.010345458984375000e-02,1.145879760742187500e+03
3.497791290283203125e-02,8.497991180419921875e+01
1.751232147216796875e-02,1.934018402099609375e+02
1.841211318969726562e-02,1.985963500976562500e+03
4.355859756469726562e-02,3.275504760742187500e+02
2.247810363769531250e-02,1.455496337890625000e+03
5.113601684570312500e-03,6.675593872070312500e+02
3.657531738281250000e-02,1.844976440429687500e+03
1.721334457397460938e-02,2.042684448242187500e+03
1.724863052368164062e-02,2.453673706054687500e+02
1.727724075317382812e-02,4.044393920898437500e+02
3.287267684936523438e-02,1.769762115478515625e+02
1.722955703735351562e-02,5.962707138061523438e+01
2.284216880798339844e-02,1.663665649414062500e+03
1.724934577941894531e-02,6.356583786010742188e+01
2.088189125061035156e-02,1.663169677734375000e+03
1.727914810180664062e-02,1.124597412109375000e+03
1.721596717834472656e-02,1.420106567382812500e+03
1.724886894226074219e-02,3.180508117675781250e+02
2.059578895568847656e-02,3.062952270507812500e+02
1.822829246520996094e-02,9.891580810546875000e+02
1.830625534057617188e-02,4.991615905761718750e+02
3.468537330627441406e-02,2.409425537109375000e+03
2.039504051208496094e-02,1.505206542968750000e+03
3.166675567626953125e-02,6.352346191406250000e+02
1.833033561706542969e-02,6.257826538085937500e+02
1.932549476623535156e-02,5.231899414062500000e+02
1.874184608459472656e-02,7.017423248291015625e+01
1.939105987548828125e-02,1.442099666595458984e+01
1.855278015136718750e-02,2.269560623168945312e+01
4.802823066711425781e-02,1.880746765136718750e+02
1.908755302429199219e-02,1.761072265625000000e+03
2.231192588806152344e-02,1.071328369140625000e+03
4.592728614807128906e-02,6.211837158203125000e+02
1.777839660644531250e-02,2.264329589843750000e+03
3.759860992431640625e-03,5.310134506225585938e+01
1.724743843078613281e-02,2.094249420166015625e+02
1.724720001220703125e-02,7.616495971679687500e+02
1.726841926574707031e-02,3.674357910156250000e+02
2.769398689270019531e-02,1.779247192382812500e+03
2.392077445983886719e-02,1.705783813476562500e+03
1.798009872436523438e-02,9.267540740966796875e+01
1.458191871643066406e-02,0.000000000000000000e+00
1.064348220825195312e-02,2.208235931396484375e+02
1.726865768432617188e-02,2.838567810058593750e+02
1.725101470947265625e-02,6.315950927734375000e+02
1.724362373352050781e-02,4.162763977050781250e+02
1.724720001220703125e-02,7.439506225585937500e+02
1.724910736083984375e-02,4.771532897949218750e+02
1.724553108215332031e-02,7.480999755859375000e+01
2.557420730590820312e-02,1.369271087646484375e+02
2.559852600097656250e-02,4.484201049804687500e+02
1.011800765991210938e-02,2.012828247070312500e+03
3.290605545043945312e-02,8.400593872070312500e+02
1.723909378051757812e-02,7.892773437500000000e+01
3.603076934814453125e-02,1.940671997070312500e+03
2.165913581848144531e-02,2.069052734375000000e+02
1.819968223571777344e-02,3.243256530761718750e+02
2.697396278381347656e-02,3.832893371582031250e+02
2.610707283020019531e-02,2.612476318359375000e+03
1.779675483703613281e-02,3.879633789062500000e+02
1.834368705749511719e-02,1.736240966796875000e+03
3.680181503295898438e-02,1.328285369873046875e+02
1.821613311767578125e-02,3.514601440429687500e+02
1.614022254943847656e-02,8.212990570068359375e+01
1.727938652038574219e-02,3.955342407226562500e+02
2.192544937133789062e-02,1.859242553710937500e+03
1.691555976867675781e-02,5.582132568359375000e+02
2.004170417785644531e-02,4.470759887695312500e+02
2.546620368957519531e-02,1.429834472656250000e+03
2.467107772827148438e-02,4.449603881835937500e+02
1.756572723388671875e-02,2.733416748046875000e+02
1.865887641906738281e-02,2.211602294921875000e+03
1.720976829528808594e-02,2.081067138671875000e+03
2.002978324890136719e-02,5.341358642578125000e+02
1.727437973022460938e-02,2.437612060546875000e+03
2.487730979919433594e-02,9.665668945312500000e+02
2.409315109252929688e-02,6.334012603759765625e+01
1.709222793579101562e-02,5.354548339843750000e+02
2.532911300659179688e-02,1.544495086669921875e+02
1.726722717285156250e-02,3.312532348632812500e+02
1.719713211059570312e-02,2.301610412597656250e+02
1.724648475646972656e-02,1.644707885742187500e+03
1.724886894226074219e-02,7.559429321289062500e+02
1.724672317504882812e-02,2.717809143066406250e+02
3.286933898925781250e-02,6.591442871093750000e+02
3.073787689208984375e-02,1.935295043945312500e+03
1.770496368408203125e-02,1.062736694335937500e+03
3.527522087097167969e-02,1.827528595924377441e+00
1.503467559814453125e-02,1.514416748046875000e+03
1.714205741882324219e-02,1.830169982910156250e+02
1.973509788513183594e-02,8.892548828125000000e+02
3.271508216857910156e-02,1.559400634765625000e+03
2.369403839111328125e-02,9.540670013427734375e+01
2.584409713745117188e-02,1.223942871093750000e+03
1.268339157104492188e-02,1.808961181640625000e+03
1.113009452819824219e-02,2.664495239257812500e+02
1.729154586791992188e-02,2.071952392578125000e+03
1.723766326904296875e-02,2.021473144531250000e+03
3.287458419799804688e-02,8.811287231445312500e+02
1.723623275756835938e-02,5.827838745117187500e+02
3.287625312805175781e-02,3.098201904296875000e+02
1.723885536193847656e-02,1.662784545898437500e+03
3.287291526794433594e-02,1.532399658203125000e+03
1.721954345703125000e-02,1.830829925537109375e+02
1.724314689636230469e-02,1.634377098083496094e+01
2.350997924804687500e-02,2.177032318115234375e+02
2.041792869567871094e-02,3.888775939941406250e+02
2.015972137451171875e-02,7.604163208007812500e+02
5.161762237548828125e-03,6.904629516601562500e+02
3.146839141845703125e-02,2.158242034912109375e+02
1.968455314636230469e-02,4.147017822265625000e+02
2.044916152954101562e-02,1.942226104736328125e+02
1.727533340454101562e-02,1.575754394531250000e+03
1.724910736083984375e-02,1.804970703125000000e+02
1.724839210510253906e-02,5.066334838867187500e+02
1.724720001220703125e-02,1.946382904052734375e+02
1.724720001220703125e-02,2.318275878906250000e+03
1.724863052368164062e-02,5.484466171264648438e+01
1.724696159362792969e-02,2.318751068115234375e+02
1.724624633789062500e-02,3.780538024902343750e+02
1.723647117614746094e-02,2.152100585937500000e+03
4.673576354980468750e-02,4.051804733276367188e+01
1.897382736206054688e-02,3.678797607421875000e+02
1.847720146179199219e-02,6.394324951171875000e+02
1.908540725708007812e-02,1.229470062255859375e+02
1.847410202026367188e-02,2.766545104980468750e+02
1.423954963684082031e-02,4.241741638183593750e+02
1.726913452148437500e-02,2.152487030029296875e+02
1.725363731384277344e-02,7.413607788085937500e+02
1.724648475646972656e-02,2.988247680664062500e+02
1.724767684936523438e-02,9.131032562255859375e+01
2.730631828308105469e-02,2.519115295410156250e+02
1.769733428955078125e-02,1.026792846679687500e+03
1.502728462219238281e-02,2.263058013916015625e+02
2.789378166198730469e-02,3.841564025878906250e+02
2.297639846801757812e-02,2.435779541015625000e+03
3.082036972045898438e-03,3.875097656250000000e+02
1.726794242858886719e-02,3.785194091796875000e+02
1.724696159362792969e-02,2.767091979980468750e+02
1.724910736083984375e-02,1.769739990234375000e+02
3.342938423156738281e-02,2.136541748046875000e+02
2.531290054321289062e-02,7.077617797851562500e+02
2.224063873291015625e-02,1.831000061035156250e+02
2.109813690185546875e-02,1.525101074218750000e+03
2.326035499572753906e-02,1.215800933837890625e+02
2.091860771179199219e-02,5.265341796875000000e+02
1.724648475646972656e-02,6.174960327148437500e+02
2.336239814758300781e-02,3.580766906738281250e+02
1.852202415466308594e-02,1.754604370117187500e+03
1.978397369384765625e-02,4.927853393554687500e+02
1.326465606689453125e-02,1.390958862304687500e+03
1.822042465209960938e-02,1.796999664306640625e+02
2.521705627441406250e-02,1.527850097656250000e+03
2.578783035278320312e-02,3.466582641601562500e+02
1.957798004150390625e-02,2.473556060791015625e+02
1.847696304321289062e-02,4.055762939453125000e+02
1.759028434753417969e-02,3.396164550781250000e+02
1.724696159362792969e-02,3.686888732910156250e+02
2.248096466064453125e-02,9.154612731933593750e+01
2.239346504211425781e-02,8.359432373046875000e+02
1.907610893249511719e-02,7.067184448242187500e+02
2.129793167114257812e-02,1.681439331054687500e+03
2.230048179626464844e-02,3.132262878417968750e+02
1.950168609619140625e-02,4.542948913574218750e+02
2.319765090942382812e-02,1.161912719726562500e+03
1.895046234130859375e-02,1.934888153076171875e+02
1.425933837890625000e-02,2.116380310058593750e+01
1.725363731384277344e-02,1.744722747802734375e+01
1.724720001220703125e-02,6.693991088867187500e+02
1.724720001220703125e-02,9.439045410156250000e+02
1.724696159362792969e-02,1.551083374023437500e+03
1.728272438049316406e-02,3.730939865112304688e+01
1.727938652038574219e-02,1.285677978515625000e+03
1.720643043518066406e-02,5.144988403320312500e+02
1.725625991821289062e-02,7.617797851562500000e+02
3.387761116027832031e-02,1.317671142578125000e+03
1.727414131164550781e-02,3.069021606445312500e+02
2.343606948852539062e-02,2.416383972167968750e+02
1.210761070251464844e-02,6.844573974609375000e+02
1.779294013977050781e-02,4.096110839843750000e+02
2.884888648986816406e-02,1.830829925537109375e+02
1.886606216430664062e-02,3.665255126953125000e+02
2.045869827270507812e-02,1.890461425781250000e+03
2.041602134704589844e-02,4.237640380859375000e+02
1.947283744812011719e-02,6.194362182617187500e+02
2.138209342956542969e-02,7.434097290039062500e+02
2.766275405883789062e-02,5.236851806640625000e+02
1.729631423950195312e-02,4.869936523437500000e+02
1.721811294555664062e-02,9.395202636718750000e+01
3.781580924987792969e-02,8.142520141601562500e+02
2.460217475891113281e-02,1.531999945640563965e+00
2.347660064697265625e-02,1.039135498046875000e+03
1.815605163574218750e-02,7.275178833007812500e+02
1.817989349365234375e-02,1.969924072265625000e+03
1.919984817504882812e-02,4.958668823242187500e+02
2.055072784423828125e-02,8.236728515625000000e+02
1.741409301757812500e-02,8.242329406738281250e+01
5.733966827392578125e-03,3.742918014526367188e+01
3.006148338317871094e-02,2.068494140625000000e+03
1.889038085937500000e-02,9.731207885742187500e+02
2.104520797729492188e-02,2.690892333984375000e+03
2.029395103454589844e-02,1.834047729492187500e+03
2.034091949462890625e-02,4.078212280273437500e+02
1.756286621093750000e-02,3.124199829101562500e+02
1.808667182922363281e-02,1.469510375976562500e+03
2.635931968688964844e-02,4.880272216796875000e+02
2.290940284729003906e-02,8.641504516601562500e+02
1.726508140563964844e-02,4.902699890136718750e+02
1.723194122314453125e-02,2.808269653320312500e+02
1.724720001220703125e-02,1.571901733398437500e+03
1.724743843078613281e-02,1.295081787109375000e+03
1.724696159362792969e-02,2.016601371765136719e+01
3.894853591918945312e-02,8.918557739257812500e+01
4.244327545166015625e-03,1.641195800781250000e+03
3.240585327148437500e-02,2.305868896484375000e+03
1.993989944458007812e-02,3.250192260742187500e+02
1.885008811950683594e-02,4.123301391601562500e+02
1.727509498596191406e-02,9.736743164062500000e+02
2.191853523254394531e-02,4.040322570800781250e+02
1.974177360534667969e-02,8.496255493164062500e+02
1.652574539184570312e-02,1.731563964843750000e+03
2.288722991943359375e-02,2.585216552734375000e+03
2.241802215576171875e-02,2.827505493164062500e+02
1.952743530273437500e-02,2.755308349609375000e+03
7.717609405517578125e-03,1.272215652465820312e+02
1.728200912475585938e-02,2.308010742187500000e+03
1.724028587341308594e-02,7.744889526367187500e+02
2.883052825927734375e-02,5.508569335937500000e+02
2.540874481201171875e-02,1.487954864501953125e+02
3.107953071594238281e-02,5.231840209960937500e+02
2.185487747192382812e-02,1.515152343750000000e+03
1.727890968322753906e-02,7.904464111328125000e+02
1.724696159362792969e-02,1.894129882812500000e+03
1.725172996520996094e-02,1.378232421875000000e+02
1.724457740783691406e-02,1.835989135742187500e+03
1.847887039184570312e-02,4.551392517089843750e+02
1.729679107666015625e-02,4.373701782226562500e+02
3.285074234008789062e-02,4.451408386230468750e+02
2.554941177368164062e-02,2.987142028808593750e+02
1.727414131164550781e-02,1.016734252929687500e+03
1.721930503845214844e-02,7.076049804687500000e+02
1.724958419799804688e-02,1.922895996093750000e+03
3.545713424682617188e-02,2.508328704833984375e+02
2.149534225463867188e-02,3.635653381347656250e+02
1.973676681518554688e-02,1.262242187500000000e+03
2.802681922912597656e-02,3.409996948242187500e+02
2.530598640441894531e-02,1.153222900390625000e+03
1.928639411926269531e-02,2.619754943847656250e+02
2.242779731750488281e-02,2.422617492675781250e+02
1.261711120605468750e-02,3.287742919921875000e+02
3.249120712280273438e-02,7.972442507743835449e-01
2.255368232727050781e-02,2.751199150085449219e+01
1.825118064880371094e-02,4.110483703613281250e+02
4.148745536804199219e-02,1.094048217773437500e+03
2.580046653747558594e-02,1.415917480468750000e+03
1.834559440612792969e-02,9.207830810546875000e+02
2.604651451110839844e-02,4.435521697998046875e+01
1.798081398010253906e-02,1.336400032043457031e+01
2.751278877258300781e-02,1.165366333007812500e+03
2.311348915100097656e-02,1.830338256835937500e+03
1.335525512695312500e-02,8.509503784179687500e+02
1.840162277221679688e-02,1.096081390380859375e+02
1.724767684936523438e-02,3.174922180175781250e+02
1.842331886291503906e-02,1.540163330078125000e+03
1.913404464721679688e-02,3.566719970703125000e+02
1.842045783996582031e-02,3.780603637695312500e+02
1.781153678894042969e-02,7.309806823730468750e+01
3.717422485351562500e-03,1.762914672851562500e+03
3.415989875793457031e-02,1.289809814453125000e+03
3.460812568664550781e-02,4.491513366699218750e+02
1.796936988830566406e-02,1.879750671386718750e+02
2.926516532897949219e-02,3.969609832763671875e+01
1.175475120544433594e-02,1.022292663574218750e+03
3.080296516418457031e-02,1.927831176757812500e+03
1.808738708496093750e-02,7.846846313476562500e+02
2.003288269042968750e-02,1.662637817382812500e+03
1.669907569885253906e-02,1.582079467773437500e+03
1.830887794494628906e-02,2.668655761718750000e+03
1.833605766296386719e-02,2.700652160644531250e+02
1.922273635864257812e-02,8.573827514648437500e+02
1.794552803039550781e-02,2.621249389648437500e+01
3.486537933349609375e-02,5.333791503906250000e+02
2.617096900939941406e-02,3.708707885742187500e+02
9.948492050170898438e-03,2.808147888183593750e+02
3.377437591552734375e-02,5.870230102539062500e+02
2.060270309448242188e-02,1.179019531250000000e+03
1.879405975341796875e-02,2.413123168945312500e+02
3.251600265502929688e-02,1.971056152343750000e+03
1.909971237182617188e-02,5.413660278320312500e+02
1.727509498596191406e-02,1.271697631835937500e+03
2.640724182128906250e-03,1.280435058593750000e+03
3.536343574523925781e-02,3.333424072265625000e+02
1.816892623901367188e-02,1.760970458984375000e+03
2.101087570190429688e-02,2.524462509155273438e+01
1.546072959899902344e-02,1.271281494140625000e+03
2.889227867126464844e-02,1.591882690429687500e+03
1.910543441772460938e-02,1.458535888671875000e+03
6.885528564453125000e-03,4.080191650390625000e+02
2.241706848144531250e-02,7.567875366210937500e+02
3.084516525268554688e-02,7.720037841796875000e+01
2.181100845336914062e-02,3.779764404296875000e+02
1.930141448974609375e-02,1.472442626953125000e+03
1.765775680541992188e-02,8.645631713867187500e+02
1.496315002441406250e-02,2.524184265136718750e+02
1.725029945373535156e-02,1.456581420898437500e+03
1.728773117065429688e-02,1.657365722656250000e+03
1.720714569091796875e-02,4.667525863647460938e+01
1.626014709472656250e-03,2.820778320312500000e+03
1.724696159362792969e-02,1.272099731445312500e+03
3.358173370361328125e-02,9.241636962890625000e+02
2.607536315917968750e-02,1.995856323242187500e+02
2.264404296875000000e-02,1.094831665039062500e+03
1.860451698303222656e-02,2.276189575195312500e+02
1.177072525024414062e-02,6.658687133789062500e+02
1.729440689086914062e-02,8.200043334960937500e+02
1.721644401550292969e-02,4.031616516113281250e+02
3.142905235290527344e-02,2.789389038085937500e+02
2.173209190368652344e-02,2.168247314453125000e+03
2.765893936157226562e-02,7.539111328125000000e+02
2.452921867370605469e-02,8.448921508789062500e+02
1.957750320434570312e-02,2.395457763671875000e+02
1.906967163085937500e-02,4.986532287597656250e+02
2.200961112976074219e-02,5.377494430541992188e+01
2.256131172180175781e-02,-1.922944545745849609e+00
1.551389694213867188e-02,1.003113464355468750e+03
3.049516677856445312e-02,5.979271240234375000e+02
2.572774887084960938e-02,2.116463134765625000e+03
2.242612838745117188e-02,2.496266479492187500e+02
1.500344276428222656e-02,6.209209594726562500e+02
1.214456558227539062e-02,1.131426147460937500e+03
3.635764122009277344e-02,4.808275756835937500e+02
2.362656593322753906e-02,2.438672851562500000e+03
1.271080970764160156e-02,9.651043090820312500e+02
2.451205253601074219e-02,1.534619140625000000e+03
1.743125915527343750e-02,1.767559967041015625e+02
1.062703132629394531e-02,1.041113525390625000e+03
3.031516075134277344e-02,7.222631835937500000e+02
1.787400245666503906e-02,2.925211669921875000e+03
5.295276641845703125e-03,2.016034698486328125e+02
1.726984977722167969e-02,4.292234191894531250e+02
1.725912094116210938e-02,1.769170074462890625e+02
1.724529266357421875e-02,3.037287597656250000e+02
1.724314689636230469e-02,3.608639221191406250e+02
1.724696159362792969e-02,1.759040069580078125e+02
1.725149154663085938e-02,1.830330047607421875e+02
1.725101470947265625e-02,2.523288574218750000e+02
1.721286773681640625e-02,1.459456176757812500e+03
1.724767684936523438e-02,1.412756469726562500e+03
2.982807159423828125e-02,9.975762329101562500e+02
2.032947540283203125e-02,4.453375549316406250e+02
1.768493652343750000e-02,8.503783569335937500e+02
1.901650428771972656e-02,3.667073364257812500e+02
1.533985137939453125e-02,2.535264434814453125e+02
1.727914810180664062e-02,7.272457275390625000e+02
1.725006103515625000e-02,2.754938697814941406e+01
1.725459098815917969e-02,1.465441589355468750e+02
1.723575592041015625e-02,9.172893066406250000e+02
1.721811294555664062e-02,4.211001281738281250e+02
1.727128028869628906e-02,2.007232513427734375e+02
3.509187698364257812e-02,2.735247993469238281e+01
2.066874504089355469e-02,8.821631469726562500e+02
1.927304267883300781e-02,2.923677978515625000e+02
2.087450027465820312e-02,1.650932006835937500e+03
2.749800682067871094e-02,2.092182861328125000e+03
1.706290245056152344e-02,8.499453735351562500e+02
2.515411376953125000e-02,7.105252838134765625e+01
2.267742156982421875e-02,1.451940002441406250e+02
1.460313796997070312e-02,1.428074462890625000e+03
1.874899864196777344e-02,5.431954345703125000e+02
3.289890289306640625e-02,1.236364135742187500e+03
1.724553108215332031e-02,5.192727050781250000e+02
1.721811294555664062e-02,1.025387649536132812e+02
1.726865768432617188e-02,2.169260742187500000e+03
1.734519004821777344e-02,5.575254516601562500e+02
2.426552772521972656e-02,2.845411682128906250e+02
2.387428283691406250e-02,8.432357177734375000e+02
3.117370605468750000e-02,4.775288391113281250e+02
2.385330200195312500e-02,3.032601623535156250e+02
1.115155220031738281e-02,6.177227172851562500e+02
3.286933898925781250e-02,1.061306640625000000e+03
1.724910736083984375e-02,3.166789245605468750e+02
1.724553108215332031e-02,1.205484130859375000e+03
1.724720001220703125e-02,2.019273437500000000e+03
3.286838531494140625e-02,1.432878173828125000e+03
1.724863052368164062e-02,2.491188720703125000e+03
1.724791526794433594e-02,1.349533447265625000e+03
1.724529266357421875e-02,1.777491943359375000e+03
1.724791526794433594e-02,1.372332641601562500e+03
3.194761276245117188e-02,2.577884521484375000e+02
2.123165130615234375e-02,1.945307250976562500e+03
1.787829399108886719e-02,5.313947296142578125e+01
1.800227165222167969e-02,1.282562011718750000e+03
1.561188697814941406e-02,1.673101318359375000e+03
1.724886894226074219e-02,2.762926025390625000e+02
1.724720001220703125e-02,2.339747772216796875e+02
1.724648475646972656e-02,2.103523681640625000e+03
3.286862373352050781e-02,7.616902465820312500e+02
1.724910736083984375e-02,7.942255859375000000e+02
1.724791526794433594e-02,1.354246093750000000e+03
1.724720001220703125e-02,4.312152099609375000e+02
1.724672317504882812e-02,1.597071361541748047e+01
2.743911743164062500e-02,6.736165771484375000e+02
1.939225196838378906e-02,2.087838134765625000e+03
2.013063430786132812e-02,1.643561157226562500e+03
2.007102966308593750e-02,1.460049316406250000e+03
2.284359931945800781e-02,3.314349975585937500e+02
2.057361602783203125e-02,1.683539306640625000e+03
1.822972297668457031e-02,1.011113891601562500e+03
1.890635490417480469e-02,8.193991851806640625e+01
1.622891426086425781e-02,9.261649780273437500e+02
1.725077629089355469e-02,1.052568054199218750e+02
2.519917488098144531e-02,4.612366027832031250e+02
1.881217956542968750e-02,2.068871612548828125e+02
2.298879623413085938e-02,2.077582275390625000e+03
2.466821670532226562e-02,1.406412963867187500e+03
2.135682106018066406e-02,5.415007934570312500e+02
2.151441574096679688e-02,8.424583740234375000e+02
2.157115936279296875e-02,1.304137084960937500e+03
2.428960800170898438e-02,3.719780273437500000e+02
2.216911315917968750e-02,5.954473266601562500e+02
1.858162879943847656e-02,1.943596313476562500e+03
2.181982994079589844e-02,3.228881225585937500e+02
1.560735702514648438e-02,1.758639984130859375e+02
2.047777175903320312e-02,9.385947875976562500e+02
1.957654953002929688e-02,4.454123535156250000e+02
1.857733726501464844e-02,1.673458374023437500e+03
1.972270011901855469e-02,1.757935180664062500e+03
1.834297180175781250e-02,1.041071044921875000e+03
1.957750320434570312e-02,4.397570190429687500e+02
3.034591674804687500e-02,1.722634735107421875e+02
2.441787719726562500e-02,3.595940551757812500e+02
2.107954025268554688e-02,1.531271728515625000e+03
2.546453475952148438e-02,4.233406448364257812e+01
3.203630447387695312e-02,3.072098083496093750e+02
1.847553253173828125e-02,2.498684570312500000e+03
1.856470108032226562e-02,2.274600524902343750e+02
1.798367500305175781e-02,3.062084655761718750e+02
1.761126518249511719e-02,1.371093872070312500e+03
1.894593238830566406e-02,3.210924987792968750e+02
1.830458641052246094e-02,7.796087646484375000e+02
1.769351959228515625e-02,1.108462158203125000e+03
1.871848106384277344e-02,2.283567352294921875e+02
2.506828308105468750e-02,1.630362792968750000e+03
2.231931686401367188e-02,1.804277221679687500e+03
1.197743415832519531e-02,1.618484039306640625e+02
2.417349815368652344e-02,5.542882690429687500e+02
1.882195472717285156e-02,1.938578613281250000e+03
2.554655075073242188e-02,2.823818664550781250e+02
2.224707603454589844e-02,1.935347412109375000e+03
2.546405792236328125e-02,5.753305053710937500e+01
2.270984649658203125e-02,1.681920471191406250e+02
4.664182662963867188e-03,4.734387207031250000e+02
3.621912002563476562e-02,5.785606002807617188e+01
2.364206314086914062e-02,1.311954345703125000e+03
1.886081695556640625e-02,1.257492523193359375e+02
1.758313179016113281e-02,1.411757568359375000e+03
1.806974411010742188e-02,2.009568481445312500e+03
1.464724540710449219e-02,6.883991241455078125e+00
1.874351501464843750e-02,1.073271484375000000e+02
1.950669288635253906e-02,5.254637451171875000e+02
1.806116104125976562e-02,3.972574157714843750e+02
1.831603050231933594e-02,2.372089080810546875e+02
2.566742897033691406e-02,1.265710815429687500e+03
2.264451980590820312e-02,9.896532592773437500e+02
1.726317405700683594e-02,3.073564147949218750e+02
1.723432540893554688e-02,1.533723876953125000e+03
1.725482940673828125e-02,2.565044250488281250e+02
3.285908699035644531e-02,8.819804687500000000e+02
1.724863052368164062e-02,2.797064453125000000e+03
1.725029945373535156e-02,2.286997070312500000e+03
3.762435913085937500e-02,4.729586410522460938e+01
3.051352500915527344e-02,9.886166381835937500e+02
1.360702514648437500e-02,9.390700531005859375e+01
2.829861640930175781e-02,1.910816528320312500e+03
1.852774620056152344e-02,1.627495483398437500e+03
6.446123123168945312e-03,5.490654296875000000e+02
3.707957267761230469e-02,9.334764480590820312e+00
2.312850952148437500e-02,1.698123779296875000e+02
2.187204360961914062e-02,2.465521240234375000e+02
1.114583015441894531e-02,1.566638946533203125e+02
2.782988548278808594e-02,3.171319580078125000e+02
2.302408218383789062e-02,4.001306152343750000e+02
3.395485877990722656e-02,1.285203857421875000e+03
3.600764274597167969e-02,3.075575256347656250e+02
1.935935020446777344e-02,4.370339660644531250e+02
1.936149597167968750e-02,3.769800720214843750e+02
2.140259742736816406e-02,1.629117431640625000e+02
2.204251289367675781e-02,4.808880615234375000e+02
1.669335365295410156e-02,3.769732284545898438e+01
1.900577545166015625e-02,2.716517578125000000e+03
1.868295669555664062e-02,1.144876342773437500e+03
1.868033409118652344e-02,1.203564575195312500e+03
1.844429969787597656e-02,1.230350219726562500e+03
1.321434974670410156e-02,2.398184661865234375e+02
1.835417747497558594e-02,6.542545166015625000e+02
1.788687705993652344e-02,5.022366638183593750e+02
2.706527709960937500e-02,1.655216796875000000e+03
1.729083061218261719e-02,7.447109985351562500e+01
7.666826248168945312e-03,1.259086791992187500e+03
3.683900833129882812e-02,6.366500244140625000e+02
2.289199829101562500e-02,2.086110107421875000e+03
1.708388328552246094e-02,7.382421264648437500e+02
1.993513107299804688e-02,6.160078125000000000e+02
1.805186271667480469e-02,1.069724273681640625e+02
1.836872100830078125e-02,3.883190612792968750e+02
1.722979545593261719e-02,6.491832885742187500e+02
1.119136810302734375e-02,4.277476196289062500e+02
2.302908897399902344e-02,8.101658325195312500e+02
1.866340637207031250e-02,7.743480834960937500e+02
1.543045043945312500e-02,3.102263488769531250e+02
1.728010177612304688e-02,3.416078796386718750e+02
2.940917015075683594e-02,2.461154327392578125e+02
2.162075042724609375e-02,1.296043212890625000e+03
1.626014709472656250e-03,2.148609619140625000e+03
1.724171638488769531e-02,1.360639801025390625e+02
3.286838531494140625e-02,9.511565551757812500e+02
1.724624633789062500e-02,7.580969238281250000e+02
2.000021934509277344e-02,6.300016021728515625e+01
1.967883110046386719e-02,1.866920166015625000e+02
1.785612106323242188e-02,1.976303100585937500e+02
4.450082778930664062e-03,1.145496582031250000e+03
3.905344009399414062e-02,2.886332702636718750e+02
1.410794258117675781e-02,1.484277099609375000e+03
1.724743843078613281e-02,1.843224029541015625e+02
3.379249572753906250e-02,7.101584911346435547e+00
2.381968498229980469e-02,3.172883300781250000e+02
1.664853096008300781e-02,2.803712463378906250e+02
1.891422271728515625e-02,4.130748901367187500e+02
2.467441558837890625e-02,1.000120773315429688e+02
2.594709396362304688e-02,7.147757720947265625e+01
1.695466041564941406e-02,1.386330322265625000e+03
