8.605771064758300781e-01,8.671422950585917234e+08,4.791488802915683389e+08,2.916600228075298560e+02
1.385298967361450195e+00,7.934174563148484230e+08,4.790088399508011341e+08,1.685196887915799948e+02
6.330559253692626953e-01,3.738926974478293061e+08,4.286895964448761344e+08,5.955634520468749542e+03
8.181302547454833984e-01,8.266367060775954723e+08,4.825813455421559811e+08,3.708177469941202276e+02
1.284081935882568359e+00,7.214728199987509251e+08,4.852905003792613149e+08,6.428731788626234902e+02
7.675516605377197266e-01,8.923747606663348675e+08,4.818313819325829744e+08,1.353135039609375099e+03
8.506796360015869141e-01,8.311937013271962404e+08,4.838730864595177770e+08,4.307784971782842149e+03
8.356087207794189453e-01,7.939703903308495283e+08,4.803401390975907445e+08,1.496594093934316561e+03
1.368761539459228516e+00,7.948360172568542957e+08,4.895667883859287500e+08,8.905753473238695506e+02
1.500523090362548828e+00,8.164999579653024673e+08,4.845329321655629277e+08,7.564485246318769896e+03
8.685951232910156250e-01,7.437431014245059490e+08,4.818137236916183829e+08,9.538801628732456095e+01
8.331267833709716797e-01,8.455241336450612545e+08,4.597110104556019306e+08,6.619550761595958193e+02
1.168148994445800781e+00,8.854474709010636806e+08,4.768913901266474128e+08,1.099598837168789032e+03
1.151395320892333984e+00,8.300463511761643887e+08,4.829268024104459882e+08,3.373943847329716846e+03
8.508090972900390625e-01,7.987432397180678844e+08,4.419612157522579432e+08,2.680380198626494348e+03
9.021840095520019531e-01,6.958795147450882196e+08,4.724402013197641373e+08,2.404265192828872387e+03
7.179868221282958984e-01,7.670694371802343130e+08,4.772563855355009437e+08,3.246474557627340118e+01
8.186109066009521484e-01,8.395597096423710585e+08,4.796400275748760104e+08,1.499033097306327818e+03
6.005601882934570312e-01,8.477599034148557186e+08,4.745822800471668243e+08,2.224334027038266413e+03
9.182631969451904297e-01,7.887291291193518639e+08,4.506763864583414197e+08,8.856040256785666998e+02
1.151948451995849609e+00,6.545614499793610573e+08,4.740473838603707552e+08,3.104725934554638570e+03
1.284054756164550781e+00,7.508873081098555028e+07,4.723758733708860874e+08,2.928409620064091541e+03
8.345904350280761719e-01,7.400849221981490850e+08,4.698483830464355946e+08,1.660104989934381763e+02
1.577474355697631836e+00,7.372573029296590090e+08,4.768566640265360475e+08,6.559613455275078195e+03
8.330233097076416016e-01,8.315723520237752199e+08,4.710816870109880567e+08,9.609547494513383015e+01
9.853742122650146484e-01,7.092091307912745476e+08,4.748566917896639705e+08,2.760016862575786035e+03
9.846165180206298828e-01,8.117397896997840405e+08,4.806722148713837266e+08,7.866569230106190844e+03
1.434081792831420898e+00,8.491402933811950684e+08,4.790584581851248145e+08,1.006886471905405415e+03
1.025679826736450195e+00,8.300305733369548321e+08,4.825846501111628413e+08,2.324969949300610494e+02
1.134310245513916016e+00,7.889396909558535814e+08,4.667239945580736995e+08,8.799203268155860087e+02
9.340970516204833984e-01,7.996568952652407885e+08,4.856794070947645903e+08,1.643378142634030610e+03
7.126114368438720703e-01,8.276957098564492464e+08,4.781745581093454957e+08,4.070989383598427594e+03
1.167652130126953125e+00,8.071972944942711592e+08,4.718843270240082145e+08,1.023469692350766650e+03
1.118074655532836914e+00,8.532565228511636257e+08,4.803123313967502713e+08,3.374905831907744414e+03
1.034578800201416016e+00,8.102020352276300192e+08,4.826809443510480523e+08,1.944906542279658424e+03
1.152108907699584961e+00,8.203971905121930838e+08,4.828401995019109249e+08,1.840228843001494397e+03
7.656557559967041016e-01,8.832504997724380493e+08,4.783666814273204207e+08,1.363128946024980451e+03
6.680297851562500000e-01,8.069674903123912811e+08,4.769427099646533728e+08,9.064155528241943784e+02
2.285221338272094727e+00,8.057588500414912701e+08,4.828821889921736121e+08,1.592194815894458316e+03
2.202449798583984375e+00,8.892693464302202463e+08,4.815967020374683142e+08,6.945602358906249719e+03
2.118400096893310547e+00,8.207997608016709089e+08,4.806272737932033539e+08,2.395471364181327772e+03
1.502230405807495117e+00,8.132279976437057257e+08,4.648739877764005661e+08,2.820086431761791573e+03
6.864142417907714844e-01,8.523976018594129086e+08,4.794103968933319449e+08,5.593724567450623226e+02
2.718613624572753906e+00,8.062356312131615877e+08,4.800267703723558784e+08,7.928084179121914531e+03
9.394631385803222656e-01,6.749816633281540871e+08,4.763179417939270139e+08,1.599268726652319401e+03
3.102928638458251953e+00,6.758631880938183069e+08,4.785607918716830015e+08,4.566770284214072490e+03
1.600755929946899414e+00,8.180881168383393288e+08,4.775451119436188936e+08,1.737391534960044339e+02
1.747677087783813477e+00,8.737152333464074135e+08,4.741251119934784174e+08,3.822295544003085524e+03
1.710110664367675781e+00,6.961031546368589401e+08,4.866975211932842135e+08,5.158574226829618965e+03
2.086088657379150391e+00,8.128403637672238350e+08,4.961734231833428144e+08,4.799526097843360617e+02
7.172124385833740234e-01,9.043016002538809776e+08,4.831987973543480635e+08,9.038207976640624111e+03
6.022827386856079102e+00,7.804353558581264019e+08,4.771380327225262523e+08,5.162075538316333905e+02
1.435166597366333008e+00,7.861003500162514448e+08,4.800513700653057098e+08,2.784883032587383127e+02
8.688526153564453125e-01,5.692083573770675659e+08,4.533593934519376755e+08,8.953272988374804982e+02
1.101212978363037109e+00,8.531954822882394791e+08,4.779120135298920274e+08,1.244403949017119203e+03
1.112878561019897461e+00,8.249954929939496517e+08,4.729210427445154190e+08,1.770128321785180333e+03
1.451985359191894531e+00,8.568927444303747416e+08,4.831376685472736955e+08,2.113331739713227762e+03
8.171138763427734375e-01,8.309230048754128218e+08,4.737297645945118666e+08,5.116749123735967260e+03
1.401869535446166992e+00,7.882298696092859507e+08,4.704572151152740717e+08,3.544002456131172039e+03
1.238047122955322266e+00,8.629751460661662817e+08,4.809586972407406569e+08,7.189893076533263638e+02
3.786068677902221680e+00,8.126268336383467913e+08,4.747875012001193166e+08,1.371791012424213932e+03
1.817850112915039062e+00,8.179750820414952040e+08,4.790861208859047890e+08,3.055693356233627583e+03
9.520034790039062500e-01,8.136501424449899197e+08,4.750118487087264657e+08,8.397178618243828168e+03
1.151800632476806641e+00,8.827622038350104094e+08,4.864861922286253572e+08,3.485723892376494405e+03
1.051871299743652344e+00,8.547879685734273195e+08,4.717855528878295422e+08,2.513314675485122279e+03
3.736201047897338867e+00,8.401211121755187511e+08,4.759635373394104838e+08,1.187844001554313991e+03
3.338888168334960938e+00,8.399790268871700764e+08,4.779838518745588064e+08,2.066091768795380631e+03
1.007449531555175781e+01,8.209994138427960873e+08,4.825319169078854918e+08,4.631721064081210898e+03
5.254573822021484375e+00,8.629515200740704536e+08,4.750545541875766516e+08,4.012911717225507005e+02
4.436038732528686523e+00,8.412940610930472612e+08,4.624551465911030173e+08,3.139675421073284838e+02
3.485944986343383789e+00,6.880485375701386929e+08,4.743652808059312701e+08,1.131674134432075107e+03
1.218020439147949219e+00,8.790912357889235020e+08,4.754097127215124965e+08,3.341857336257016414e+03
4.271395921707153320e+00,7.956033256745859385e+08,4.769944913343942761e+08,5.754707901043691891e+03
3.425069093704223633e+00,8.321489783815114498e+08,4.798085442735853195e+08,7.644384433534335585e+03
9.349479675292968750e-01,7.671262868372381926e+08,4.849597176454488039e+08,9.377734667082251008e+02
1.869318485260009766e+00,8.205363254886736870e+08,4.765689753503701091e+08,7.957495796339331946e+02
9.517853260040283203e-01,8.006859502988269329e+08,4.830347628907664418e+08,2.115541560873180629e+02
2.453089475631713867e+00,8.125333247459018230e+08,4.855938956894816160e+08,9.431540322931328774e+03
7.495501041412353516e-01,8.275056458774299622e+08,4.701987152020165920e+08,1.081934986042522041e+03
6.667585372924804688e-01,8.328511572847834826e+08,4.726844350576948524e+08,6.304052359393710503e+03
8.441786766052246094e-01,8.362832604763973951e+08,4.833260349201787710e+08,3.534481932637539103e+03
1.502525806427001953e+00,8.222036475961841345e+08,4.788629034265309572e+08,1.461614320124675260e+03
6.516611576080322266e-01,8.516612719743932486e+08,4.833317972621536851e+08,3.300122143878183579e+03
1.099212884902954102e+00,8.634055746885761023e+08,4.790331082493171096e+08,1.914443930881626272e+02
1.402289390563964844e+00,8.643196581769648790e+08,4.633343253746443391e+08,2.527601267881269450e+03
8.334710597991943359e-01,7.642847421998120546e+08,4.810574936783596277e+08,1.626307722255100089e+03
1.268789291381835938e+00,8.610500247184737921e+08,4.778347906699330211e+08,6.696234489315585961e+03
6.340668201446533203e-01,8.653939157871538401e+08,4.711237619512201548e+08,5.805872805112071546e+02
1.041193008422851562e+00,8.322669164985421896e+08,4.758123340734073520e+08,3.216118302226805667e+02
1.617525577545166016e+00,8.104477043584097624e+08,4.779707339232282043e+08,4.784683320563929101e+02
9.840059280395507812e-01,8.163868121102920771e+08,4.787407462112962604e+08,3.035891121918854196e+02
1.185644388198852539e+00,8.289073671447793245e+08,4.795666091035610437e+08,3.171436080892119207e+03
1.318163394927978516e+00,4.448068509832158089e+08,4.667904772661295533e+08,1.236588324921875028e+03
7.190463542938232422e-01,8.357590499612873793e+08,4.797102411350247860e+08,4.792469408313084500e+02
8.761477470397949219e-01,7.902380316568620205e+08,4.870535365821760297e+08,6.277525294181327808e+03
1.368701457977294922e+00,8.458993510430109501e+08,4.798258469090211391e+08,1.596388655152676677e+02
8.855381011962890625e-01,8.069173263116294146e+08,4.752914725534700751e+08,7.985006673007081872e+02
2.319836854934692383e+00,8.412093308262007236e+08,4.804813399699112773e+08,1.914902795909433507e+03
1.432673931121826172e+00,7.861973668292995691e+08,4.704352320265522599e+08,3.988137460395985272e+02
9.997143745422363281e-01,6.186807067062321901e+08,4.754471189086840153e+08,7.234128047118730137e+03
8.831043243408203125e-01,8.276236308669288158e+08,4.720864120044246912e+08,3.992276056640625029e+03
1.318334817886352539e+00,6.041340021781939268e+08,4.543219653688169718e+08,7.133102845496816371e+03
1.252084255218505859e+00,7.937334534313642979e+08,4.783203961848539710e+08,4.908894373065585569e+03
7.421882152557373047e-01,8.938346688120354414e+08,4.763029686686689258e+08,7.635268508272154122e+02
7.344214916229248047e-01,4.753141375294762850e+08,4.773885967831889987e+08,2.785332235721836241e+03
1.043224096298217773e+00,8.835749638821997643e+08,4.813454104455054402e+08,2.660191676005395678e+01
1.192283868789672852e+00,5.706307216118150949e+08,4.784650767592368126e+08,3.872962735174960471e+03
1.167552947998046875e+00,7.692428192815303802e+08,4.775777933393475413e+08,2.368210945927104660e+02
1.284611701965332031e+00,8.546775911539314985e+08,4.872915679913508296e+08,2.069640138226513500e+03
2.219139337539672852e+00,8.232889819486490488e+08,4.703854307684460878e+08,5.807968285454717261e+03
7.167971134185791016e-01,8.634068038635219336e+08,4.611252843909058571e+08,8.199490386543790009e+03
8.339569568634033203e-01,8.087415873989644051e+08,4.806715858670800924e+08,2.594627753762993621e+02
8.520805835723876953e-01,8.677691866784756184e+08,4.700011950163969994e+08,1.422916367777416781e+03
9.843626022338867188e-01,7.316960790638027191e+08,4.278231050350847244e+08,5.585399816429638804e+02
8.353641033172607422e-01,6.510791204346605539e+08,4.727286588248803020e+08,5.471599283368730539e+03
1.101853609085083008e+00,8.888374041561441422e+08,4.808389018480604291e+08,9.322454595628248626e+02
1.983969449996948242e+00,8.587974538625270128e+08,4.820088597257024050e+08,3.825372132490644617e+03
1.001006603240966797e+00,8.651536457443864346e+08,4.775857150651453137e+08,2.747225511408588773e+03
7.993786334991455078e-01,7.964409274814447165e+08,4.747965766654784679e+08,3.811843873901572351e+03
2.518489122390747070e+00,5.239598180166554451e+08,4.273943238589418530e+08,2.942392488447895289e+02
5.848345756530761719e-01,8.438767412123379707e+08,4.743917728986312747e+08,7.214323660156250298e+03
7.176814079284667969e-01,7.883005627706514597e+08,4.793835688329144120e+08,5.841803549798600415e+01
7.896583080291748047e-01,8.793571605830839872e+08,4.694285529614799619e+08,-1.591884108289371227e+02
7.668712139129638672e-01,7.436408113321253061e+08,4.720382458217571974e+08,1.439958953880522358e+03
7.351710796356201172e-01,7.921872897219768763e+08,4.670906669363520741e+08,5.110169822035927609e+03
9.017295837402343750e-01,7.309021587936204672e+08,4.799645979973070621e+08,2.349658150156250031e+03
8.685400485992431641e-01,7.847125839498965740e+08,4.617328806740421653e+08,4.231152206810907956e+03
1.566774129867553711e+00,6.843598327832993269e+08,4.541346979120230675e+08,1.406328491590436727e+02
1.068507909774780273e+00,7.284650394149502516e+08,4.803282238362499475e+08,7.524209250781250375e+02
1.185183048248291016e+00,1.762185641836072206e+08,4.766148285387503505e+08,3.321236543979697217e+03
7.687525749206542969e-01,8.510690627320073843e+08,4.722303072524915338e+08,1.653636524733952342e+02
1.277677774429321289e+00,7.720388387233399153e+08,4.809746133976792693e+08,4.230458953143710460e+03
6.996207237243652344e-01,7.720043151264764071e+08,4.609595541463063359e+08,3.598136716626591806e+03
7.183103561401367188e-01,6.338703282568788528e+08,4.698636998407247066e+08,3.975678818934316951e+03
8.169586658477783203e-01,7.165585060169322491e+08,4.756064128245418668e+08,1.472951380487460938e+03
1.293091058731079102e+00,8.359743485132992268e+08,4.865993834379042387e+08,3.701751744768387908e+01
1.385781288146972656e+00,7.992965430122079849e+08,4.749434875272744298e+08,8.909393956097972023e+02
1.435023784637451172e+00,7.742087202178462744e+08,4.720484665262942314e+08,6.967980940823152025e+01
1.502413034439086914e+00,8.766506386854918003e+08,4.697514059360805750e+08,2.395013167191599734e-01
1.067646026611328125e+00,3.979464954620215297e+08,4.823703311771769524e+08,3.618830999398388940e+03
7.350444793701171875e-01,7.996527949781495333e+08,4.822268669787600040e+08,3.767347331217840747e+02
7.851877212524414062e-01,6.596630589413279295e+08,4.715021329851740003e+08,4.357351207246913873e+03
9.511742591857910156e-01,7.802243082838439941e+08,4.787970037901302576e+08,3.379372582221283778e+02
1.819541931152343750e+00,8.326559240638855696e+08,4.779087349606189728e+08,8.502414604990644875e+03
1.234849929809570312e+00,8.194854623772730827e+08,4.702011775026939511e+08,2.178635954798369312e+03
7.505521774291992188e-01,8.547383755144366026e+08,4.803671124083157182e+08,3.925381433125324975e+02
7.510337829589843750e-01,8.206065378082007170e+08,4.761484822766797543e+08,1.105332898044536250e+03
6.853399276733398438e-01,8.103263448796712160e+08,4.752040838530510664e+08,1.012924507095341824e+03
1.051373958587646484e+00,7.029144057714072466e+08,4.862202947378506660e+08,6.372571933846835236e+03
8.847656250000000000e-01,8.100814305873022079e+08,4.782703457193493247e+08,3.777798751010947399e+03
7.444751262664794922e-01,8.461261147672214508e+08,4.751246793119793534e+08,3.467080935592255628e+03
1.035447835922241211e+00,1.917549562402358651e+08,4.724992975783178806e+08,1.269929981569516713e+03
7.338485717773437500e-01,7.695231603808637857e+08,4.799310760745226145e+08,5.547500747821854929e+03
5.168020725250244141e-01,7.561085082954547405e+08,4.629815527562756538e+08,5.314906332931327597e+03
1.119018554687500000e+00,7.252648831500219107e+08,4.823287953095182180e+08,5.334858101378183164e+03
1.022151470184326172e+00,8.320115635433522463e+08,4.900149908578352928e+08,5.423335752057237187e+02
1.084127187728881836e+00,7.751004280716117620e+08,4.727754539613029957e+08,2.197417632390852873e+02
6.744439601898193359e-01,8.497039159408571720e+08,4.823218285794396996e+08,1.836422155478105424e+03
1.034400939941406250e+00,8.256048216451656818e+08,4.784192823017392755e+08,3.078781386647641284e+03
1.267848253250122070e+00,8.476949511939134598e+08,4.755729184771428108e+08,1.094050504996491782e+03
1.384523868560791016e+00,7.907748558634345531e+08,4.750431417274451256e+08,2.141634191124155677e+03
8.672053813934326172e-01,8.543816892713860273e+08,4.752763216342504025e+08,3.826066587637539214e+03
9.328296184539794922e-01,8.804791840999206305e+08,4.763629417026498318e+08,4.450050256115514458e+02
1.235018491744995117e+00,5.908695204421986341e+08,4.671016104905448556e+08,2.469574263901701840e+02
8.335964679718017578e-01,7.806823209891425371e+08,4.805614782917816639e+08,1.220724690569094264e+03
8.177955150604248047e-01,7.859377717564030886e+08,4.807486606886716485e+08,9.950843388538527279e+02
1.801134347915649414e+00,7.626355785635279417e+08,4.816073408622700572e+08,1.947832345089819455e+03
7.491626739501953125e-01,8.582825692158507109e+08,4.627987062830615044e+08,8.622658497381756604e+01
1.369214534759521484e+00,5.910732147065122128e+08,4.608155072260608673e+08,1.506484873361713881e+03
8.840873241424560547e-01,7.209775891622538567e+08,4.577010840624096990e+08,8.747966575712480335e+03
1.232579708099365234e+00,7.567924975161504745e+08,4.833777081818231940e+08,2.311484843849402182e+02
6.507036685943603516e-01,8.544686035452373028e+08,4.853227348881374002e+08,1.190533313149558353e+03
7.583789825439453125e-01,8.240367999948173761e+08,4.424071441582444310e+08,7.706931052940683912e+03
1.235637903213500977e+00,8.153152035471850634e+08,4.478466413049108386e+08,4.502549603382763962e+03
9.024312496185302734e-01,8.051202576236163378e+08,4.634754857554381490e+08,1.360843131293041779e+03
7.664034366607666016e-01,5.243901048561310768e+08,4.771309334202727675e+08,8.961341956710439760e+00
8.687314987182617188e-01,7.399503813962641954e+08,4.807906876478515267e+08,2.726790948451533495e+03
8.006038665771484375e-01,8.246361786334310770e+08,4.681240840978108048e+08,6.805919154131269352e+03
7.843456268310546875e-01,5.680663579556195736e+08,4.712170017460430861e+08,2.235257077594497332e+03
1.234632015228271484e+00,7.435137689686902761e+08,4.556011593356011510e+08,3.294771905629548314e+02
9.008514881134033203e-01,7.859147807945357561e+08,4.812797621538510919e+08,8.539995081285082961e+02
1.301469802856445312e+00,7.710314638630565405e+08,4.847818636528640985e+08,2.222582069692177811e+03
1.075318098068237305e+00,8.118718171284352541e+08,4.797557703988366723e+08,2.757218416590566449e+03
1.101436376571655273e+00,8.681929731589540243e+08,4.761923651544053555e+08,4.172793143929638973e+03
6.005673408508300781e-01,8.692632967699930668e+08,4.820111022652358413e+08,4.193295590478105623e+03
9.342875480651855469e-01,8.722940485072485209e+08,4.906046983689572811e+08,5.553591773187371672e+01
9.000599384307861328e-01,6.261860316558237076e+08,4.317973141340916753e+08,1.212244247820686041e+03
9.519903659820556641e-01,7.445666851573178768e+08,4.862735641247970462e+08,6.446600793561559684e+00
1.050004005432128906e+00,8.449535927052154541e+08,4.643091753386855721e+08,2.599950758460888665e+03
1.451193809509277344e+00,7.872721147176947594e+08,4.779624790292806029e+08,4.511679245551552413e+03
1.135767936706542969e+00,8.853324564509553909e+08,4.816189752223218083e+08,5.606922819677430425e+02
9.024174213409423828e-01,8.832642446279082298e+08,4.353651251286500096e+08,3.561606533653164206e+03
8.019113540649414062e-01,7.352882043164014816e+08,4.675096776103541851e+08,1.465778547918691629e+03
6.991190910339355469e-01,8.568412031026098728e+08,4.780448145620255470e+08,3.099410789528911209e+03
1.152336597442626953e+00,8.748897818990880251e+08,4.738121853796277642e+08,6.910686639120967811e+01
8.166525363922119141e-01,8.446353461142787933e+08,4.802359101139304638e+08,1.723239383122661138e+03
9.196231365203857422e-01,8.399281860808987617e+08,4.842962524424775243e+08,5.635099816612558243e+03
1.002663612365722656e+00,8.713404254514541626e+08,4.877222676061597466e+08,1.605451740367236198e+03
9.850060939788818359e-01,8.072164938600600958e+08,4.673627158441956639e+08,5.525755170492138859e+03
7.674627304077148438e-01,5.338546837565782666e+08,4.696333067231714725e+08,3.958141273346868161e+02
1.001228809356689453e+00,8.398958321289334297e+08,4.784868723340061903e+08,1.137444560086873025e+04
9.521875381469726562e-01,8.470522636225785017e+08,4.817168945128486753e+08,1.252167509003086025e+03
9.008641242980957031e-01,8.726050940341063738e+08,4.698686720945652127e+08,2.565170229985707238e+02
6.568484306335449219e-01,6.071869909985952377e+08,4.325203207008250952e+08,1.781054976780502784e+03
9.593324661254882812e-01,7.796958982845149040e+08,4.483602311012344956e+08,1.113281354522639965e+01
8.683264255523681641e-01,6.500878913182650805e+08,4.178240472578443885e+08,1.167907551969497263e+03
8.176941871643066406e-01,8.565428829509354830e+08,3.539189699669816494e+08,3.004915829195361312e+03
1.384461402893066406e+00,8.067152025568963289e+08,4.626622665891311169e+08,1.144274450360219589e+03
7.686772346496582031e-01,7.644464072418698072e+08,4.369888068276746869e+08,4.501360439056653036e+02
8.158392906188964844e-01,6.934305123854838610e+08,4.609025029002402425e+08,8.059754717164111071e+02
1.013659238815307617e+00,8.066058447329407930e+08,4.265165669044713974e+08,3.773778500518125725e+02
1.568557739257812500e+00,8.524100926247518063e+08,4.079877963851293921e+08,7.422991812440585818e+03
1.268479108810424805e+00,6.082982604666315317e+08,4.174017265083454251e+08,7.852771840101025873e+02
1.119458675384521484e+00,7.397394217608646154e+08,4.737636108650780916e+08,3.301666395449909146e+02
7.172462940216064453e-01,8.375688313302485943e+08,4.880232498264545798e+08,4.424396666482264209e+02
8.020586967468261719e-01,8.751298785640853643e+08,4.692706810025492311e+08,9.051175544788527532e+02
8.351411819458007812e-01,2.740013739116890430e+08,3.710567690101817846e+08,2.384061213822764671e+02
1.418296813964843750e+00,8.263282064600205421e+08,4.784030627801817060e+08,3.129897330409336064e+03
8.007280826568603516e-01,8.154228346923910379e+08,4.775702105556801558e+08,2.722473832391469386e+03
8.840725421905517578e-01,3.952521745623471737e+08,3.905081880171930790e+08,6.637660061224012225e+02
6.845102310180664062e-01,6.744722891360858679e+08,4.556118280010026693e+08,1.291947393635622348e+03
1.017327308654785156e+00,8.967741173720332384e+08,4.761732472369385958e+08,1.545682541056327864e+03
9.510848522186279297e-01,8.243684700568208694e+08,4.679801505859434605e+08,9.913131950980055080e+02
1.284890174865722656e+00,8.191301725294208527e+08,4.813464043854129910e+08,2.363402274559316538e+03
7.675602436065673828e-01,8.886694903365855217e+08,4.824076888567091823e+08,6.097423117807822564e+03
8.513936996459960938e-01,8.871492442470843792e+08,4.693620255248917341e+08,1.492627634673531531e+02
1.682942867279052734e+00,8.419640328996526003e+08,4.888164388911474347e+08,3.089567218223103282e+02
1.418182134628295898e+00,7.112668847322072983e+08,4.743308102423485518e+08,9.992602810773777264e+02
7.970969676971435547e-01,5.336980876221476793e+08,4.649422449706717134e+08,8.824278946153164725e+03
8.350286483764648438e-01,8.517430924951950312e+08,4.806826794582263231e+08,9.574905461613500393e+02
9.346127510070800781e-01,8.171439126427469254e+08,4.774907469352907538e+08,3.131781650748505399e+03
1.017595529556274414e+00,8.554841052209630013e+08,4.860037678954301476e+08,1.562042286314091825e+03
1.001691341400146484e+00,7.346203862243390083e+08,4.723634847956433296e+08,9.391571705910861283e+02
7.521669864654541016e-01,7.669336358295644522e+08,4.719216030594925284e+08,6.424002464984082508e+02
8.824880123138427734e-01,8.462458179193507433e+08,4.721132569668198228e+08,3.514827880781575118e+02
8.007066249847412109e-01,6.906993818739743233e+08,4.798785222153772116e+08,5.321917766751494128e+03
2.019747495651245117e+00,8.101049755317960978e+08,4.681312614019943476e+08,4.457725707607848449e+02
8.348038196563720703e-01,8.888908884540152550e+08,4.795742743904816508e+08,5.186368452413915975e+02
8.011465072631835938e-01,7.881750465533581972e+08,4.665779932011573911e+08,8.018434635946855451e+03
1.301488161087036133e+00,6.838855769365661144e+08,4.802001435668687224e+08,2.767197254462382716e+02
9.013640880584716797e-01,7.911106125292652845e+08,4.802971822180679440e+08,6.170804679257081489e+02
1.135576009750366211e+00,8.693711735622383356e+08,4.839329718134100437e+08,6.777110078868828168e+03
1.884408235549926758e+00,8.396246911422544718e+08,4.868199411320356727e+08,1.655502672680808246e+03
7.349798679351806641e-01,7.954194639090979099e+08,4.706971724629594684e+08,3.114587077488305567e+03
8.674685955047607422e-01,6.143011703845866919e+08,4.741563068321409225e+08,4.756912123349791841e+02
1.030108928680419922e+00,8.247549044905886650e+08,4.843734102519116402e+08,3.826031844841151610e+02
7.167167663574218750e-01,8.204189137538238764e+08,4.835645256293660402e+08,4.991228158226514097e+03
1.052102804183959961e+00,7.745384852499197721e+08,4.725533424342986345e+08,1.964151039798369311e+03
1.404559612274169922e+00,8.604075273749699593e+08,4.781139206378650665e+08,1.040309028175058529e+03
7.354476451873779297e-01,8.336296326351807117e+08,4.795974994299838543e+08,9.397297756914306319e+02
8.519818782806396484e-01,8.197467253845492601e+08,4.719624499513484240e+08,8.815480311590112024e+02
1.718477487564086914e+00,8.465665706149077415e+08,4.816928703599511385e+08,3.649245651756172265e+03
9.497354030609130859e-01,8.058607405034114122e+08,4.760328281154349446e+08,1.759356457398486327e+03
9.294013977050781250e-01,8.140035056178582907e+08,4.739830252718856335e+08,2.981909699630424711e+03
7.579095363616943359e-01,8.075517047121292353e+08,4.819908818265458941e+08,2.032221260923466616e+03
6.349904537200927734e-01,8.312639138075634241e+08,4.637462127417567372e+08,5.806069547375584534e+02
9.684393405914306641e-01,7.017316395080844164e+08,4.629975038741127253e+08,4.030965298262539363e+03
8.182046413421630859e-01,7.276806014642249346e+08,4.544204439848500490e+08,1.150841937509355603e+03
9.914622306823730469e-01,6.847758799018601179e+08,4.537962146066539884e+08,8.146906435087480531e+03
8.685131072998046875e-01,7.986708560536246300e+08,4.644115512690306902e+08,2.122010626824941482e+03
1.084003686904907227e+00,7.044718713331220150e+08,4.630139866710861921e+08,6.223298519765625315e+03
8.007214069366455078e-01,8.290604851954069138e+08,4.811685926982727051e+08,2.579956337492983494e+03
6.748788356781005859e-01,8.676087931940593719e+08,4.801393336421799064e+08,1.576474382796259910e+01
8.007862567901611328e-01,8.448274988015643358e+08,4.932060562082280517e+08,4.624381626356192101e+03
6.853260993957519531e-01,8.503285784657375813e+08,4.780997961076290011e+08,1.658799131920153229e+02
1.052706003189086914e+00,8.440959384159570932e+08,4.871315168129024506e+08,8.644455713269555872e+02
1.003253936767578125e+00,8.445573464825520515e+08,4.763684456023749709e+08,9.669467905026638164e+02
7.351307868957519531e-01,7.823588853209301233e+08,4.772051108950595856e+08,2.369216033577377857e+03
8.848271369934082031e-01,8.533299120140887499e+08,4.751942103911430836e+08,1.910975359694516555e+03
8.335886001586914062e-01,8.325338333735822439e+08,4.796082398741747141e+08,6.143929185004677493e+03
1.292839765548706055e+00,8.257787715496988297e+08,4.737395772938147187e+08,2.567053448979697350e+03
8.852498531341552734e-01,8.149388195838063955e+08,4.690879896598662138e+08,1.259785990339397131e+03
7.271277904510498047e-01,8.143101586434373856e+08,4.686337854051927328e+08,2.532877364825038967e+03
8.239259719848632812e-01,7.355411009312840700e+08,4.724826666279132366e+08,7.361274213887539190e+03
1.103919029235839844e+00,8.433537208294192553e+08,4.835967241839424372e+08,-6.889763688320199364e+00
1.035423040390014648e+00,8.078641166546239853e+08,4.757266021281043291e+08,6.369574643006171755e+03
8.347320556640625000e-01,7.548199542286041975e+08,4.835154547143694162e+08,4.088938686226611026e+03
7.008154392242431641e-01,4.743116700120906234e+08,4.748629050495957732e+08,3.968608913110967023e+03
6.840155124664306641e-01,7.933644846591545343e+08,4.815775303787527680e+08,7.690213667284335315e+03
9.178509712219238281e-01,8.159866467853723764e+08,4.691219384201217294e+08,1.453468489411252676e+03
8.160390853881835938e-01,8.054739552698048353e+08,4.700824874535542727e+08,4.344174581654658141e+03
6.268906593322753906e-01,8.452774678920056820e+08,4.843963281661279202e+08,2.920364613497596338e+02
1.084923505783081055e+00,8.406329440990074873e+08,4.765200775039890409e+08,1.776148334779658398e+03
3.996815681457519531e-01,7.496455897594101429e+08,4.638311060916349292e+08,5.654591017918692160e+03
9.509224891662597656e-01,8.799478166738123894e+08,4.663674250306309462e+08,2.300180423681230423e+03
5.495779514312744141e-01,8.516296687438098192e+08,4.710399307611894608e+08,5.724355725620322119e+03
8.300049304962158203e-01,7.894541417787324190e+08,4.821610355853263736e+08,5.037183246951013871e+02
8.669764995574951172e-01,6.450800944367535114e+08,4.287702625717362761e+08,1.210505006131172195e+03
1.367770195007324219e+00,5.990967200362927914e+08,4.723125567251711488e+08,3.891533202701630671e+03
8.007152080535888672e-01,8.328529575829591751e+08,4.736192424420323968e+08,3.878788709232782821e+03
6.684002876281738281e-01,8.503619840725665092e+08,4.833893511282567978e+08,2.028421782274980387e+03
9.682936668395996094e-01,8.292146046165491343e+08,4.654032914120749235e+08,6.556702871198999674e+02
1.004736900329589844e+00,8.320461243875665665e+08,4.789838359524196386e+08,3.787959663074941545e+03
6.134228706359863281e-01,8.260562938017774820e+08,4.787592388412356973e+08,1.073529735885102809e+03
9.222252368927001953e-01,8.234188101274149418e+08,4.655464485520249009e+08,1.096487565973755954e+04
8.407733440399169922e-01,6.825352723166459799e+08,4.805881716013500094e+08,1.189165628994899862e+03
9.506251811981201172e-01,8.521152263655947447e+08,4.819957115779133439e+08,8.029199091219139746e+02
9.667053222656250000e-01,6.374227484917997122e+08,4.799405392721495628e+08,2.377394304232783270e+03
9.348518848419189453e-01,8.008924670055381060e+08,4.816939040193774104e+08,2.154078514960694122e+02
1.534678459167480469e+00,7.721451041499468088e+08,4.544043969962156415e+08,1.702885319292197210e+03
7.018499374389648438e-01,7.634077491939216852e+08,4.766323701379483342e+08,6.551551127389130670e+03
9.178426265716552734e-01,8.606327966965470314e+08,4.796083727091616392e+08,2.493733763706958143e+03
6.768438816070556641e-01,8.648488252187056541e+08,4.766237116232995987e+08,4.199191100154950504e+02
1.450943708419799805e+00,7.700618762202683687e+08,4.729634469072811604e+08,1.427181319603527754e+03
1.233175039291381836e+00,5.819760664161587954e+08,4.657708974709989429e+08,4.075854174062500078e+03
8.343424797058105469e-01,8.351516837045521736e+08,4.714204771817372441e+08,5.110341896470568201e+01
9.181733131408691406e-01,8.246926402801188231e+08,4.788430219183749557e+08,5.090196426957802942e+03
7.055959701538085938e-01,8.537167420420445204e+08,4.836231768927571774e+08,2.611350996624252730e+03
9.336206912994384766e-01,8.443006441008986235e+08,4.472295876396375895e+08,2.761422994074194321e+03
9.811651706695556641e-01,8.630103259515737295e+08,4.808447194838817716e+08,7.104296173203612170e+02
9.673893451690673828e-01,8.928482656432235241e+08,4.793196296689868569e+08,4.993914466137278509e+02
9.854269027709960938e-01,8.770620770093358755e+08,4.778646670594291091e+08,8.927840671222387527e+02
7.511637210845947266e-01,7.372343832695585489e+08,4.783238880303030610e+08,2.869385738529658283e+03
1.133415460586547852e+00,7.700412712629706860e+08,4.777811318069788218e+08,8.655643489808667255e+02
6.837794780731201172e-01,7.792786288144189119e+08,4.595451452047414184e+08,1.922648784260979369e+02
8.164265155792236328e-01,8.183473239017319679e+08,4.839597704804101586e+08,4.484183787867235878e+03
9.187011718750000000e-01,8.785585721506713629e+08,4.695591906312374473e+08,6.112330174236291214e+02
1.235177993774414062e+00,8.192819334100760221e+08,4.761912614361972213e+08,1.936137744453124924e+03
8.178837299346923828e-01,8.735862819015825987e+08,4.811556431446006298e+08,6.297316865362558019e+03
7.674040794372558594e-01,8.195514341811890602e+08,4.813336363918592930e+08,1.648568408889358068e+02
6.013312339782714844e-01,8.421337714601891041e+08,4.771179937011714578e+08,1.642319338830463721e+03
1.066978216171264648e+00,7.443540159662976265e+08,4.762905416893059611e+08,4.695082687076630464e+03
8.510804176330566406e-01,8.247150277292066813e+08,4.742066129812044501e+08,1.491715786826111071e+03
6.990051269531250000e-01,8.301797083931643963e+08,4.779561278558692336e+08,6.112589393437499893e+03
9.391691684722900391e-01,8.814931882200434208e+08,4.785324908179590106e+08,2.959572393653163999e+03
9.830427169799804688e-01,8.373983369554499388e+08,4.772039836903441548e+08,4.811825743545348359e+02
7.016830444335937500e-01,8.288041592667495012e+08,4.799077997172911763e+08,1.750574042803144721e+03
7.507989406585693359e-01,8.437766200297397375e+08,4.618331205630209446e+08,2.132043381086278373e+02
1.002036809921264648e+00,4.363095163535177112e+08,4.759766201057826281e+08,8.752294505106223141e+02
7.343745231628417969e-01,8.341027573982708454e+08,4.749238184887299538e+08,3.759379669903164086e+03
8.154697418212890625e-01,8.292647446125136614e+08,4.785521198311458826e+08,9.619471339680027313e+02
6.827242374420166016e-01,8.073903842042624950e+08,4.828857862320203781e+08,1.313789289567502692e+03
9.001605510711669922e-01,8.478550456637326479e+08,4.858547071584348083e+08,1.356088276199941674e+03
8.678705692291259766e-01,8.012124678378759623e+08,4.783082034401362538e+08,2.680219801114799793e+03
1.268204927444458008e+00,8.539741258989455700e+08,4.840985450017670989e+08,8.723442977542554218e+02
8.520314693450927734e-01,8.124784955607717037e+08,4.845828297399251461e+08,6.407389207559413990e+03
8.008842468261718750e-01,7.030335657649507523e+08,4.734413603447512388e+08,8.939416926120388780e+02
1.000802755355834961e+00,6.750780002617324591e+08,4.723812487043842077e+08,1.569270286814416522e+03
8.519113063812255859e-01,8.064808070368156433e+08,4.882231541051473022e+08,1.317760335803500027e+01
1.084701538085937500e+00,8.351792856629213095e+08,4.749833702472582459e+08,1.319771556084394433e+03
7.505388259887695312e-01,8.866630866136060953e+08,4.766049900659843683e+08,4.288648607417197127e+03
8.321692943572998047e-01,8.463576370405590534e+08,4.825197005860440135e+08,2.851611201094075341e+02
1.067827939987182617e+00,8.725061759615771770e+08,4.756277434390560389e+08,4.856492646001592220e+03
1.751597642898559570e+00,8.280337449284777641e+08,4.769805642498835921e+08,4.859920466993828086e+03
1.019261837005615234e+00,8.505500582606511116e+08,4.716704665297590494e+08,1.059724456175617161e+04
1.480497121810913086e+00,8.045190792260371447e+08,4.792560865311015844e+08,6.174501631668691516e+03
8.845400810241699219e-01,8.657363996811491251e+08,4.813290874800523520e+08,3.906693070440683186e+03
1.074282407760620117e+00,1.996204967356169224e+08,4.842641154457726479e+08,4.584494910174960751e+03
1.100270271301269531e+00,8.481487056399949789e+08,4.805929542280597091e+08,2.573197614855444499e+03
9.848887920379638672e-01,7.537960129219721556e+08,4.845486015308712721e+08,2.671933597552397259e+03
1.351373672485351562e+00,7.541496834207122326e+08,4.834413078632425070e+08,4.041548480313799132e+02
5.665044784545898438e-01,8.411949623000441790e+08,4.255632524045206904e+08,2.572157333860869585e+03
8.170704841613769531e-01,3.976453090509327650e+08,4.729597191693231463e+08,9.333989799999999377e+02
6.351230144500732422e-01,8.265355647445280552e+08,4.752911557349807620e+08,5.992738409910667770e+02
9.346127510070800781e-01,7.854908867946078777e+08,4.733555378669818044e+08,3.167660381516047323e+02
1.502246618270874023e+00,6.809457564887926579e+08,4.779105249786351323e+08,7.721916706153164341e+03
6.081891059875488281e-01,7.842335306518752575e+08,4.763890582767370939e+08,4.866422073018808078e+03
6.995179653167724609e-01,8.469460432150428295e+08,4.795007622385848761e+08,5.804134164144361421e+02
8.187687397003173828e-01,8.117019461338893175e+08,4.850259662024472952e+08,1.302087279809836218e+03
1.386512041091918945e+00,6.891566434617053270e+08,4.496005409362049103e+08,1.114862833129677711e+03
9.017231464385986328e-01,7.203639741403977871e+08,4.781367404009645581e+08,1.405958485974922041e+03
1.064008235931396484e+00,8.789960791838068962e+08,4.378072771381053925e+08,1.014960694439371036e+04
6.668930053710937500e-01,4.114665479964874387e+08,4.811208088662428856e+08,2.385237762603852389e+03
1.066207647323608398e+00,8.314200778288682699e+08,4.681793568304885030e+08,9.081282618422557107e+02
6.471099853515625000e-01,8.563410431158565283e+08,4.847934967844715118e+08,4.607293384034433075e+03
8.850884437561035156e-01,8.395239192267591953e+08,4.701558570537537336e+08,5.806431192688994088e+03
7.843770980834960938e-01,7.324013517100571394e+08,4.760982494923490882e+08,2.965237169211733544e+03
1.176303386688232422e+00,8.169297663819745779e+08,4.738158339624807239e+08,9.232016230562305736e+02
1.218228578567504883e+00,7.892229923931924105e+08,4.625683211980174184e+08,2.405266025246069603e+03
1.001034498214721680e+00,8.127271608735928535e+08,4.780278097998975515e+08,2.342882606806230342e+03
9.019939899444580078e-01,8.205116563694291115e+08,4.720683025731947422e+08,9.687872568410861049e+02
8.654689788818359375e-01,8.059786436019437313e+08,4.604368413636781573e+08,7.945298777051390289e+02
1.185979366302490234e+00,8.293872225560269356e+08,4.799168249753203392e+08,2.860477168589072335e+03
8.340661525726318359e-01,8.636914522140003443e+08,4.741031927500692606e+08,2.249818007807822141e+03
1.451630592346191406e+00,8.774298456163711548e+08,4.700287510962693691e+08,2.394394638306977413e+03
8.161232471466064453e-01,7.795974914556885958e+08,4.716095406797047257e+08,1.051057063217158202e+03
5.351471900939941406e-01,7.122012562915048599e+08,4.706047229127634764e+08,9.946443971140527083e+02
7.345850467681884766e-01,6.867838136271209717e+08,4.847258579380430579e+08,3.968248068768710709e+03
8.507049083709716797e-01,6.231521622631704807e+08,4.345480718019930124e+08,6.279802097817178037e+03
8.170669078826904297e-01,6.673403233829944134e+08,4.777119524522169828e+08,4.514804694204716725e+03
6.670887470245361328e-01,8.290577778070727587e+08,4.785609052339463234e+08,2.680314117256269583e+03
5.342435836791992188e-01,8.718820799171526432e+08,4.765931656960335970e+08,3.957369472954716912e+03
8.010246753692626953e-01,8.191812108604755402e+08,4.799112767761750221e+08,2.798742348828125159e+03
7.674381732940673828e-01,8.063883497631239891e+08,4.327060924210888743e+08,7.777530939169696467e+01
1.034109354019165039e+00,7.759184460438503027e+08,4.648502415396406054e+08,1.343770908692924877e+03
7.010872364044189453e-01,6.981187698602573872e+08,4.902678237462773323e+08,6.740134247114734762e+02
9.355168342590332031e-01,7.782941017819368839e+08,4.820570118338081837e+08,8.408869614425026384e+02
9.683413505554199219e-01,8.412089202900924683e+08,4.813146959002153873e+08,2.946027314351611039e+03
1.201938867568969727e+00,7.610236494231890440e+08,4.722515384892218113e+08,4.763593450679735724e+03
9.173934459686279297e-01,8.327179144561269283e+08,4.800917730240586400e+08,2.954669356091411373e+03
1.569832801818847656e+00,8.551273769729698896e+08,4.777511905411049128e+08,1.048774752799636190e+03
1.367433309555053711e+00,7.942550632012562752e+08,4.779928426105431914e+08,7.356943280796193676e+02
9.020111560821533203e-01,8.458345743667831421e+08,4.770122110643975139e+08,6.245249349847972553e+02
7.685978412628173828e-01,8.178519685072911978e+08,4.710403700694440603e+08,6.912956559141111939e+02
8.173580169677734375e-01,8.251323877348103523e+08,4.706318381703578830e+08,-2.000004001008000021e+00
8.685798645019531250e-01,8.698716103338998556e+08,4.807504911103726625e+08,3.276516676295380421e+03
7.844614982604980469e-01,8.010261222756986618e+08,4.720670156609402299e+08,1.925913954962577918e+03
6.685349941253662109e-01,3.726072133121886253e+08,4.774497274193053246e+08,3.140252281413266701e+03
1.234767436981201172e+00,8.070962194277817011e+08,4.741529497589823008e+08,7.191161138023973081e+02
1.424655437469482422e+00,7.224421847868108749e+08,4.681294715750979781e+08,6.827385587725019832e+03
7.013378143310546875e-01,8.352987234967987537e+08,4.737722953979237676e+08,7.577679093115644719e+03
1.160106897354125977e+00,8.197837016968185902e+08,4.062581881469209194e+08,2.455310699862590695e+02
1.017531633377075195e+00,6.878434197971895933e+08,4.768687641192986369e+08,6.160431906323447038e+03
8.186068534851074219e-01,8.693100900885450840e+08,4.859424143933854699e+08,2.406919861768808460e+03
1.151005506515502930e+00,8.210583221180206537e+08,4.764289594462484717e+08,3.696857080087480426e+03
7.519001960754394531e-01,8.487421792092272043e+08,4.718351735488182902e+08,4.398658472679638294e+02
6.837341785430908203e-01,7.360983874142063856e+08,4.710557646798073649e+08,5.346264146690683447e+03
1.034529924392700195e+00,8.209427776570322514e+08,4.859858804547275901e+08,7.329050533906250166e+03
9.178829193115234375e-01,8.093099143395127058e+08,4.824647347919684052e+08,7.557708100996914254e+03
9.012010097503662109e-01,8.536931306931362152e+08,4.888148816363660693e+08,1.268659216761791640e+03
7.008233070373535156e-01,8.448557440524098873e+08,4.801119675449503064e+08,7.317244395930028986e+02
8.348083496093750000e-01,8.611527249540299177e+08,4.759219202347884774e+08,5.225878104268776951e+02
5.845685005187988281e-01,7.575604629665447474e+08,4.746345908707199097e+08,1.877936275632016532e+03
6.516244411468505859e-01,8.424091575748313665e+08,4.792626617912933230e+08,4.871121760173791131e+02
9.170844554901123047e-01,7.602070730542989969e+08,4.860446333635808825e+08,1.903332623505067147e+02
8.719618320465087891e-01,8.367600871505870819e+08,4.878993992189487815e+08,9.418540314825038877e+03
1.001094341278076172e+00,2.000525450480350256e+08,4.616707495730441809e+08,2.740389894083549734e+03
6.208052635192871094e-01,8.511301311978174448e+08,4.734130513876484036e+08,4.166484575610967113e+03
8.183515071868896484e-01,7.182080235432106256e+08,4.797107347340533733e+08,2.451947308203124976e+03
9.507575035095214844e-01,7.991303916036398411e+08,4.648088518745318651e+08,2.243505835050058522e+03
7.167956829071044922e-01,8.045401080748952627e+08,4.753031392336224914e+08,9.795119631554053967e+02
8.175942897796630859e-01,8.197829219170409441e+08,4.731132693925136328e+08,6.849147585275078200e+03
9.504704475402832031e-01,8.418068043465059996e+08,4.807384982837966681e+08,1.427745113853852672e+03
7.358124256134033203e-01,8.323789220365540981e+08,4.693348019741215110e+08,6.143399332550057807e+03
6.852011680603027344e-01,8.561442669854971170e+08,4.623298244331119657e+08,8.256339790449583234e+02
8.840012550354003906e-01,7.400580636382807493e+08,4.797572894555149078e+08,1.636939013540183396e+03
1.234237909317016602e+00,8.535473523114645481e+08,4.761753983936424851e+08,6.702997617376494418e+03
7.335338592529296875e-01,8.313418196592311859e+08,4.873996272183865905e+08,3.150980091553144575e+03
8.731737136840820312e-01,8.231231338619900942e+08,4.728730012632183433e+08,3.456972888621816764e+03
6.686882972717285156e-01,8.560857440985516310e+08,4.692073585292462707e+08,7.690574111124610681e+02
6.678426265716552734e-01,7.944560398673534393e+08,4.763579808129785061e+08,4.696470796382860499e+03
7.843611240386962891e-01,8.241877918919204473e+08,4.798644072145732641e+08,7.097770137069582006e+02
9.345583915710449219e-01,7.998626469836769104e+08,4.749471721637039781e+08,1.241022184742236277e+03
8.816313743591308594e-01,7.667697682426879406e+08,4.642555416152297854e+08,1.780074719692048006e+02
1.052108526229858398e+00,8.663175788338824511e+08,4.715622605894633532e+08,5.172144537201533240e+03
1.084773778915405273e+00,7.156669689375137091e+08,4.539544359501284361e+08,5.457060780761109982e+02
4.393680095672607422e-01,5.782211705810459852e+08,4.760756799839789271e+08,8.162172708696079582e+00
7.008020877838134766e-01,8.043640649184728861e+08,4.801449061347972751e+08,6.017069370859861692e+02
8.018383979797363281e-01,8.256242197984791994e+08,4.779601043871355653e+08,7.584849422603625726e+02
7.016329765319824219e-01,7.238740691896033287e+08,4.846456424591715932e+08,1.082114507104697395e+03
1.152185201644897461e+00,8.051809870878955126e+08,4.744200133491339087e+08,4.600393687803144530e+03
1.134261846542358398e+00,8.308832672433949709e+08,4.793266047109115720e+08,1.277559476469172296e+03
6.172702312469482422e-01,8.749336534074225426e+08,4.926044969242597222e+08,1.026676721460937551e+04
8.837616443634033203e-01,7.534720210144855976e+08,4.556170340800704360e+08,6.334521879315585466e+03
8.521087169647216797e-01,6.789049655155670643e+08,4.612306133175070286e+08,8.870635228906250632e+03
7.341585159301757812e-01,7.410519398892165422e+08,4.813633019939861894e+08,9.056543354678144169e+03
9.998781681060791016e-01,8.252807451136114597e+08,4.811540388232344389e+08,4.806791444342255090e+03
6.672627925872802734e-01,8.174983790397808552e+08,4.719454157730394602e+08,4.862069613427429999e+02
1.183761119842529297e+00,7.231348798005764484e+08,4.669453355000429749e+08,1.705541990696108542e+03
1.115517854690551758e+00,7.913951504046870470e+08,4.716418551116681695e+08,7.707932486089526947e+02
1.051341533660888672e+00,7.973285106237530708e+08,4.778474490617129207e+08,7.291125733644099682e+01
8.337161540985107422e-01,5.718481304997152090e+08,4.661473485483619571e+08,-2.010000097128400220e+00
7.341613769531250000e-01,5.209694249803625941e+08,4.737292647134319544e+08,5.994583682154755479e+03
1.567975044250488281e+00,7.910077177196382284e+08,4.750268152302970290e+08,1.090583976340943445e+04
9.024364948272705078e-01,7.943814444817649126e+08,4.813411862468659878e+08,8.081614034549960706e+03
6.175682544708251953e-01,7.433981264182920456e+08,4.804724648713735342e+08,3.879889664940585590e+03
8.682196140289306641e-01,8.369648859987778664e+08,4.845909468153644800e+08,2.257042303747661208e+03
7.007780075073242188e-01,7.367631948949009180e+08,4.799503639102710485e+08,1.337172283199616686e+03
8.650491237640380859e-01,6.248583248820735216e+08,4.338575444928081632e+08,1.096927147270630849e+04
1.252279043197631836e+00,7.673158885153486729e+08,4.715798358601124883e+08,1.108923919999999953e+03
1.455174207687377930e+00,7.506956516479998827e+08,4.743090390102317333e+08,8.987035563339723012e+02
1.517521858215332031e+00,7.868168684368197918e+08,4.685014529238426089e+08,8.437827873409434687e+03
1.001662492752075195e+00,8.364901120479245186e+08,4.690826345550251603e+08,4.770456802162486838e+02
8.009946346282958984e-01,3.935966780401320457e+08,4.505700106033197045e+08,1.452778940320945651e+02
1.250282526016235352e+00,8.617472190162149668e+08,4.740940881440570951e+08,7.402789335275078884e+03
1.600720405578613281e+00,8.015759038066804409e+08,4.801102180470208526e+08,3.043046783345341737e+03
8.511769771575927734e-01,8.472086964250944853e+08,4.732958391607671976e+08,2.223622751178891576e+03
8.183813095092773438e-01,8.377038240394225121e+08,4.604021269244018197e+08,2.698951216845438807e+02
7.666318416595458984e-01,8.608040377522408962e+08,4.602640904667420983e+08,1.983416162718002852e+03
8.175799846649169922e-01,7.495283236846641302e+08,4.770065421090174317e+08,1.026806801640625054e+03
8.345036506652832031e-01,8.580796164766243696e+08,4.746380291082391143e+08,1.225178402066599892e+00
1.201547861099243164e+00,8.425338586302586794e+08,4.628777735446112752e+08,8.061753578543691219e+03
1.168348312377929688e+00,3.860607920845788717e+08,4.808362124308060408e+08,5.479919428736681084e+02
1.185432910919189453e+00,7.413823373469439745e+08,4.723043120858579874e+08,8.195874208462193167e+01
7.352457046508789062e-01,4.797217366441015005e+08,4.719651696536074281e+08,1.380477308660180597e+03
8.589000701904296875e+00,8.247032108263975382e+08,4.836117349206355214e+08,6.069014836071985428e+02
7.508664131164550781e-01,8.466850193981260061e+08,4.816154159675573111e+08,3.001066238849077195e+02
6.123177051544189453e+00,8.230337918948090076e+08,4.711192941067338586e+08,5.783595472968750073e+03
3.787485837936401367e+00,6.688663521072453260e+08,4.832191192708994150e+08,7.328215105165605564e+03
5.690239429473876953e+00,7.964461957608324289e+08,4.857305921462657452e+08,5.470337729903164472e+03
4.896657228469848633e+00,7.188249904602552652e+08,4.199270909254970551e+08,1.168671092187499880e+03
7.565633296966552734e+00,8.294349046516902447e+08,4.735395896431413889e+08,3.121796755425708398e+03
5.612710237503051758e+00,7.870808089200644493e+08,4.585381163634953499e+08,3.530797395528164088e+03
5.788137197494506836e+00,7.488097622917677164e+08,4.837021856534785032e+08,4.961258754134290712e+02
3.368136405944824219e+00,7.992555789776821136e+08,4.712040144592764974e+08,2.449440621489052774e+03
5.255875349044799805e+00,7.362830240658895969e+08,4.768041998754697442e+08,1.533133588374577812e+03
4.003977775573730469e+00,7.969126758334146738e+08,4.737256730049023032e+08,3.720945141934414096e+03
7.791306495666503906e+00,8.229924475480383635e+08,4.645083295654781461e+08,1.764141749969594457e+03
9.145091533660888672e+00,7.468189661408845186e+08,4.835039599810199142e+08,7.793867706034335242e+03
7.473482608795166016e+00,8.388842313685384989e+08,4.727979329334696531e+08,7.482654080061720379e+02
6.855559110641479492e+00,7.932433260990602970e+08,4.711004165719880462e+08,6.750184623092515039e+02
6.888953208923339844e+00,8.158386852280865908e+08,4.733936752949508429e+08,7.607030436121815910e+03
6.504871606826782227e+00,7.789385724822301865e+08,4.819542018730575442e+08,1.083346323955139042e+03
5.063875675201416016e+00,7.590975426197328568e+08,4.819748791749749780e+08,6.371039647003182836e+03
3.702128410339355469e+00,8.258431574249455929e+08,4.622699654117398858e+08,7.949856889861291620e+02
3.502424955368041992e+00,7.646238679306027889e+08,4.639116095719853640e+08,5.496433864471835477e+03
6.038778543472290039e+00,7.999433164795012474e+08,4.630058158680742979e+08,1.781284659609375012e+03
2.486319541931152344e+00,8.359147100340979099e+08,4.772516315052544475e+08,5.041665065831308311e+03
3.969939470291137695e+00,8.560391105558781624e+08,4.854774190539015532e+08,9.310630034980833898e+02
8.339569568634033203e-01,8.631715715718829632e+08,4.857098832823735476e+08,4.350138325362558135e+03
9.689950942993164062e-01,8.623978282363033295e+08,4.624990298101884127e+08,7.539625734509485255e+02
1.183950662612915039e+00,7.509766519254174232e+08,4.776401393438695669e+08,1.132945800348752755e+03
1.117963790893554688e+00,5.286810382621008158e+08,4.616202726727926135e+08,4.010633461801552585e+03
1.020740509033203125e+00,7.971817266780364513e+08,4.839246449307097793e+08,4.503128716498407812e+03
2.205598592758178711e+00,8.213140597790429592e+08,4.687313347185434103e+08,1.371228119282841817e+03
9.178314208984375000e-01,8.726184165598230362e+08,4.796078793207615614e+08,8.942074198285472448e+02
1.385712862014770508e+00,8.195399288531447649e+08,4.817718049193775058e+08,7.070696398699940801e+03
8.009529113769531250e-01,8.608403306036826372e+08,4.769159322032080889e+08,5.805249537605249088e+02
8.177876472473144531e-01,8.082432277988860607e+08,4.725071253961501718e+08,3.729987076085304238e+02
8.503236770629882812e-01,8.639501688070254326e+08,4.355626613367025256e+08,3.604091649481191780e+03
8.839180469512939453e-01,8.312809201768281460e+08,4.803915946899604797e+08,1.535378027150467801e+02
1.217843532562255859e+00,8.863480810318621397e+08,4.840181117989703417e+08,9.703581912745582940e+02
1.267264127731323242e+00,8.999937909885617495e+08,4.839621857909575701e+08,1.462550673140202889e+03
1.101233482360839844e+00,7.495402459188872576e+08,4.686740107428484559e+08,3.267601948756172305e+02
7.844436168670654297e-01,8.081456796070432663e+08,4.903734775922386050e+08,7.601960993653164223e+03
6.844456195831298828e-01,8.466298617392855883e+08,4.704707638561980128e+08,9.019515558932888553e+02
1.117911338806152344e+00,8.405209929711019993e+08,4.766567356125017405e+08,2.255016609322602562e+03
7.474877834320068359e-01,6.355949625890884399e+08,4.337481564910063744e+08,2.747134599460141544e+03
7.685906887054443359e-01,7.306636241233413219e+08,4.773713566757608652e+08,1.024153534428752027e+04
9.011116027832031250e-01,8.507320278563145399e+08,4.794028126856060624e+08,6.009940592514943773e+02
1.200936317443847656e+00,8.958510297880400419e+08,4.839758472405577898e+08,2.392668813146764251e+02
7.667057514190673828e-01,8.412996152922612429e+08,4.770777141630878448e+08,8.670365618527806646e+02
9.503042697906494141e-01,7.701507907450795174e+08,4.802769721127678156e+08,1.610649040280925192e+03
9.844028949737548828e-01,8.130583055690160990e+08,4.680671796581648588e+08,4.460020032812500176e+03
8.760347366333007812e-01,8.508529936529456377e+08,4.784084628712391853e+08,5.139145502454619418e+03
2.853680372238159180e+00,8.640232207833815813e+08,4.747005021980279684e+08,1.889078996690683653e+03
1.085484743118286133e+00,8.948169216196078062e+08,4.655963391869108081e+08,8.344323933409434176e+03
8.010325431823730469e-01,9.094979313934998512e+08,4.750934127916390300e+08,6.443873333818769424e+03
1.284718513488769531e+00,7.654677671196901798e+08,4.671822089995288253e+08,1.144368766499064441e+04
1.017117738723754883e+00,8.037896204889520407e+08,4.685837851548773050e+08,1.931948786202280644e+03
9.660675525665283203e-01,8.042544547898855209e+08,4.829021572385808229e+08,4.244417341392217168e+03
9.341633319854736328e-01,8.010568048346446753e+08,4.774632117369570136e+08,4.712611471879677993e+03
8.009233474731445312e-01,7.611766664502540827e+08,4.728575429850288630e+08,3.943768324625779087e+02
7.829623222351074219e-01,7.163261067029005289e+08,4.811821350859185457e+08,2.014682463787422193e+03
9.503297805786132812e-01,6.905386149885783195e+08,4.699443981342063546e+08,1.355970355989475138e+02
1.100664138793945312e+00,8.159714599097086191e+08,4.845436236374899149e+08,3.399822514109277449e+02
1.019007682800292969e+00,8.400659659997030497e+08,4.735832334679444432e+08,3.588353069121914359e+03
9.355576038360595703e-01,5.834499623456406593e+08,4.572316208110383153e+08,5.404923579443769995e+03
7.189943790435791016e-01,7.669445017605772018e+08,4.717869300782575607e+08,6.072798395123505543e+03
7.979025840759277344e-01,8.113572312640666962e+08,4.695068831932787895e+08,4.010045938328027546e+02
8.207669258117675781e-01,7.369064944676998854e+08,4.735230703619285226e+08,1.068063905306652714e+03
7.524180412292480469e-01,8.146780380259225368e+08,4.810219100684434772e+08,2.720847429652416849e+03
1.051868438720703125e+00,8.785982632366086245e+08,4.766265415359192491e+08,3.026679528841930846e+02
6.737756729125976562e-01,7.992214064801455736e+08,4.834623250771861076e+08,2.737313906337480148e+03
1.001366138458251953e+00,6.090804811661678553e+08,4.688067852329205871e+08,1.411653398647316635e+03
7.352316379547119141e-01,8.482410351433844566e+08,4.349342249074282050e+08,1.774487089135947372e+03
8.014504909515380859e-01,7.642443990422290564e+08,4.797289986004887819e+08,1.535247913301160061e+00
2.735900163650512695e+00,8.476591220148363113e+08,4.829729828047367930e+08,5.368693766342157687e+03
7.603340148925781250e-01,8.448545235397968292e+08,4.796038183959172964e+08,1.663217672871913919e+03
1.100580930709838867e+00,7.772915257153738737e+08,4.438249382648602724e+08,4.430704734190682757e+03
8.616776466369628906e-01,5.527709629990745783e+08,4.515290031267641783e+08,2.765662414462480228e+03
9.126191139221191406e-01,8.315722042196118832e+08,4.654272192832228541e+08,2.021207492500160186e+01
1.054412126541137695e+00,8.467723013772902489e+08,4.700862428958731294e+08,3.839742227710985844e+03
1.334621906280517578e+00,8.126609118707931042e+08,4.882959819556285143e+08,1.775240416778163990e+03
8.491604328155517578e-01,8.268633416536992788e+08,4.857545535710626245e+08,1.295510080698447382e+03
1.068376302719116211e+00,8.634683353994079828e+08,4.748657512978620529e+08,7.084743095675027007e+02
9.015429019927978516e-01,7.900320363048900366e+08,4.737005510800578594e+08,3.536064281133055829e+02
7.160551548004150391e-01,7.856244070324267149e+08,4.715529598017531037e+08,4.291105632978104950e+03
8.632457256317138672e-01,8.146398592160656452e+08,4.784793550913776755e+08,2.913321440601611130e+02
8.516979217529296875e-01,8.311441926254420280e+08,4.765420709261668324e+08,3.299540777993437928e+02
1.069400310516357422e+00,7.483996445332447290e+08,4.667003105129466057e+08,8.364338178787420475e+03
6.983671188354492188e-01,8.554479497613290548e+08,4.767373093552734852e+08,7.046722877899980631e+03
7.840933799743652344e-01,7.735463045322558880e+08,4.714494834828063250e+08,1.124512415548044373e+03
9.510352611541748047e-01,7.999991831434602737e+08,4.769094587036244273e+08,2.107090454244477314e+03
1.234153747558593750e+00,8.965020959175492525e+08,4.750613684134048820e+08,9.225477178417360165e+02
1.066372156143188477e+00,8.160456715664852858e+08,4.786642382151018977e+08,3.981010183934316956e+03
9.002902507781982422e-01,7.935470706454703808e+08,4.649130709483340979e+08,5.767782400874805262e+02
1.067963123321533203e+00,8.739971573001114130e+08,4.843387858618599772e+08,3.906652870944646452e+02
7.130055427551269531e-01,8.126502646370375156e+08,4.721565095207079649e+08,7.461986129728430797e+02
8.675470352172851562e-01,8.147965083327659369e+08,4.803291755130387545e+08,2.591355505495551981e+01
6.833813190460205078e-01,7.825589160274438858e+08,4.568175323613314629e+08,5.499903336751493953e+03
8.670477867126464844e-01,6.084812391275849342e+08,4.848259173919467330e+08,4.094688967076630433e+03
8.673329353332519531e-01,8.319924559049717188e+08,4.795344517194457054e+08,7.531571316371166631e+02
2.269530296325683594e+00,7.428145391165595055e+08,4.777534124688355327e+08,3.230488998191917744e+02
9.519591331481933594e-01,8.209531905560185909e+08,4.774452328166899681e+08,2.794418524493568157e+02
1.218677759170532227e+00,8.618777794645328522e+08,4.597552637384675145e+08,1.592675908308147200e+03
1.164705991744995117e+00,4.857253340504834652e+08,4.663721082400149703e+08,5.698720558681230614e+03
1.269280672073364258e+00,8.139620924808068275e+08,4.773523507582426071e+08,8.133347338515137608e+02
8.119444847106933594e-01,7.724462026961176395e+08,4.689761569044405222e+08,2.589335987517541753e+02
9.313180446624755859e-01,8.336396059412922859e+08,4.750230362811449766e+08,3.874216679257082205e+02
5.337402820587158203e-01,8.964713716258319616e+08,4.832163646361256242e+08,3.142137402736713739e+03
1.101077556610107422e+00,7.897093242389101982e+08,4.659529122855101824e+08,1.497880978594919497e+03
9.343688488006591797e-01,8.280623021034667492e+08,4.719765633415207267e+08,9.589190552260910749e+01
1.191885709762573242e+00,7.799696265935649872e+08,4.082983365811530352e+08,1.023670439548791592e+03
6.017856597900390625e-01,8.611821176688237190e+08,4.566359948187915087e+08,7.559458656600832001e+02
1.057637214660644531e+00,7.691739491776747704e+08,3.805390222429519892e+08,2.515192587933666800e+03
8.175342082977294922e-01,8.478772595691924095e+08,4.762274436021364331e+08,3.049641303789305766e+02
6.623585224151611328e-01,7.817470342108916044e+08,4.798574165120446086e+08,4.273296102467255878e+03
8.678207397460937500e-01,8.439381736750386953e+08,4.779600855414023995e+08,2.259448767053014251e+02
8.177390098571777344e-01,7.965826917137948275e+08,4.820092813980011940e+08,9.725109421570946324e+02
9.556879997253417969e-01,8.662276417800070047e+08,4.783672477787678838e+08,5.306629340707802839e+03
1.035696029663085938e+00,8.258676691759228706e+08,4.723995846680454612e+08,1.425279878184413974e+03
1.502325057983398438e+00,7.422507249257577658e+08,4.724404591086196303e+08,2.155746168501591455e+03
2.385311365127563477e+00,7.245241182647629976e+08,4.665134023413512111e+08,8.572728388828612651e+02
1.385073423385620117e+00,5.264953581877961755e+08,4.864835759393701553e+08,4.528843982068671721e+03
6.505193710327148438e-01,8.623182392312575579e+08,4.762073126180220246e+08,3.707354005918789426e+03
6.481258869171142578e-01,7.226927474031318426e+08,4.768525932803742290e+08,6.485327580243730154e+03
1.467871427536010742e+00,7.872255237302721739e+08,4.544677397914751768e+08,3.025668984462480239e+03
6.184391975402832031e-01,8.667641033805978298e+08,4.740412660776069760e+08,5.526373932431230060e+03
8.186397552490234375e-01,7.162743279660152197e+08,4.480851342407035232e+08,3.719063224554638964e+03
8.026247024536132812e-01,6.907974020718562603e+08,4.775745193540862203e+08,6.785921729462480471e+03
7.839381694793701172e-01,7.995249066572374105e+08,4.743388473576925397e+08,1.370880491217255667e+03
1.017624139785766602e+00,7.616302418089883327e+08,4.907266881478931904e+08,3.061489894030665937e+02
1.018760681152343750e+00,8.448912494422831535e+08,4.865328020365396142e+08,6.675568641557822048e+03
4.338657855987548828e-01,6.158510306818898916e+08,4.356757852124621868e+08,4.317429447901832305e+02
6.912820339202880859e-01,8.079945473671824932e+08,4.774013819643374681e+08,3.443395369374999973e+03
1.000907421112060547e+00,8.111086400510613918e+08,4.581027008449523449e+08,9.725854739337579304e+03
7.006857395172119141e-01,6.376826811821193695e+08,4.911974392250103951e+08,7.874926120731223591e+02
7.842531204223632812e-01,8.167853737824555635e+08,4.761210642609475255e+08,7.196850143409434168e+03
8.457515239715576172e-01,7.654179965596898794e+08,4.775242109898438454e+08,1.329815724391372214e+03
1.067912578582763672e+00,4.860260693785409927e+08,4.702996177130212188e+08,7.837744135118829035e+03
5.079967975616455078e-01,8.085995954226403236e+08,4.769314130229642987e+08,4.539166493120777091e+02
3.504321575164794922e-01,8.361953090774250031e+08,4.850685502545641065e+08,5.439591068712577908e+03
6.963396072387695312e-01,7.522247549613575935e+08,4.733483288648291230e+08,1.951486044225766591e+03
1.352016687393188477e+00,7.165365573638976812e+08,4.733336897204351425e+08,1.944702691265917167e+02
8.014266490936279297e-01,7.518096118341853619e+08,4.739893083619171381e+08,4.243470575551552429e+03
9.191370010375976562e-01,8.093884000621409416e+08,4.822970724066042304e+08,5.499508050000000367e+03
5.841360092163085938e-01,8.292584242874010801e+08,4.767845827119591236e+08,5.343302900234374647e+03
9.848420619964599609e-01,7.961766733044598103e+08,4.829791601023207903e+08,1.700590693706958291e+03
1.234227180480957031e+00,8.412097197553495169e+08,4.810526636199917197e+08,1.586952060008186209e+03
7.504770755767822266e-01,8.391187298445334435e+08,4.887287355902734399e+08,6.732652934696855482e+03
9.824826717376708984e-01,7.486577916084263325e+08,4.765564595439393520e+08,2.086329489360966818e+03
7.770192623138427734e-01,7.042993893115274906e+08,4.736545165605792403e+08,5.265026511318769735e+03
8.682701587677001953e-01,8.947565859579435587e+08,4.705120722461192012e+08,7.878775460762539296e+03
6.835665702819824219e-01,7.040841969083135128e+08,4.671512769110016823e+08,7.042190697003638888e+02
7.325773239135742188e-01,8.010826497589664459e+08,4.480008893835110068e+08,1.348429244931230414e+03
6.518256664276123047e-01,7.426018928982756138e+08,4.805634406543276906e+08,1.894278198943672123e+03
6.690006256103515625e-01,6.493039217781215906e+08,4.657129175135760307e+08,4.720065450648388833e+03
9.007430076599121094e-01,7.245171939771665335e+08,4.699000926149187088e+08,1.854189033467905574e+03
6.496305465698242188e-01,8.470248571274636984e+08,4.786819688034545183e+08,6.964501631318769796e+03
6.507816314697265625e-01,8.103326606115008593e+08,4.745250765441128016e+08,8.363819940634355589e+03
7.853562831878662109e-01,7.902916355075416565e+08,4.809862744655596614e+08,4.552546969730054798e+02
8.502473831176757812e-01,8.628696463503519297e+08,4.711360672702888250e+08,5.739632737605248849e+02
9.501547813415527344e-01,7.922666867100379467e+08,4.108427905563402176e+08,1.592075468931977639e+03
7.179484367370605469e-01,2.695821320579894781e+08,4.665650987398794889e+08,1.010939562848752644e+03
8.018217086791992188e-01,8.218147533873419762e+08,4.800489556100348830e+08,7.106903383687305222e+02
7.920269966125488281e-01,7.803511908810839653e+08,4.402595836196177602e+08,6.386677002700429284e+02
1.100954055786132812e+00,4.536783004078496099e+08,4.061170130575816631e+08,3.991414595845341864e+03
9.893519878387451172e-01,6.598669346143767834e+08,4.679359075574938655e+08,2.342519760000000133e+03
7.522284984588623047e-01,8.330007780370682478e+08,3.957021157810603976e+08,6.808326919034433558e+03
7.020010948181152344e-01,7.649982278858213425e+08,4.746578789351761341e+08,1.137998722478950185e+03
1.051062345504760742e+00,7.897988342154479027e+08,4.229666352387512326e+08,1.301295604945263676e+03
9.350442886352539062e-01,5.477070666317903996e+08,4.489104086705200076e+08,4.297356229903846838e+02
1.534661054611206055e+00,6.442022474591737986e+08,4.862329137099249959e+08,4.879910682784433448e+03
3.766157150268554688e+00,4.455183816466302872e+08,3.482178996271737814e+08,4.919022745072765019e+02
1.886136770248413086e+00,8.423077595346469879e+08,4.838059552148267031e+08,8.386285304319126226e+02
4.014377832412719727e+00,8.408855423414522409e+08,4.704538919583643079e+08,1.501367371711733313e+03
4.437253713607788086e+00,4.065254135090840459e+08,4.274967006348880529e+08,6.686371544180418596e+02
4.021301031112670898e+00,8.017894753875203133e+08,4.771827556702195406e+08,6.224568483589072457e+03
2.918383359909057617e+00,8.354296821212266684e+08,4.809021022678257823e+08,3.980527589673466991e+03
4.003490209579467773e+00,8.097180902866830826e+08,4.858166384786973596e+08,1.551386264575461155e+03
8.714606761932373047e-01,7.503998509736672640e+08,4.767964728457288146e+08,2.532755564840826423e+02
5.676879882812500000e-01,8.428315001983754635e+08,4.653715581660149693e+08,3.990614410501494604e+03
1.635871887207031250e+00,8.172146467401112318e+08,4.711985743001015782e+08,2.982592740721835980e+03
8.617734909057617188e-01,8.340281351657284498e+08,4.675639576779315472e+08,8.993206161765526758e+02
1.049461126327514648e+00,8.745122060994807482e+08,4.788164086304726005e+08,4.109449142637538898e+03
1.484637022018432617e+00,8.307473869442445040e+08,4.727166388750110865e+08,3.585326542279658042e+03
8.002033233642578125e-01,8.377729118894177675e+08,4.787046915829550624e+08,6.986869975518809042e+03
8.174333572387695312e-01,7.609521057584252357e+08,4.784356728778643608e+08,6.112322164360706438e+02
7.852184772491455078e-01,7.227185676015425920e+08,4.755054216427093744e+08,5.060473426295380705e+03
9.838993549346923828e-01,8.354859477017443180e+08,4.813380707084892392e+08,6.320162196920380666e+03
1.467875957489013672e+00,7.935997013051828146e+08,4.806060450107472539e+08,3.001138377670283262e+03
9.841411113739013672e-01,8.030297806635488272e+08,4.703746796077718735e+08,1.187588787284336149e+03
8.832478523254394531e-01,8.769923459657741785e+08,4.787641364129939079e+08,1.582259882098850085e+03
1.002148389816284180e+00,7.994427603347821236e+08,4.837193262805113196e+08,5.235680675087708096e+02
1.152106523513793945e+00,8.218360774283814430e+08,4.788324102957037091e+08,6.125354312054639195e+03
5.666544437408447266e-01,8.648909188804960251e+08,4.758397539009004831e+08,3.632543584974986857e+02
7.574281692504882812e-01,8.555159281289501190e+08,4.782545891616984010e+08,5.347668576079456670e+02
8.512661457061767578e-01,8.576462600356287956e+08,4.723848016467304826e+08,6.921747384094334166e+02
6.803629398345947266e-01,7.856087839880278111e+08,4.772458816972337961e+08,1.124449012458745187e+02
1.052248716354370117e+00,7.470668893503040075e+08,4.721870595720426440e+08,2.687721238326630555e+03
7.494661808013916016e-01,8.297183586522784233e+08,4.704060217992430925e+08,4.342308684003085546e+03
9.161229133605957031e-01,8.055050191456700563e+08,4.717377968904762268e+08,3.952391443044763264e+02
1.102044105529785156e+00,8.161655976648951769e+08,4.800222651370488405e+08,5.848554863433276978e+02
8.567042350769042969e-01,8.630282694800646305e+08,4.742695106806465387e+08,1.483117699211733225e+03
1.315146446228027344e+00,4.733282254220872521e+08,4.591199537637508512e+08,2.359524499487721130e+02
9.173510074615478516e-01,6.290942532791588306e+08,4.709140843943237066e+08,9.528156895813084475e+02
5.689487457275390625e-01,8.862689268975150585e+08,4.630416139062938094e+08,2.949294737828872258e+03
7.172894477844238281e-01,8.033170275493512154e+08,4.575690494282137156e+08,9.575481170522998582e+02
8.357882499694824219e-01,7.680083912230374813e+08,4.712949405012203455e+08,3.556660893635979619e+02
8.275978565216064453e-01,5.917289191509120464e+08,4.823256669732316732e+08,5.547690581581210608e+03
9.020397663116455078e-01,8.452534920544453859e+08,4.861298356966686249e+08,3.946577533836408520e+02
1.486285448074340820e+00,8.513503689461057186e+08,4.721356914014257789e+08,3.734342439256171929e+03
9.521193504333496094e-01,8.191174907676836252e+08,4.813214042189199924e+08,8.456764591941916933e+02
1.003495693206787109e+00,8.477857115190558434e+08,4.761137707778098583e+08,6.301722290165605045e+03
7.512998580932617188e-01,7.534046805207184553e+08,4.695894236778485179e+08,1.141092632282679631e+02
8.340232372283935547e-01,6.942150844621703625e+08,4.364650415711486340e+08,1.429004039100831278e+02
7.518894672393798828e-01,8.920277180292624235e+08,4.724941589862011671e+08,6.282636888544373051e+02
1.593659877777099609e+00,8.803763429167932272e+08,4.758936501698554158e+08,1.253290591958972300e+03
1.050569772720336914e+00,8.076042777050790787e+08,4.853323536096457243e+08,1.812940640530502833e+03
7.165660858154296875e-01,8.158080588696621656e+08,4.752822104373003840e+08,1.481385366029658144e+03
1.636308431625366211e+00,7.872225149972407818e+08,4.625107651744388938e+08,1.010521548110966819e+03
9.177289009094238281e-01,7.031738119436479807e+08,4.769142997388094068e+08,1.366531335700786258e+03
8.853781223297119141e-01,8.580284268307280540e+08,4.827382471837388873e+08,6.972047723515624966e+03
9.341926574707031250e-01,7.311207239290518761e+08,4.835777787989303470e+08,2.344760719500844516e+03
1.001019716262817383e+00,8.113086504610010386e+08,4.777433009835590124e+08,1.030600673382763716e+03
8.518824577331542969e-01,8.004366744175541401e+08,4.877861520764485002e+08,8.594268913632082558e+02
1.151409387588500977e+00,8.562172583631088734e+08,4.427038143953654170e+08,7.274283994817762959e+02
1.134243726730346680e+00,8.154785696406309605e+08,4.795300885135618448e+08,1.705789495471088912e+03
7.518632411956787109e-01,8.182843468314051628e+08,4.832110095616685748e+08,1.196272680560908157e+03
9.194965362548828125e-01,8.426613718744847775e+08,4.574665600235356688e+08,2.297108891420868133e+02
1.334527492523193359e+00,3.196416428550952077e+08,4.819156881812283993e+08,4.032288928170380586e+03
8.495075702667236328e-01,7.889859718654268980e+08,4.686892691862195134e+08,2.989430660884875124e+02
6.667785644531250000e-01,8.452676941381468773e+08,4.766704001107917428e+08,8.234343704637440169e+03
9.012036323547363281e-01,8.795734699428725243e+08,4.799187630753304362e+08,1.681404267699291722e+03
8.343365192413330078e-01,7.187293288787568808e+08,4.771268579901148081e+08,2.469409210648388580e+03
5.755360126495361328e-01,7.831060265912705660e+08,4.619039550726032853e+08,6.004494886730443568e+02
7.531673908233642578e-01,8.719759113570641279e+08,4.810151146554690599e+08,4.242295929093360201e+02
7.024419307708740234e-01,7.235246412589340210e+08,4.241386323402491212e+08,3.297554832523063624e+02
1.050813674926757812e+00,6.275799026275068521e+08,4.792293894164996743e+08,2.793635310065618000e+02
8.020257949829101562e-01,8.108883690280839205e+08,4.744012231421641111e+08,5.888456598115644738e+03
7.327466011047363281e-01,7.968884953725466728e+08,4.778019610887589455e+08,5.249836105986876191e+02
1.086826801300048828e+00,7.796142125544008017e+08,4.773074456572650671e+08,6.170209946925057920e+03
7.351410388946533203e-01,8.818064375703105927e+08,4.842120397377756238e+08,3.652574550937500135e+03
9.482312202453613281e-01,9.034197259549978971e+08,4.781193896392543316e+08,1.541966665356711246e+03
7.006807327270507812e-01,8.478640671782470942e+08,4.404626276383211017e+08,3.138847401460174069e+02
1.117041110992431641e+00,4.794946128236377835e+08,4.390556242929760814e+08,7.212536459410083580e+02
7.516698837280273438e-01,4.948379961144574285e+08,4.768834538942650557e+08,4.234189146475019697e+03
9.019107818603515625e-01,7.503060010160251856e+08,4.699318817071714997e+08,5.911681096588487208e+02
1.117358922958374023e+00,6.207096095856562853e+08,4.831573883124305606e+08,1.175459451318769425e+03
8.687205314636230469e-01,8.118963921313052177e+08,4.822517310622686744e+08,4.796635738685908109e+03
7.761638164520263672e-01,7.972011317411395311e+08,4.639264529548084140e+08,9.810153143714917405e+02
8.011493682861328125e-01,7.695016440593525171e+08,4.789198141474854946e+08,1.714166610985219450e+03
8.345828056335449219e-01,8.431234698717184067e+08,4.765525812760013938e+08,3.788320507417197405e+03
1.350671768188476562e+00,8.484377554389265776e+08,4.885753994415923953e+08,5.035114199145302337e+03
7.782182693481445312e-01,8.548821956216259003e+08,4.860591142877135873e+08,5.026446726089072399e+03
9.679906368255615234e-01,8.409406450215482712e+08,4.809372865167633295e+08,6.249767413345568912e+02
1.051665782928466797e+00,8.549460444107015133e+08,4.843369473651631474e+08,1.510084005304313905e+03
1.067919492721557617e+00,8.003780863972754478e+08,4.737908876636049747e+08,1.409084666809867947e+01
8.842558860778808594e-01,7.541465054189459085e+08,4.628511025549424291e+08,9.430780987874220500e+02
6.183722019195556641e-01,8.071791106533201933e+08,4.742976437832688093e+08,7.717276116703484945e+01
1.235447883605957031e+00,7.850076277774451971e+08,4.748614912396818399e+08,4.792871102945360690e+03
9.660553932189941406e-01,7.246094485377446413e+08,4.763265143320156336e+08,1.056685894516047256e+03
8.774108886718750000e-01,8.120744795498279333e+08,4.822839660975480080e+08,4.408498089103430289e+02
8.180270195007324219e-01,6.841571082013989687e+08,4.476209146851826310e+08,3.110893479207380778e+02
8.492166996002197266e-01,6.105994327135235071e+08,4.886182151401425004e+08,6.952339054430223086e+02
7.202308177947998047e-01,8.015524596648497581e+08,4.742060007847648263e+08,1.283353711441333189e+03
6.175653934478759766e-01,6.368737061949583292e+08,4.686838688157596588e+08,6.427980163096933211e+03
6.350586414337158203e-01,8.387733040325502157e+08,4.839508050588346124e+08,6.004494886730443568e+02
9.183533191680908203e-01,8.525199960715779066e+08,4.759602854487193823e+08,3.503818173529657997e+03
9.610333442687988281e-01,7.559717610681296587e+08,4.712291837022228241e+08,1.877113662672622240e+03
7.354385852813720703e-01,8.295144010034195185e+08,4.727159936493529081e+08,6.357954133605444440e+02
7.186136245727539062e-01,7.018924712076311111e+08,4.794324114186185002e+08,2.564413798534335911e+03
1.018198728561401367e+00,2.038917992174442112e+08,4.659586260496722460e+08,1.624541847769458172e+03
7.674260139465332031e-01,8.723213487874869108e+08,4.744750928275651932e+08,3.212964218306977727e+03
1.153489112854003906e+00,7.282874767875167131e+08,4.676297418129285574e+08,4.592872125810486068e+02
8.020324707031250000e-01,7.564353311239502430e+08,4.800501533291774392e+08,1.039248221904236061e+03
8.519799709320068359e-01,8.027170230797069073e+08,4.742902575933876634e+08,5.016312246571855212e+03
8.011181354522705078e-01,7.872748020994379520e+08,4.800553435140644312e+08,6.005151194887928341e+02
9.019184112548828125e-01,4.259990175851100683e+08,4.576876386858299375e+08,8.048787211865644167e+03
6.180040836334228516e-01,7.426655476690545082e+08,4.750030256042855382e+08,2.175868947528066201e+03
1.023968219757080078e+00,8.384818916752669811e+08,4.772240487241010666e+08,8.453283680610056194e+01
7.493026256561279297e-01,8.004088758271143436e+08,4.743083523118228912e+08,7.332602107284335943e+03
9.017331600189208984e-01,7.181790755580052137e+08,4.800590888814299703e+08,3.122971001385199997e+03
1.214575529098510742e+00,8.356526789778341055e+08,4.751333393196632266e+08,4.235930090257764277e+03
9.158940315246582031e-01,8.124148667001403570e+08,4.777760471762856841e+08,7.697461792568769852e+03
8.102898597717285156e-01,8.438184049621325731e+08,4.803073069398496747e+08,6.633908541645302648e+03
8.678956031799316406e-01,8.216913679022189379e+08,4.758565846653427482e+08,9.817511204383446284e+02
7.230336666107177734e-01,7.612624968251415491e+08,4.646043112410379648e+08,4.268609931953124942e+03
6.352090835571289062e-01,8.562887845252860785e+08,4.839515392841220498e+08,4.988986397738111123e+02
1.034601211547851562e+00,8.611389577148395777e+08,4.731035934137745500e+08,3.393524759107880527e+03
8.854167461395263672e-01,5.565407457797243595e+08,4.510130491427411437e+08,2.332281953248505488e+03
2.019515037536621094e+00,7.744989389096218348e+08,4.792776889283490181e+08,8.850677853556328046e+03
9.438047409057617188e-01,8.558433453980181217e+08,4.727299124746779799e+08,4.548189804360967173e+03
5.342142581939697266e-01,6.310099555520244837e+08,4.762838980135088563e+08,3.580066214758965089e+02
6.338050365447998047e-01,8.314651441669459343e+08,4.587127157791541815e+08,1.132985749542944404e+03
6.519834995269775391e-01,5.425007917219393253e+08,4.698916223222721815e+08,1.189591453352358258e+03
9.844427108764648438e-01,8.597772963594944477e+08,4.681062773775435686e+08,6.806528704724921226e+03
8.174617290496826172e-01,7.188926819939748049e+08,4.605262310862751007e+08,3.293380041707055625e+03
7.321903705596923828e-01,8.589357723919320107e+08,4.764179864265084267e+08,4.882956833787422511e+03
6.171140670776367188e-01,7.954045500029613972e+08,4.812770486945167184e+08,9.630858361566721442e+02
1.101116895675659180e+00,7.236964824499925375e+08,4.672624930979660153e+08,9.991069798060679830e+01
8.519172668457031250e-01,8.027746552960089445e+08,4.682999462140258551e+08,7.604030542082250577e+02
7.353837490081787109e-01,8.727591300574562550e+08,4.816887931921512485e+08,3.347193707438278807e+02
1.251404285430908203e+00,7.784404509802052975e+08,4.785419178336158395e+08,1.652438399360966741e+03
1.049866676330566406e+00,8.651164855314768553e+08,4.818752650078918338e+08,1.730918238804736347e+03
1.035553455352783203e+00,7.346102356529363394e+08,4.520357546221721172e+08,1.484013001681327978e+03
9.353971481323242188e-01,7.916040003105169535e+08,4.611659504283083677e+08,3.974764092550058194e+03
1.000463008880615234e+00,8.699324261290396452e+08,4.823362228715268373e+08,1.066895466499577878e+03
9.007282257080078125e-01,8.474628503016577959e+08,4.777563311331132650e+08,2.143869543721933496e+03
1.164095878601074219e+00,8.334732314803931713e+08,4.799580414705939889e+08,5.615725559306230025e+03
1.033897638320922852e+00,7.451530468715186119e+08,4.513848050016084313e+08,1.487986594731711193e+03
7.173948287963867188e-01,8.502837621112592220e+08,4.765443940295897126e+08,7.745165334324940886e+03
7.503173351287841797e-01,8.254989595911196470e+08,4.755034071065988541e+08,9.061935794870388463e+02
9.677238464355468750e-01,7.419012334555976391e+08,4.702367834365671873e+08,8.413919232500000362e+03
6.184954643249511719e-01,8.056029613210643530e+08,4.760447929562096000e+08,8.295786865268321435e+02
1.085425376892089844e+00,8.783109374190453291e+08,4.739412163838807940e+08,2.000221056133055981e+02
8.513500690460205078e-01,8.439946776907069683e+08,4.834264619418524504e+08,1.018097076555483341e+03
8.083624839782714844e-01,8.204861459483537674e+08,4.688601699915461540e+08,1.589690131647641692e+03
7.853670120239257812e-01,8.509392135503292084e+08,4.548999947231067419e+08,8.976899081355248882e+02
7.004370689392089844e-01,7.745539458718485832e+08,4.726819466802780032e+08,2.620530700438344411e+03
9.664790630340576172e-01,8.400489861411877871e+08,4.810629156779539585e+08,1.237723723042197435e+03
1.557822227478027344e+00,8.467316025746929646e+08,4.796342010963153839e+08,1.322479190242561117e+03
1.052165985107421875e+00,8.323656786394623518e+08,4.794649154547421336e+08,6.026770316511499459e+02
9.511981010437011719e-01,7.815019686145853996e+08,4.689050051735630035e+08,4.197582469306230450e+03
6.739790439605712891e-01,8.883719742241123915e+08,4.773427261832106113e+08,9.397104518948804071e+02
1.449698448181152344e+00,8.438767194677512646e+08,4.662109235892474651e+08,3.780939017909335689e+03
7.324018478393554688e-01,8.090568196033000946e+08,4.831308517372702956e+08,3.264395149942924945e+03
9.187393188476562500e-01,7.834323776244844198e+08,4.685716852478802204e+08,2.353596199429249225e+02
1.067228078842163086e+00,7.888640756432719231e+08,4.703015519025784731e+08,6.044855085955041432e+02
7.516133785247802734e-01,7.555884694087318182e+08,4.772978228922362924e+08,6.443678193533653484e+02
7.352166175842285156e-01,8.131431528469307423e+08,4.786801162914602160e+08,7.756936829652416918e+02
8.188793659210205078e-01,8.294051604637987614e+08,4.661682156013487577e+08,5.236883856681327416e+03
5.913932323455810547e-01,8.594112285583868027e+08,4.791714201196660995e+08,5.237199445293789722e+03
9.119825363159179688e-01,7.841295631552656889e+08,4.789423702762833834e+08,8.395833561940943355e+02
7.777962684631347656e-01,8.112039310822405815e+08,4.844730144217998981e+08,6.828605189545543226e+02
7.853059768676757812e-01,8.558219868897943497e+08,4.824736644405890107e+08,3.116866834746297172e+02
1.203492641448974609e+00,8.065211247275484800e+08,4.625529644639863968e+08,5.888819044429736095e+03
9.319112300872802734e-01,6.997778153696633577e+08,4.806826603957951665e+08,2.031355519859017704e+02
5.171470642089843750e-01,7.502787048676267862e+08,4.854333829244138002e+08,5.673069372017216665e+03
9.678285121917724609e-01,7.398634391520111561e+08,4.724744712969481945e+08,6.280381210932821887e+03
7.678239345550537109e-01,7.987208375590771437e+08,4.790889611799755692e+08,2.168632937178404063e+01
3.682456016540527344e-01,8.427862126811990738e+08,4.775853387300594449e+08,6.062551777518710878e+03
3.835647106170654297e-01,8.480523116284765005e+08,4.756831597240772247e+08,4.231656427706308023e+03
9.340026378631591797e-01,8.133646103261388540e+08,4.749632884694696665e+08,7.118723538934315911e+03
8.149261474609375000e-01,8.167799144740390778e+08,4.765605439711682796e+08,2.361191302001688825e+02
7.672181129455566406e-01,7.794121227671608925e+08,4.747124001583869457e+08,5.804363947091346745e+02
1.418806552886962891e+00,7.791780470970096588e+08,4.768100515799700618e+08,5.786424356425416136e+02
7.517111301422119141e-01,8.692152165763710737e+08,4.789158027092079520e+08,7.486072289226220846e+02
8.688776493072509766e-01,8.569060174952714443e+08,4.763127010931404233e+08,5.230169188290605234e+03
1.319164276123046875e+00,8.484962705191740990e+08,4.663842922007455826e+08,2.490270298825786085e+03
1.206697463989257812e+00,8.511083658430091143e+08,4.630646803968232870e+08,4.117924779477000925e+02
9.340600967407226562e-01,5.936194526139912605e+08,4.741156912922372818e+08,1.317880427362460978e+03
9.677855968475341797e-01,7.477882890071682930e+08,4.715699840076023340e+08,3.477649099145659761e+02
8.046903610229492188e-01,8.667562580027557611e+08,4.769445678190907836e+08,2.892631363003833030e+03
1.035390138626098633e+00,7.887458453159118891e+08,4.735078100115993619e+08,7.884689943809414217e+03
5.676684379577636719e-01,8.494118439187198877e+08,4.690377109527674913e+08,7.913156997909335587e+03
6.523027420043945312e-01,8.075688698372415304e+08,4.695022822970046997e+08,1.082024296019133317e+03
1.402076721191406250e+00,6.916422588820806742e+08,4.718150999814435840e+08,5.938394491242528375e+02
1.127992391586303711e+00,8.291761638599797487e+08,4.789270992425423861e+08,5.802996162821855251e+03
1.190363168716430664e+00,8.894638175907390118e+08,4.857892638729166389e+08,7.141007779568671140e+03
8.507988452911376953e-01,7.209472113152462244e+08,4.761193624281380177e+08,5.756752819140624524e+03
8.086259365081787109e-01,8.453375116259312630e+08,4.786046103194679022e+08,4.760728322582802321e+03
1.070109605789184570e+00,7.935670875490334034e+08,4.700794065770499706e+08,1.850236966927397361e+03
7.352793216705322266e-01,7.666748841942961216e+08,4.473309086053737402e+08,3.119178931860966713e+03
8.686656951904296875e-01,7.370768388070119619e+08,4.655075090999635458e+08,1.717815504202377724e+03
7.093038558959960938e-01,7.795557567939146757e+08,4.599938690453885198e+08,2.875204503712577662e+03
5.834772586822509766e-01,7.319928574297549725e+08,4.873029104896616340e+08,6.254565822068671878e+03
8.517875671386718750e-01,7.725399329882880449e+08,4.824580521741716266e+08,3.879082270721835812e+03
7.851133346557617188e-01,8.159134825507596731e+08,4.777511717118428946e+08,5.580128325152027173e+02
6.277575492858886719e-01,7.777585126424876451e+08,4.698520801125669479e+08,4.318153339306230009e+03
1.117777109146118164e+00,5.298042705406857133e+08,4.737970915838575363e+08,1.724690770347583339e+03
1.097967863082885742e+00,8.494818409232709408e+08,4.811877318104501963e+08,2.328746399595341700e+03
7.857444286346435547e-01,8.501006822942909002e+08,4.787796996313973069e+08,8.640057297085498931e+02
4.350154399871826172e-01,8.534371171174737215e+08,4.634208396843943000e+08,4.669074661001592176e+03
9.684312343597412109e-01,8.234000537184000015e+08,4.548584427164321542e+08,4.218068095142217317e+03
7.405378818511962891e-01,7.886859742157911062e+08,4.712794752856599092e+08,4.115962425674048575e+01
1.517425537109375000e+00,8.064737171012679338e+08,4.797547070649545789e+08,7.457677724393710378e+03
1.100968837738037109e+00,8.259177384796006680e+08,4.881306903092070818e+08,6.736581772637538961e+03
7.919089794158935547e-01,7.980331771650410891e+08,4.813870447544516921e+08,1.046701199442600000e+03
1.133172035217285156e+00,8.573081036456534863e+08,4.812911131545119286e+08,2.355437867253930563e+03
9.667763710021972656e-01,8.622761458808716536e+08,4.755063916106786132e+08,8.081004483956308832e+03
1.551117181777954102e+00,7.797145913355233669e+08,4.640462823583321571e+08,1.911332599581276384e+02
9.334797859191894531e-01,3.780181269341740608e+08,4.536154742876693606e+08,4.284018105454716533e+03
1.035479307174682617e+00,8.206076275817139149e+08,4.702585472998116016e+08,2.083472771621914035e+03
6.499831676483154297e-01,8.273530806563462019e+08,4.779113917288028002e+08,3.336088632722680359e+03
6.750915050506591797e-01,8.337465050660959482e+08,4.554527061130965948e+08,3.518995262476611060e+03
6.683006286621093750e-01,7.200036952224526405e+08,4.707740617153474689e+08,6.707369901381237014e+02
1.018298387527465820e+00,8.750660191605464220e+08,4.752906898256066442e+08,1.787588422012539013e+03
6.900432109832763672e-01,8.355556508050094843e+08,4.631331327670148015e+08,5.805413739808666378e+02
9.563617706298828125e-01,8.805404505207072496e+08,4.668902997899836898e+08,1.187396450444191714e+03
7.507691383361816406e-01,8.593588651843601465e+08,4.743661904364823699e+08,3.641954273212480530e+03
9.857630729675292969e-01,1.917242527292046845e+08,2.078474426058815122e+08,1.304685078718425075e+03
1.135516643524169922e+00,7.311390700907057524e+08,3.873748620830703378e+08,3.620964826976513905e+03
8.836441040039062500e-01,7.705346444452530146e+08,4.810796024559699297e+08,2.525385939942924779e+03
1.234495162963867188e+00,8.790435251413441896e+08,4.763682958342447877e+08,8.677339205726027558e+02
2.085432291030883789e+00,7.820747185386781693e+08,4.647871974283173680e+08,2.028370919642119361e+03
8.853859901428222656e-01,8.816089159722547531e+08,4.814163154235979915e+08,5.370737482952832806e+02
7.999033927917480469e-01,8.041369173494079113e+08,4.807732962900093794e+08,9.090747873846836228e+03
8.351089954376220703e-01,8.310050007850155830e+08,4.897912917518541813e+08,2.215444080028066310e+03
8.176858425140380859e-01,8.978121907421965599e+08,4.741160250900736451e+08,5.804363947091346745e+02
8.679320812225341797e-01,8.077081892404853106e+08,4.842522949025335312e+08,3.522800348028164080e+03
1.011776685714721680e+00,7.461130327968999147e+08,4.822855395846987367e+08,6.590001875315749658e+02
7.010331153869628906e-01,8.504378795313327312e+08,4.913827218116254210e+08,5.132592232812499788e+03
7.512378692626953125e-01,8.108912401361449957e+08,4.792092122361391783e+08,9.829052416137278669e+02
9.018752574920654297e-01,8.671751978880953789e+08,4.830593445972235799e+08,1.285455599691008274e+03
7.519867420196533203e-01,7.715054055573561192e+08,4.778021117597221136e+08,8.244743510879028463e+02
1.018427371978759766e+00,8.649804186411279440e+08,4.860668715852639675e+08,4.164144494053144626e+03
8.678412437438964844e-01,7.422801823300555944e+08,4.755476375680168867e+08,5.942794409263902935e+02
1.171178340911865234e+00,7.479002630487716198e+08,4.828687430971640348e+08,7.098396107899980052e+03
1.135545730590820312e+00,8.211632129453654289e+08,4.775667108914281130e+08,1.215977745220341831e+03
9.188945293426513672e-01,8.549467809255601168e+08,4.821043298848018050e+08,1.411976997122238799e+03
8.673756122589111328e-01,7.085509090071368217e+08,4.842396044219510555e+08,1.143705149324941658e+03
4.514973163604736328e-01,8.233345786038111448e+08,4.762025233411505222e+08,1.281821224350627017e+04
7.677147388458251953e-01,8.241537770779366493e+08,4.740287529207083583e+08,4.631082677984667271e+02
9.829235076904296875e-01,8.128611439169589281e+08,4.762931056362537146e+08,1.387440282810161079e+03
8.668360710144042969e-01,8.638459572152583599e+08,4.795988087519391179e+08,4.436997683276572388e+03
1.101279258728027344e+00,8.175678070662832260e+08,4.821549559115201831e+08,1.918806002284336046e+03
8.671317100524902344e-01,7.800739059427208900e+08,4.520038628751623631e+08,9.089481714715112730e+02
6.835036277770996094e-01,4.183354299125416279e+08,4.554651305665423274e+08,6.703084123901572639e+03
8.347868919372558594e-01,8.551726830546411276e+08,4.764703468851535916e+08,4.164828536378183344e+03
8.662025928497314453e-01,7.979767875620207787e+08,4.826582845562109947e+08,6.147063044012441424e+03
1.067562103271484375e+00,7.410779818597749472e+08,4.366740068064801097e+08,1.656482153794828776e+02
7.919776439666748047e-01,8.258826018562524319e+08,4.770182743680485487e+08,4.928681138328027487e+02
9.182119369506835938e-01,2.637579779257867932e+08,4.396066730490661860e+08,2.222959734746913909e+03
7.674083709716796875e-01,6.522667285942305326e+08,4.780692869533647299e+08,1.305100089761889137e+02
1.086119413375854492e+00,8.437907290475844145e+08,4.722703795913478732e+08,1.240250672233951867e+01
6.830387115478515625e-01,7.190937805033153296e+08,4.820967944192449450e+08,5.203398623231191777e+03
9.010417461395263672e-01,7.273862102357894182e+08,4.916739405162648559e+08,4.640748079868763512e+02
1.018647193908691406e+00,8.654808893926768303e+08,4.811471823814973235e+08,5.581191834756269600e+03
9.015793800354003906e-01,8.120269604568400383e+08,4.825507996408259869e+08,3.153264404447764946e+02
8.333282470703125000e-01,7.855381205616488457e+08,4.738687725249074697e+08,1.293670215101513804e+03
7.852904796600341797e-01,8.556443164819121361e+08,4.858380185166410208e+08,2.626044490073447378e+03
1.302446126937866211e+00,7.995880160222454071e+08,4.888921649648197293e+08,1.227099440385947219e+03
8.005001544952392578e-01,8.309363921474870443e+08,4.897749846369152665e+08,1.470897626497856265e+02
8.187186717987060547e-01,8.289789355017815828e+08,4.750666374710372686e+08,2.283760003706958287e+03
1.067713499069213867e+00,8.393931369140073061e+08,4.634811034792351127e+08,6.785629769961668671e+02
9.010436534881591797e-01,8.800115629794666767e+08,4.805262728085022569e+08,5.283493050863111193e+02
1.301552295684814453e+00,8.408961650228502750e+08,4.736228140309346318e+08,1.690394938738305427e+03
8.002352714538574219e-01,7.632093130890805721e+08,4.795612018077905774e+08,4.780395540636694136e+02
8.677861690521240234e-01,7.501198490791463852e+08,4.760471299103119373e+08,6.180676835767217199e+03
1.335236787796020508e+00,8.693802895131287575e+08,4.785092365822843313e+08,2.104051912608530529e+03
8.677904605865478516e-01,8.058741850686554909e+08,4.772597679076571465e+08,1.197868545680873638e+02
9.345922470092773438e-01,8.873295661693876982e+08,4.804796449152284861e+08,1.338802090131691557e+03
1.185485839843750000e+00,7.895004640347629786e+08,4.773167304899169803e+08,6.571881562137473338e+02
1.418422222137451172e+00,8.416962060396913290e+08,4.813881535719757676e+08,2.320437367918691507e+03
8.515748977661132812e-01,8.334787465287851095e+08,4.761278904160513282e+08,7.033489782775078311e+03
9.014298915863037109e-01,8.084548792259464264e+08,4.824640050718461275e+08,1.623912272516372241e+03
1.250976324081420898e+00,8.002522538524063826e+08,4.740735623415597081e+08,2.500445428400078072e+03
8.484072685241699219e-01,8.134186298339362144e+08,4.726970985428685546e+08,9.167097289902222883e+02
1.229125976562500000e+00,8.186487870311092138e+08,4.838482480447303653e+08,5.796527797726415656e+02
1.234988689422607422e+00,7.978486766777112484e+08,4.769361419100014567e+08,1.160857670802299936e+03
1.367995262145996094e+00,8.382183133136376143e+08,4.875473432039347887e+08,9.212268913559000794e+00
6.517477035522460938e-01,8.549398398797574043e+08,4.817375131666399240e+08,1.198558695542197256e+03
1.054718971252441406e+00,7.615198385151702166e+08,4.792491135406478643e+08,8.175063207107264134e+02
8.514275550842285156e-01,8.321467582426730394e+08,4.720990618537235260e+08,5.467720507076630383e+03
7.729260921478271484e-01,8.487931027322213650e+08,4.787177931348668337e+08,6.961567918767541414e+02
9.274172782897949219e-01,8.258335988619856834e+08,4.744028755806686282e+08,5.909363142265625356e+03
1.068166732788085938e+00,7.192541716690876484e+08,4.762521045065560341e+08,2.286399203610966424e+02
8.174943923950195312e-01,8.830592357947798967e+08,4.764495773586596847e+08,1.593383329531572024e+01
9.130027294158935547e-01,7.917169835755623579e+08,4.784655300272450447e+08,1.581831654781997258e+03
7.832434177398681641e-01,8.163910451019947529e+08,4.755500256126215458e+08,8.078146364504611938e+02
8.675837516784667969e-01,7.813109587548584938e+08,4.721112526834352612e+08,2.189595049742236370e+03
7.184429168701171875e-01,8.165095866823452711e+08,4.796182786389541030e+08,8.874286725315748754e+02
1.132265329360961914e+00,7.937497860506244898e+08,4.884259774991334677e+08,3.921679624771958856e+02
6.682100296020507812e-01,8.269089801607991457e+08,4.790313287431417704e+08,6.809080146565098630e+02
6.505131721496582031e-01,8.470025564288233519e+08,4.588255594420071244e+08,7.578875065817957193e+02
8.854427337646484375e-01,7.784361953276857138e+08,4.794788741998974085e+08,1.419169654104372285e+03
1.000910758972167969e+00,8.358869101005750895e+08,4.837048879234513640e+08,1.350991900564416710e+03
6.327161788940429688e-01,8.093134742697346210e+08,4.840139758473322392e+08,4.052340018920283001e+03
1.350829362869262695e+00,8.006406158623770475e+08,4.741167483207812309e+08,4.871389589972388876e+02
6.829252243041992188e-01,7.934135735372157097e+08,4.738844452010947466e+08,8.290460806787519687e+03
7.823438644409179688e-01,7.933518578451050520e+08,4.812773544344531894e+08,1.102432126058666654e+03
6.002831459045410156e-01,8.761397955720977783e+08,4.902323515592663884e+08,1.004808312878930678e+03
1.434178352355957031e+00,8.005960106936560869e+08,4.781473023510805368e+08,1.263403024327189451e+04
9.670712947845458984e-01,8.307451532047561407e+08,4.749432828273782134e+08,1.076833378979664531e+02
6.672911643981933594e-01,8.068876245295137167e+08,4.771492831071390510e+08,7.119423050328092017e+01
1.723582506179809570e+00,7.884069679269789457e+08,4.822909893010016084e+08,1.823777660132536766e+02
8.217916488647460938e-01,7.989131669136863947e+08,4.322656689973543286e+08,2.847314910667880028e+01
5.842647552490234375e-01,6.690694780111966133e+08,4.606231645563071370e+08,3.703353880193672012e+03
1.770634651184082031e+00,7.935384373455281258e+08,4.671021684812105298e+08,1.913877132914013600e+03
1.001426219940185547e+00,7.537989103692497015e+08,4.826455429606209993e+08,8.142563562399296018e+01
9.518990516662597656e-01,7.448123527370927334e+08,4.538167040855001211e+08,4.469166295441138459e+02
6.185023784637451172e-01,4.593498265645114779e+08,4.781854990112503767e+08,4.804626778787422154e+03
1.401617765426635742e+00,7.515448028812284470e+08,4.775200159688401818e+08,4.957464982523389153e+03
8.680691719055175781e-01,6.810540714885314703e+08,4.726830710543763041e+08,2.062487855960239074e+02
9.835267066955566406e-01,4.286828806517157555e+08,4.629191205364374518e+08,2.453526853243828100e+03
9.331252574920654297e-01,7.218446580062663555e+08,4.791448460764784813e+08,8.014944738515624522e+03
1.018285751342773438e+00,7.688259933068156242e+08,4.800902138189334273e+08,3.277329477171127564e+03
9.344689846038818359e-01,8.447141445056077242e+08,4.860159858910369873e+08,1.316660625308991712e+03
5.338180065155029297e-01,8.619581946299306154e+08,4.792950480558580756e+08,4.240084405850019721e+03
7.007794380187988281e-01,7.449633083577641249e+08,4.578680072882345319e+08,2.492636011946108283e+03
8.833839893341064453e-01,7.833150202978144884e+08,4.810238761924307942e+08,5.686331302651572514e+03
1.416944980621337891e+00,8.130476882893875837e+08,4.814984681990885735e+08,3.816427117670282769e+03
8.167364597320556641e-01,7.469299005038043261e+08,4.803826277174317837e+08,6.846136277180029310e+02
8.816397190093994141e-01,3.480829767359155416e+08,4.594475155042444468e+08,8.274912160302429811e+02
7.519257068634033203e-01,8.324066372185808420e+08,4.801066240090019107e+08,6.982277119912519993e+03
9.005293846130371094e-01,6.943250715504409075e+08,4.664300191351608634e+08,5.123589146484375306e+03
6.833989620208740234e-01,7.357776077514121532e+08,4.767705553672007322e+08,4.828538623643808023e+03
8.889725208282470703e-01,7.906330515163202286e+08,4.735326155164631605e+08,2.248150554519555499e+03
8.658101558685302734e-01,8.054558489881633520e+08,4.832877833941171169e+08,6.714606312232880555e+03
7.348434925079345703e-01,8.342582048366092443e+08,4.734104813762731552e+08,1.011173651104274882e+03
1.051994562149047852e+00,7.035884168456724882e+08,4.677057945260400176e+08,4.010411588589072380e+03
6.685323715209960938e-01,7.926824630904636383e+08,4.685596040787884593e+08,1.063620233405925092e+03
7.998030185699462891e-01,7.802440304741510153e+08,4.709009308630847335e+08,5.387941067315683540e+03
8.018085956573486328e-01,7.825597574950379133e+08,4.753726107022207975e+08,1.052821561019685106e+02
1.067599534988403320e+00,8.323230741467924118e+08,4.624098605009746552e+08,1.341607744991813888e+03
8.170640468597412109e-01,8.831721836967827082e+08,4.923584681562493443e+08,8.248640809986681006e+02
1.001026868820190430e+00,7.617645257120025158e+08,4.459316389699576497e+08,9.700775456914306005e+02
1.028950929641723633e+00,6.184485157825059891e+08,3.322605738030826449e+08,8.065448228107458135e+02
9.513945579528808594e-01,8.469677276261650324e+08,4.775570024126060605e+08,3.852300191482263472e+02
6.321940422058105469e-01,8.100207811067987680e+08,4.676655006478243470e+08,5.769685244013123793e+02
8.356504440307617188e-01,8.767860831003580093e+08,4.768867934580190778e+08,1.934151899097583282e+03
7.686972618103027344e-01,8.452409265531703234e+08,4.838058007335490584e+08,4.695062662417197316e+03
1.318183422088623047e+00,8.352829796922883987e+08,4.840468141647140384e+08,4.205698463276572511e+03
7.686765193939208984e-01,8.298662670186107159e+08,4.801432705106685758e+08,1.261685504383121099e+02
5.906200408935546875e-01,8.361721659235441685e+08,4.793127875006715059e+08,6.006660052908653142e+02
7.276813983917236328e-01,7.994023081575087309e+08,4.847589092438374758e+08,2.917632749512538794e+03
7.762877941131591797e-01,8.307535613989402056e+08,4.732741997874720693e+08,2.179658814342255482e+03
3.838908672332763672e-01,8.044616310101283789e+08,4.807445994878004193e+08,1.102229676764130772e+03
1.018486976623535156e+00,8.433406471112630367e+08,4.805962887838641405e+08,4.690909548304639429e+03
1.002572774887084961e+00,8.209826609012624025e+08,4.745506204121472239e+08,1.060673204456633357e+03
8.168940544128417969e-01,8.374926024923608303e+08,4.770374226523930430e+08,5.677362658735966761e+03
7.854070663452148438e-01,8.675354324253542423e+08,4.744959691755999327e+08,2.631148975696108664e+03
1.002120733261108398e+00,7.705930786874134541e+08,4.789340628648847342e+08,4.527625781990319638e+02
5.502684116363525391e-01,8.421363483762629032e+08,4.813990890786219239e+08,1.436062155392963859e+03
9.349231719970703125e-01,8.472128386589418650e+08,4.836789473738084435e+08,5.525165644554638220e+02
1.439848184585571289e+00,7.971845209490690231e+08,4.730368510200396776e+08,3.192040853444516415e+03
8.186585903167724609e-01,8.031985820114462376e+08,4.770872717219290137e+08,3.212682871860966770e+03
6.174035072326660156e-01,8.962150089736351967e+08,4.748402850998156071e+08,3.351825010371913777e+03
