6.542870998382568359e-01,4.201111430980795376e+03,1.773096471470985307e+03,1.115533218383789062e+02
2.844748497009277344e-01,5.479499642576737642e+03,1.724453379608442219e+03,5.949264526367188211e+01
2.660071849822998047e-01,5.440312294342155838e+03,1.749122726438088648e+03,1.814583007812500000e+03
1.714220046997070312e-01,4.648153525774848276e+03,1.779622853875845294e+03,1.134487228393554972e+02
3.005933761596679688e-01,5.532052595346021917e+03,1.793918585761752638e+03,1.972823791503905966e+02
1.840789318084716797e-01,5.236611940651248915e+03,1.787203931844988119e+03,4.159077148437500000e+02
2.506055831909179688e-01,6.339541821243808954e+03,1.755567496340755270e+03,1.313182128906250000e+03
2.512979507446289062e-01,5.098231194039368347e+03,1.778172183290849489e+03,4.561214294433593750e+02
3.333542346954345703e-01,4.719872604901606792e+03,1.770934731192933668e+03,2.711585083007811932e+02
2.833309173583984375e-01,5.083714491578092748e+03,1.785337020597696210e+03,2.305499755859375000e+03
3.005325794219970703e-01,6.115903710512629914e+03,1.783035919406527455e+03,2.910481643676758168e+01
3.667426109313964844e-01,4.912561289987051168e+03,1.738482339792005632e+03,2.017238311767578125e+02
3.344285488128662109e-01,6.103910249658792964e+03,1.780526567078731887e+03,3.374035949707031250e+02
3.161289691925048828e-01,6.288312761024424617e+03,1.785332445179362139e+03,1.025873535156250000e+03
2.848291397094726562e-01,5.134770768732077158e+03,1.789072691955233267e+03,8.161845703125000000e+02
3.997409343719482422e-01,5.728621221352201246e+03,1.782402270362865238e+03,7.329103393554687500e+02
1.159417629241943359e-01,5.852216575250365167e+03,1.785723307270726991e+03,1.071481037139892933e+01
2.847688198089599609e-01,4.876921018244203879e+03,1.781911481081634520e+03,4.569848327636718750e+02
3.173184394836425781e-01,4.880753428149576393e+03,1.744916410974811697e+03,6.770000000000000000e+02
3.177561759948730469e-01,5.310228933403431256e+03,1.774611091808895253e+03,2.696620178222656250e+02
3.164327144622802734e-01,4.590320926361991951e+03,1.778981106067033352e+03,9.454299316406250000e+02
3.161275386810302734e-01,5.492296637250015010e+03,1.770453882083348844e+03,8.907553100585937500e+02
1.665375232696533203e-01,5.712512374380639812e+03,1.779230269989455792e+03,4.876399993896483664e+01
2.666800022125244141e-01,6.405340209628997400e+03,1.754653451653568482e+03,1.996982421875000000e+03
2.832138538360595703e-01,6.215713170299306512e+03,1.791362434420927229e+03,3.029591751098633168e+01
3.184552192687988281e-01,5.721659621756621164e+03,1.699216202835318654e+03,8.404856567382812500e+02
2.001457214355468750e-01,6.428594841336567697e+03,1.807654747407614423e+03,2.397844726562500000e+03
2.010614871978759766e-01,7.314805190929881064e+03,1.790854501627170293e+03,3.058108825683593750e+02
2.005562782287597656e-01,4.460409149836161305e+03,1.780400931824644886e+03,7.242638397216796875e+01
2.680211067199707031e-01,6.148809724389579969e+03,1.774260033897829771e+03,2.680570983886718750e+02
3.737640380859375000e-01,5.745429706633246496e+03,1.785080754416623222e+03,5.012472534179688068e+02
1.328022480010986328e-01,6.767545420783641930e+03,1.762496280616163403e+03,1.244485351562500000e+03
2.350831031799316406e-01,4.474710708173204694e+03,1.784038464756609073e+03,3.119497070312500000e+02
1.843621730804443359e-01,5.834081385059705099e+03,1.788625569828843027e+03,1.030016479492187955e+03
2.684903144836425781e-01,4.986068061270205362e+03,1.791959925744809880e+03,5.909449462890625000e+02
2.336034774780273438e-01,6.019403770527674169e+03,1.777614010372440134e+03,5.605527343750000000e+02
2.852237224578857422e-01,6.019536536752160828e+03,1.769347963886425987e+03,4.193447265625000000e+02
4.661667346954345703e-01,6.113453249918384245e+03,1.775772117075032384e+03,2.762726440429688068e+02
2.684245109558105469e-01,5.182967303842026013e+03,1.789335678896002719e+03,4.852864379882811932e+02
2.519025802612304688e-01,5.405117244973374909e+03,1.702450823358425623e+03,2.115097656250000000e+03
4.004006385803222656e-01,5.518520541950094412e+03,1.781394572609209945e+03,7.299729614257812500e+02
2.426469326019287109e-01,5.052583267599427927e+03,1.744296157478093392e+03,8.596138305664062500e+02
1.322257518768310547e-01,5.857430129261163529e+03,1.784176037553588003e+03,1.700902709960938068e+02
3.351678848266601562e-01,4.941744460867182170e+03,1.792456743763762915e+03,2.416218017578125000e+03
2.749826908111572266e-01,5.880412769783233671e+03,1.779568040025692198e+03,4.880851135253906250e+02
1.845648288726806641e-01,6.033288356509831829e+03,1.771120389675361366e+03,1.389379882812500000e+03
2.683827877044677734e-01,5.269903275379780098e+03,1.772208548317937584e+03,5.214322280883789062e+01
2.345201969146728516e-01,5.380526278616346644e+03,1.791128678625137127e+03,1.165503906250000000e+03
2.176251411437988281e-01,6.349043679343858457e+03,1.771418352619035431e+03,1.571764282226562045e+03
1.737434864044189453e-01,7.166274648903628076e+03,1.783218929791084292e+03,1.467325592041015909e+02
3.515341281890869141e-01,5.030647871256942381e+03,1.768499292879746918e+03,2.753813476562500000e+03
3.182599544525146484e-01,7.746907919491680332e+03,1.758036697461670428e+03,1.591843261718750000e+02
2.333037853240966797e-01,4.184868653625296247e+03,1.782742530675959415e+03,9.657245635986328125e+01
2.004992961883544922e-01,4.468785494188955454e+03,1.790147734013798754e+03,2.736487426757811932e+02
2.847676277160644531e-01,5.355795860340078434e+03,1.774439376873749552e+03,3.794611816406250000e+02
3.102180957794189453e-01,5.587147350707725309e+03,1.547764027253981340e+03,5.408094482421875000e+02
3.178048133850097656e-01,6.678435404291224586e+03,1.775366200427567264e+03,6.432467041015625000e+02
2.177817821502685547e-01,6.358896297761307324e+03,1.795907527716922687e+03,1.559734985351562045e+03
2.671263217926025391e-01,5.774904762314460640e+03,1.776075082454288349e+03,1.081187744140625000e+03
2.005367279052734375e-01,5.949825447108291883e+03,1.781757285844978924e+03,2.183220825195311932e+02
3.506112098693847656e-01,4.891132523856475018e+03,1.720055193708683191e+03,4.304850463867188068e+02
2.667033672332763672e-01,5.228693188902860129e+03,1.780827729739147571e+03,9.330925903320312500e+02
2.491292953491210938e-01,4.936042521879051492e+03,1.763766221042895268e+03,2.563380615234375000e+03
3.511350154876708984e-01,4.611628809296272266e+03,1.735346686992272680e+03,1.061428222656250000e+03
2.340323925018310547e-01,6.811146092185697853e+03,1.782348831413528387e+03,7.644726562500000000e+02
4.002351760864257812e-01,5.470395173024316136e+03,1.774912569562376348e+03,3.614494934082031250e+02
2.514483928680419922e-01,5.513301688975367142e+03,1.780627135131727300e+03,6.294321289062500000e+02
1.325135231018066406e-01,5.203332391170302799e+03,1.790127879689112206e+03,1.411395874023437955e+03
2.536137104034423828e-01,5.462174660353623949e+03,1.684465945186014551e+03,1.266230545043945028e+02
1.162645816802978516e-01,4.637911374961190631e+03,1.781455546913782882e+03,9.878568267822265625e+01
1.681275367736816406e-01,5.590822900602944173e+03,1.782275007592086013e+03,3.463463745117188068e+02
2.503359317779541016e-01,7.088756935934067769e+03,1.797941606293750283e+03,1.017826843261718977e+03
3.875555992126464844e-01,4.884695464917470417e+03,1.564000715942709803e+03,1.755419311523437955e+03
2.020180225372314453e-01,4.522166053321243453e+03,1.748375725678547724e+03,2.331513916015625000e+03
2.355623245239257812e-01,6.902394462692825073e+03,1.762184377703337532e+03,2.851405944824218750e+02
1.500031948089599609e-01,6.186469432565109855e+03,1.730275565080971319e+03,2.419060974121094034e+02
1.836118698120117188e-01,6.992888706871664908e+03,1.692408189434078395e+03,6.828395843505859375e+01
2.833981513977050781e-01,5.425274649654584209e+03,1.787701833313590669e+03,2.876911621093750000e+03
1.874463558197021484e-01,5.132433918565546264e+03,1.777602123184709399e+03,3.287466735839843750e+02
2.673130035400390625e-01,6.176762186755272523e+03,1.781418474876962136e+03,1.922631103515625000e+03
2.057578563690185547e-01,5.356767197120082528e+03,1.774206406870736600e+03,1.078108276367187955e+03
3.328113555908203125e-01,4.723963939689528161e+03,1.785255823554762401e+03,4.468533630371093750e+02
3.350431919097900391e-01,7.607843156203478429e+03,1.764962717783836069e+03,1.015679199218750000e+03
2.841231822967529297e-01,4.680479824321131673e+03,1.779806810635237525e+03,5.836170578002929688e+01
1.832056045532226562e-01,5.961195620557461552e+03,1.766136649600382270e+03,7.693076782226562500e+02
2.835574150085449219e-01,4.457578524601965000e+03,1.785628344212437923e+03,4.975276489257811932e+02
3.296501636505126953e-01,5.845809553916341429e+03,1.781480236280124245e+03,2.040084838867187955e+03
1.176154613494873047e-01,4.593769524974224623e+03,1.772797062233836868e+03,6.056238555908203125e+01
4.680628776550292969e-01,4.948127033846052655e+03,1.781694771955505757e+03,9.921387481689453125e+01
1.994726657867431641e-01,5.138241340922884774e+03,1.775082114584928831e+03,1.587324676513671875e+02
2.838182449340820312e-01,4.778770239585708623e+03,1.791744208770423938e+03,9.242848968505859375e+01
2.508540153503417969e-01,5.364790146635346900e+03,1.797337455020382322e+03,9.667826538085937500e+02
2.336580753326416016e-01,4.876454742934864043e+03,1.815484536850824270e+03,3.788314819335938068e+02
2.177534103393554688e-01,5.309202444340639886e+03,1.778071083803756437e+03,1.460681762695311932e+02
3.168168067932128906e-01,6.462681520177290622e+03,1.808487674206929569e+03,1.914112304687500000e+03
3.684625625610351562e-01,7.179021717090472521e+03,1.754060954737521342e+03,4.873646163940429688e+01
2.653887271881103516e-01,5.948517807129750508e+03,1.792284579138759000e+03,2.429202117919921875e+02
2.340669631958007812e-01,5.470626726989534291e+03,1.775107615419598915e+03,5.829827880859375000e+02
2.994220256805419922e-01,5.355403413371505849e+03,1.772748864359905838e+03,1.216130752563476989e+02
2.844660282135009766e-01,5.676231906725208319e+03,1.770584970988347095e+03,2.206601562500000000e+03
2.497639656066894531e-01,6.140307260651808065e+03,1.778374155850783154e+03,1.216005737304687955e+03
3.514738082885742188e-01,6.393730371684571764e+03,1.784000261149206608e+03,2.175868652343750000e+03
2.061638832092285156e-01,7.307439499319266361e+03,1.789901555653792457e+03,1.495800292968750000e+03
2.827577590942382812e-01,4.875524927552153713e+03,1.774154444984445945e+03,2.339786834716796875e+02
1.686716079711914062e-01,5.252177768671582271e+03,1.780009808195075948e+03,8.486815185546875000e+02
2.982501983642578125e-01,6.700454756447345972e+03,1.785056964069490959e+03,8.057059288024902344e+00
2.006452083587646484e-01,5.480492526705589626e+03,1.768619641226466229e+03,1.179393920898437955e+03
2.678916454315185547e-01,5.613611516192197087e+03,1.787098614711454275e+03,7.090240478515625000e+01
4.178895950317382812e-01,5.492311743019206915e+03,1.771611025873309018e+03,6.321476440429687500e+02
2.340104579925537109e-01,4.998294174661563375e+03,1.781800055519838224e+03,1.769521972656250000e+03
3.347420692443847656e-01,5.332503994096603492e+03,1.752006404823035155e+03,2.498962158203125000e+03
2.342064380645751953e-01,6.742764482178230537e+03,1.774906540043103632e+03,7.853916931152343750e+01
2.834699153900146484e-01,5.513236163092151401e+03,1.783887497844171776e+03,4.350149230957031250e+02
2.287600040435791016e-01,6.024307058941059950e+03,1.773616879166174613e+03,1.705095672607421875e+02
2.835898399353027344e-01,6.911652694856436938e+03,1.737186989358534447e+03,1.664651733398437955e+03
2.490847110748291016e-01,6.783283923280748240e+03,1.742857829723795248e+03,2.836369018554688068e+02
2.012410163879394531e-01,6.334528739715770826e+03,1.796230685283949242e+03,1.165183349609375000e+03
1.673550605773925781e-01,5.770648723044741928e+03,1.801458886511282117e+03,8.360232543945312500e+02
2.689507007598876953e-01,6.534386116466365820e+03,1.782650243855288181e+03,1.163325683593750000e+03
3.505818843841552734e-01,5.617030827014492388e+03,1.791576047014133565e+03,8.939828491210937500e+01
2.678256034851074219e-01,6.805054312994148859e+03,1.703108835691838067e+03,2.204475585937500000e+03
3.037004470825195312e-01,6.094559063084390800e+03,1.801559476881636783e+03,1.774282836914062145e+01
3.839631080627441406e-01,4.536095120237481751e+03,1.781447980532311249e+03,-4.917705154418945312e+01
2.021756172180175781e-01,7.541591481217119508e+03,1.787186751420231531e+03,4.378643493652343750e+02
2.846021652221679688e-01,6.184442764202129183e+03,1.777034121819990105e+03,1.557695800781250000e+03
2.673342227935791016e-01,6.247452522575309558e+03,1.782124836789803112e+03,7.160519409179687500e+02
3.175029754638671875e-01,5.358991875927020374e+03,1.777371736053773702e+03,1.287832641601562045e+03
2.322010993957519531e-01,5.569697447122919584e+03,1.731165988677007135e+03,4.320482254028320312e+01
2.684671878814697266e-01,4.660576189889417037e+03,1.686338779493065886e+03,2.293044738769530966e+02
3.162443637847900391e-01,6.982483527692084863e+03,1.781233111659704491e+03,1.011171020507812045e+03
1.156268119812011719e-01,4.612510120613001163e+03,1.786669411774588070e+03,4.950556564331054688e+01
3.666410446166992188e-01,5.619368508990288319e+03,1.765846094346598193e+03,1.288795043945312045e+03
2.005746364593505859e-01,6.150637517589428171e+03,1.784106710186253622e+03,1.096119140625000000e+03
1.848127841949462891e-01,5.779769346187094015e+03,1.777566931784755070e+03,1.210884643554687955e+03
1.670150756835937500e-01,5.720547163815907879e+03,1.770211151206774502e+03,4.499741516113281250e+02
3.151252269744873047e-01,4.931656409170983352e+03,1.780950730080953008e+03,1.562332916259765980e+01
2.674944400787353516e-01,6.097781213646028846e+03,1.796752778602695571e+03,2.718450622558593750e+02
2.668216228485107422e-01,4.013118822851996811e+03,1.787616387518289230e+03,2.261159515380859020e+01
1.829340457916259766e-01,6.022908326755919916e+03,1.769939592854026614e+03,1.524000018835068027e-01
3.161764144897460938e-01,5.515879966795473592e+03,1.733227261468294955e+03,1.102981567382812045e+03
2.000374794006347656e-01,5.435561664939918955e+03,1.800738214899257173e+03,1.149244232177733949e+02
1.851220130920410156e-01,5.437277102809497592e+03,1.742543744946977085e+03,1.326359375000000000e+03
3.490443229675292969e-01,6.246649843329775649e+03,1.742889605293667273e+03,1.150477447509766051e+02
1.836774349212646484e-01,5.321221199241597787e+03,1.708174052228868732e+03,2.591303222656250000e+03
3.338055610656738281e-01,4.306635249581912831e+03,1.762651696770257104e+03,6.495314331054687500e+02
1.173524856567382812e-01,7.022127598716723696e+03,1.783522316109485246e+03,1.210717315673827983e+02
3.693139553070068359e-01,5.945417001017799521e+03,1.779780913285838778e+03,3.371108703613281250e+02
1.668143272399902344e-01,5.532190805978445496e+03,1.797026180563765820e+03,3.087953491210938068e+02
3.156912326812744141e-01,5.445096855391173449e+03,1.773150705803621349e+03,1.942708374023437955e+03
2.349269390106201172e-01,5.640299405440440751e+03,1.771236022180840564e+03,1.150373535156250000e+03
2.670116424560546875e-01,6.228390435555885233e+03,1.792744483041114108e+03,1.057090942382812045e+03
1.832053661346435547e-01,5.023226703168440508e+03,1.761734487088059723e+03,3.867383728027343750e+02
2.500219345092773438e-01,4.770691707090140881e+03,1.770302723358479398e+03,1.703984130859375000e+03
2.181963920593261719e-01,4.688791102801720626e+03,1.771588836022418263e+03,1.618462768554687955e+03
2.551934719085693359e-01,6.299705078777771632e+03,1.761331046199080220e+03,1.627451416015625000e+03
2.330257892608642578e-01,5.008164485494526161e+03,1.768851352751467175e+03,1.683253021240234091e+02
4.338669776916503906e-01,5.602423318704827579e+03,1.785123079143248106e+03,6.796578979492187500e+01
3.672721385955810547e-01,6.725553761978868351e+03,1.773334727828437508e+03,5.555640869140625000e+02
2.006208896636962891e-01,6.056450736035024420e+03,1.788481293473209007e+03,9.369992675781250000e+02
2.335953712463378906e-01,7.408288219945286073e+03,1.762572678173191207e+03,3.338339538574218750e+02
2.674367427825927734e-01,6.600787855970032979e+03,1.778779726504168366e+03,6.529788208007812500e+02
2.841734886169433594e-01,4.503488364434150753e+03,1.780803921807968209e+03,1.166945556640625000e+03
3.829402923583984375e-01,5.286646866951910852e+03,1.784834417028559528e+03,1.370754241943359091e+02
1.663365364074707031e-01,5.610198383984641623e+03,1.729150903659774485e+03,7.905099487304687500e+01
1.850292682647705078e-01,5.693938342606437800e+03,1.803858952682074460e+03,3.721810302734375000e+02
1.495215892791748047e-01,7.450511821922675153e+03,1.781538755167808176e+03,2.996379699707031250e+02
2.507574558258056641e-01,6.652784397625592646e+03,1.793587713861956217e+03,5.949069824218750000e+02
2.170033454895019531e-01,6.140965962027408750e+03,1.794278210570194005e+03,4.572752761840820312e+01
1.997992992401123047e-01,5.366708924762009701e+03,1.773204294969100829e+03,4.602186889648438068e+02
2.174935340881347656e-01,5.638528047308170244e+03,1.808984278444824668e+03,2.666828857421875000e+03
2.511661052703857422e-01,4.968492553757620044e+03,1.776405641798904298e+03,7.038957214355468750e+01
1.170456409454345703e-01,5.918266976557178168e+03,1.781545824824048623e+03,3.635816650390625000e+02
1.653754711151123047e-01,6.242112795443959840e+03,1.793763393897659853e+03,2.347542480468750000e+03
3.005216121673583984e-01,5.931044386114055669e+03,1.780395492563702874e+03,1.371291137695312045e+03
1.483352184295654297e-01,5.902903448416623178e+03,1.791235291864491273e+03,4.185799560546875000e+02
2.405648231506347656e-01,6.359200042780190415e+03,1.779875255391516930e+03,2.941431045532227007e+00
2.826740741729736328e-01,6.169410371052934352e+03,1.780604091097373612e+03,8.308226318359375000e+02
2.023115158081054688e-01,6.644027931444716160e+03,1.775330811482520176e+03,2.074670654296875000e+03
2.337694168090820312e-01,5.884402711173175703e+03,1.785135382607935753e+03,6.809160766601562500e+02
3.333544731140136719e-01,4.677674808198984465e+03,1.786130868699186976e+03,1.092491302490233949e+02
1.493172645568847656e-01,6.259730357636302870e+03,1.775825838795425398e+03,2.626922607421875000e+02
2.668597698211669922e-01,6.236667813771799956e+03,1.792367768475683079e+03,6.775081787109375000e+02
2.495853900909423828e-01,4.637648274852839677e+03,1.788371894363298452e+03,8.405847778320312500e+02
2.181828022003173828e-01,4.907909405121275995e+03,1.756429427030693205e+03,1.277369140625000000e+03
3.345036506652832031e-01,5.311309482685758667e+03,1.761769464082280820e+03,1.277991821289062045e+03
2.335691452026367188e-01,6.290757769370526148e+03,1.785059145920218270e+03,1.694208335876464844e+01
2.297728061676025391e-01,5.534228227976830567e+03,1.791282938428185162e+03,3.850243530273438068e+02
3.171563148498535156e-01,6.558317221524650449e+03,1.780793849413383668e+03,1.191494584083556907e+00
3.176968097686767578e-01,7.057582450395489104e+03,1.774759063478998769e+03,7.923641967773437500e+02
1.828577518463134766e-01,5.445771310132095095e+03,1.773035004717749416e+03,1.375692138671875000e+03
2.516729831695556641e-01,7.817450188867393990e+03,1.774639644912112544e+03,1.691292572021484091e+02
1.999244689941406250e-01,5.042107800545988539e+03,1.784725174546630569e+03,1.085125488281250000e+03
2.178504467010498047e-01,5.245922447572444980e+03,1.777492695534984932e+03,4.456853332519531250e+02
3.984358310699462891e-01,4.440502729675633418e+03,1.778250180688723958e+03,9.447052612304687500e+02
1.841733455657958984e-01,6.252403995470262998e+03,1.757919926527182270e+03,3.183094024658203125e+01
3.189573287963867188e-01,6.672769477340055346e+03,1.772814978303346152e+03,5.264692993164062500e+02
2.172822952270507812e-01,5.976419916220364030e+03,1.780707728551017453e+03,1.716707641601562045e+03
2.499294281005859375e-01,5.653254716695339084e+03,1.784509199184479030e+03,4.890142211914061932e+02
2.341175079345703125e-01,5.877048620672114339e+03,1.793334990330259870e+03,1.684239501953125000e+03
1.163737773895263672e-01,4.533220231846467868e+03,1.786422925362160640e+03,1.205404586791992045e+02
2.493383884429931641e-01,4.458418443061686048e+03,1.700964377710890631e+03,3.473969482421875000e+03
2.994055747985839844e-01,5.723420890075920397e+03,1.776132934471149611e+03,3.813451843261718750e+02
2.817380428314208984e-01,6.766289550925053845e+03,1.765516624219984351e+03,7.891890716552734375e+01
1.832368373870849609e-01,5.029759909198080095e+03,1.768849081281227882e+03,5.398488159179687500e+02
2.170541286468505859e-01,6.717291154514738992e+03,1.787152444259908407e+03,3.522372245788574219e+00
2.655408382415771484e-01,4.750552695248065902e+03,1.738213299366499086e+03,3.564381713867188068e+02
2.829723358154296875e-01,7.842752793775649479e+03,1.783054436450119965e+03,9.152945556640625000e+02
2.500405311584472656e-01,5.780004267507310033e+03,1.761746111791545673e+03,3.474451293945311932e+02
2.675244808197021484e-01,5.253026189668008556e+03,1.731876132166858952e+03,1.565819702148438068e+02
1.826002597808837891e-01,6.841260096133624756e+03,1.779103877554920473e+03,2.491296997070311932e+02
2.008757591247558594e-01,6.077568865158687913e+03,1.782088025091691179e+03,1.220478973388672017e+02
2.497389316558837891e-01,6.033651606982781232e+03,1.739557687203152909e+03,2.261948974609375000e+03
2.673285007476806641e-01,7.393107199679916448e+03,1.776449170274157950e+03,2.391800079345703125e+02
1.326143741607666016e-01,7.189702036675186719e+03,1.792085819961933566e+03,1.011576843261719034e+02
2.528796195983886719e-01,5.737823690531745342e+03,1.685697668084643283e+03,1.349937438964844034e+02
1.856060028076171875e-01,3.905516655050631925e+03,1.790115956731135384e+03,2.771405029296875000e+02
2.844617366790771484e-01,4.414589832850903804e+03,1.777707184319317776e+03,7.263191223144531250e+01
2.349519729614257812e-01,5.995917997670516343e+03,1.779384890113122083e+03,9.533262329101562500e+02
2.831552028656005859e-01,4.869073767581930952e+03,1.779200472138757505e+03,8.304082641601562500e+02
2.343032360076904297e-01,6.920006890865624882e+03,1.776730646893036464e+03,2.025365295410155966e+02
1.660251617431640625e-01,4.736363152010959311e+03,1.779515215001156093e+03,3.941169128417968750e+02
4.001412391662597656e-01,6.497978678915736054e+03,1.781290698134415379e+03,4.708521118164061932e+02
2.010607719421386719e-01,5.324431558545973530e+03,1.784726225649442540e+03,3.025626220703125000e+02
1.813290119171142578e-01,5.421646803273772093e+03,1.775879615801787850e+03,7.204807739257812500e+02
2.830092906951904297e-01,5.078870262766205087e+03,1.774469820728954573e+03,1.858207397460937955e+03
3.002080917358398438e-01,6.978261871306342073e+03,1.768347332626144180e+03,4.649189376831054688e+01
2.403960227966308594e-01,6.384589358517082474e+03,1.761614433871301799e+03,1.054893951416016051e+02
2.518045902252197266e-01,5.191367552761664228e+03,1.669118397779249335e+03,3.042965087890625000e+02
2.679009437561035156e-01,4.860771563934188634e+03,1.790692644034077375e+03,2.688944580078125000e+03
1.227204799652099609e-01,5.836486971011044261e+03,1.782862622719798765e+03,2.914960937500000000e+02
2.506320476531982422e-01,6.641111176993020308e+03,1.790847278525037837e+03,9.541428833007812500e+02
2.165141105651855469e-01,6.444444309761027398e+03,1.801357879059089555e+03,4.761012878417968750e+02
1.832096576690673828e-01,6.607102769000731314e+03,1.778343212619693986e+03,2.879750671386718750e+02
1.159937381744384766e-01,5.806475149764135494e+03,1.749961260313473076e+03,1.966556091308594034e+02
1.849446296691894531e-01,4.639034121962909921e+03,1.774255670899899087e+03,1.136929016113280966e+02
2.495582103729248047e-01,6.465076544534577806e+03,1.772200464351203891e+03,1.619620727539062045e+03
2.511348724365234375e-01,4.900111389173878706e+03,1.786015151707788164e+03,1.308117980957030966e+02
2.010099887847900391e-01,7.362393761223864203e+03,1.788864163784875700e+03,1.607368316650390909e+02
2.849736213684082031e-01,4.756104655604050095e+03,1.773725933927129972e+03,2.448306884765625000e+03
3.171305656433105469e-01,5.840366783837544062e+03,1.784277464795244441e+03,8.766651916503906250e+01
1.505453586578369141e-01,7.235406260174395356e+03,1.770199466227015137e+03,1.930584259033203125e+02
1.326367855072021484e-01,5.619383068372000707e+03,1.778083864063857845e+03,2.064466796875000000e+03
1.839554309844970703e-01,6.278545806012446519e+03,1.767436583107382603e+03,5.041855468750000000e+02
2.188179492950439453e-01,4.648653307173525718e+03,1.697684109379972369e+03,9.498872680664062500e+02
2.176749706268310547e-01,5.850226549944226463e+03,1.781389441428356349e+03,1.458640289306640909e+02
3.171658515930175781e-01,5.938277717636241505e+03,1.773205228787639953e+03,1.175187911987304972e+02
1.810226440429687500e-01,6.562175828419721256e+03,1.776883634684821573e+03,1.519883422851562045e+03
2.015578746795654297e-01,5.729287061752318550e+03,1.785735145479134189e+03,5.987157592773437500e+02
1.339991092681884766e-01,5.185038444666891337e+03,1.735843974995200824e+03,3.159435729980468750e+02
2.325222492218017578e-01,5.374623221107847712e+03,1.771326872093989778e+03,2.857889404296875000e+02
2.180109024047851562e-01,6.824175982767865207e+03,1.773717862065621375e+03,2.678897399902343750e+02
2.994549274444580078e-01,4.589218673883547126e+03,1.775420391671292236e+03,1.112403076171875000e+03
2.663178443908691406e-01,6.428243802352521925e+03,1.795899146275488874e+03,5.372510375976562500e+02
4.040381908416748047e-01,7.271927351768525114e+03,1.784337901163956076e+03,9.089979248046875000e+02
2.517054080963134766e-01,4.745856209688025046e+03,1.714413028654616028e+03,6.199185791015625000e+02
2.168276309967041016e-01,4.216768061211552777e+03,1.315958905257680044e+03,-1.629654312133789062e+01
5.843787193298339844e-01,5.388189915713804112e+03,1.771069669347550644e+03,1.228928588867187955e+03
2.674839496612548828e-01,4.566978733204883611e+03,1.766912867064174861e+03,3.507664794921875000e+02
2.352805137634277344e-01,5.147957892518514200e+03,1.786718132554001158e+03,2.484659667968750000e+03
2.511453628540039062e-01,5.520637149605538980e+03,1.768685447527402175e+03,6.478364257812500000e+02
2.517831325531005859e-01,5.451185943966486775e+03,1.791864722042574158e+03,1.896654296875000000e+03
1.510403156280517578e-01,4.814417829815718505e+03,1.765299179576471261e+03,7.851949462890625000e+02
2.517762184143066406e-01,6.021142033264829479e+03,1.769283322042475220e+03,2.145458030700683949e+01
3.687977790832519531e-01,5.120459324692740665e+03,1.708463707781050744e+03,1.408387695312500000e+03
2.166893482208251953e-01,5.310937566336011514e+03,1.664263204471941208e+03,5.064122772216796875e+01
1.848795413970947266e-01,6.522684044284185802e+03,1.789032371309823930e+03,2.694992675781250000e+02
1.682960987091064453e-01,6.066650219672742423e+03,1.791900163975034275e+03,2.970800170898438068e+02
3.013048171997070312e-01,5.720606918325931474e+03,1.783494316179161842e+03,7.243160400390625000e+02
2.174026966094970703e-01,5.508596234788039510e+03,1.762580213212272611e+03,5.898410034179687500e+02
1.845242977142333984e-01,5.792648665708880799e+03,1.769000353288159886e+03,1.874060302734375000e+03
1.841208934783935547e-01,5.967076729500426154e+03,1.774716007543380329e+03,7.815942993164062500e+02
1.003265380859375000e-01,5.579479727405979247e+03,1.765684147372096731e+03,3.838249206542968750e+02
2.179486751556396484e-01,4.976835930691268004e+03,1.791208160926217033e+03,7.700960693359375000e+02
1.839816570281982422e-01,5.645781334474538198e+03,1.790340933503342967e+03,2.244663574218750000e+03
2.850723266601562500e-01,4.324624137352422622e+03,1.614946839354028270e+03,-2.605884313583374023e+00
2.344226837158203125e-01,7.157580939393426888e+03,1.770455459482852575e+03,1.940752563476562045e+03
2.480771541595458984e-01,7.543187292162772792e+03,1.792964551658541495e+03,1.245638183593750000e+03
1.998627185821533203e-01,6.672049525927620380e+03,1.774656792804271618e+03,1.209546264648437955e+03
2.965891361236572266e-01,7.018689599732500028e+03,1.764111854479643171e+03,2.340157958984375000e+03
2.671597003936767578e-01,6.511814562125829980e+03,1.786803334465312901e+03,4.428796997070311932e+02
1.828374862670898438e-01,4.772360514175670687e+03,1.776671297639943305e+03,1.323020141601562045e+03
2.004601955413818359e-01,5.150690497864899044e+03,1.774350337190670871e+03,8.937561798095703125e+01
3.663954734802246094e-01,4.471575242990078550e+03,1.821398888799206134e+03,5.409940795898437500e+02
1.659574508666992188e-01,5.496085536699994009e+03,1.817025732534168810e+03,1.720085083007812045e+03
2.349579334259033203e-01,4.561434360495594774e+03,1.815855526940131313e+03,7.025623168945312500e+02
3.000199794769287109e-01,5.284678901346335806e+03,1.791615926301218224e+03,1.743330322265625000e+03
2.016301155090332031e-01,4.742719271182651937e+03,1.684621319276092436e+03,1.516310272216796875e+02
2.577915191650390625e-01,5.664874680796133362e+03,1.801448177524782977e+03,3.689364624023438068e+02
1.846210956573486328e-01,6.333675970303377653e+03,1.786051099479196409e+03,1.185706787109375000e+03
1.154952049255371094e-01,5.254586682118023418e+03,1.782864353422157592e+03,1.182794189453125000e+03
2.020673751831054688e-01,4.940312804226031403e+03,1.773491957612990518e+03,6.165313720703125000e+02
2.149980068206787109e-01,5.066314683471126045e+03,1.773931466710363793e+03,2.008717498779296875e+02
2.849028110504150391e-01,7.064854228055564818e+03,1.781704697412086261e+03,1.154165649414062045e+03
2.505044937133789062e-01,6.757254671503284953e+03,1.756178058720294985e+03,3.285247497558593750e+02
2.351169586181640625e-01,6.280435536971281181e+03,1.749993219637065295e+03,3.344057373046875000e+03
2.517111301422119141e-01,7.268791847958428662e+03,1.780579373698446943e+03,3.624566040039061932e+02
2.184855937957763672e-01,5.631865401126610777e+03,1.735151885249448242e+03,2.455518493652344034e+02
2.018449306488037109e-01,5.837713973051304492e+03,1.786322307047256572e+03,7.249576416015625000e+02
2.664849758148193359e-01,7.073179644437173010e+03,1.786041757130114775e+03,7.621762847900390625e+01
2.339341640472412109e-01,5.922207694843005811e+03,1.784293853914365400e+03,5.183049316406250000e+02
2.017364501953125000e-01,5.052478660704146932e+03,1.779686659569119001e+03,1.997695312500000000e+03
1.687934398651123047e-01,4.241454109471141237e+03,1.763206282129186320e+03,7.605961914062500000e+02
2.354531288146972656e-01,4.767535117791802804e+03,1.773336984890554731e+03,1.279626007080077983e+02
2.504844665527343750e-01,4.662181246548369018e+03,1.792667489020063613e+03,4.342634887695311932e+02
2.673850059509277344e-01,5.823434768229268229e+03,1.786560286869700349e+03,1.248217407226562045e+03
3.173987865447998047e-01,5.720507694548226937e+03,1.782675779081944484e+03,1.615269851684569957e+01
4.093983173370361328e-01,6.964602852746312237e+03,1.772877881871614363e+03,1.552249267578125000e+03
2.013576030731201172e-01,4.811184612818583446e+03,1.776108106828021619e+03,7.964791870117187500e+02
4.690296649932861328e-01,5.664492261609246270e+03,1.773972693215351455e+03,8.411512451171875000e+02
2.017674446105957031e-01,4.689802085396542680e+03,1.775404269170410771e+03,2.164876861572265909e+02
2.855763435363769531e-01,5.066488445444509125e+03,1.797327141427774905e+03,1.521482696533203125e+02
1.994223594665527344e-01,6.526550637247117265e+03,1.783819977957803758e+03,2.715307922363281250e+02
2.352252006530761719e-01,6.231058400638487910e+03,1.794262062467975056e+03,8.737310180664062500e+02
2.172358036041259766e-01,5.450143696117131185e+03,1.765414901694375203e+03,2.640899353027343750e+02
1.993820667266845703e-01,4.852347504432649657e+03,1.788754084319993808e+03,5.856820297241210938e+01
3.002085685729980469e-01,4.425766400817664362e+03,1.785193300554641837e+03,1.367579956054687955e+03
3.185842037200927734e-01,6.321016967235723314e+03,1.778117119683397277e+03,1.959075775146484091e+02
2.487397193908691406e-01,2.383581493640383542e+03,1.796101333784087046e+03,5.915283203125000000e+02
2.181413173675537109e-01,6.188986274286354273e+03,1.788930059558036191e+03,1.922166015625000000e+03
2.343020439147949219e-01,4.867672542981135848e+03,1.780037934078639864e+03,5.131092071533203125e+01
2.502224445343017578e-01,5.044816893079610963e+03,1.785494518690118866e+03,5.020886230468750000e+02
3.173952102661132812e-01,4.857331000444062738e+03,1.768862761815031263e+03,1.430194335937500000e+03
2.682175636291503906e-01,5.148432050754054217e+03,1.781693645855102659e+03,4.576856689453125000e+02
2.167413234710693359e-01,6.158839568543367932e+03,1.720614482899133009e+03,1.864188476562500000e+03
4.521377086639404297e-01,5.656121192945579423e+03,1.786676469539179379e+03,9.020260620117187500e+02
1.848807334899902344e-01,5.027380036613441007e+03,1.770216812790030644e+03,1.497381744384765909e+02
2.003493309020996094e-01,5.058837454494009762e+03,1.776755700291017774e+03,5.318957519531250000e+02
1.837763786315917969e-01,7.765053884872422714e+03,1.780600978497997176e+03,6.556442260742187500e+01
1.990463733673095703e-01,7.222085499395783700e+03,1.791116345340567932e+03,2.664909973144531250e+02
2.165648937225341797e-01,5.952467011386907870e+03,1.764838935209175588e+03,1.142579711914062045e+03
4.347031116485595703e-01,4.984595514086539879e+03,1.775584623824332766e+03,2.970097351074218750e+02
1.982235908508300781e-01,5.393969575691659884e+03,1.782153343975148346e+03,4.024753417968750000e+02
3.335905075073242188e-01,4.772966662439090214e+03,1.776499834690619309e+03,4.134582824707031250e+02
3.340761661529541016e-01,6.748945051615130069e+03,1.756521538777928527e+03,8.178476562500000000e+02
2.846796512603759766e-01,5.499153608368233108e+03,1.786900924998946039e+03,2.638743896484375000e+02
2.844991683959960938e-01,6.308173100342532962e+03,1.773363369593486595e+03,1.952811035156250000e+03
2.352161407470703125e-01,5.537022422328512221e+03,1.764193527433716781e+03,2.718077697753906250e+02
1.837592124938964844e-01,4.725189417106241308e+03,1.789756676993763222e+03,4.762955932617188068e+02
2.842948436737060547e-01,6.158124109033221430e+03,1.771149710455449167e+03,9.956328392028808594e+00
3.337800502777099609e-01,4.920706929683386988e+03,1.774254138661814522e+03,4.099085388183593750e+02
1.674921512603759766e-01,4.725475566969253123e+03,1.788019222189087486e+03,1.304800292968750000e+03
2.680139541625976562e-01,5.725272620274625297e+03,1.790437482771853411e+03,8.696965789794921875e+01
2.185676097869873047e-01,6.679946208649553228e+03,1.786552150435771182e+03,1.479594726562500000e+03
1.771171092987060547e-01,5.802000187648488463e+03,1.740978618325607385e+03,1.480609130859375000e+03
1.848366260528564453e-01,4.500982723080246615e+03,1.795224896170411512e+03,3.233313964843750000e+03
3.347339630126953125e-01,7.604855100776592735e+03,1.774175894149836495e+03,1.881418334960937955e+03
2.507288455963134766e-01,7.073479531629241137e+03,1.758262660121727777e+03,1.190863403320312045e+03
2.006425857543945312e-01,6.313477275335943887e+03,1.731293870927849184e+03,1.396694091796875000e+03
2.016835212707519531e-01,8.122885051922169623e+03,1.783824151861679411e+03,7.837474975585937500e+02
2.009422779083251953e-01,4.652245986635559348e+03,1.724384837997491104e+03,8.150766601562500000e+02
1.850919723510742188e-01,5.193306316547215829e+03,1.792578757902121652e+03,1.231914062500000000e+02
1.839344501495361328e-01,6.400250335451560204e+03,1.795887492210403025e+03,7.876154785156250000e+02
2.180228233337402344e-01,6.123529766583485070e+03,1.779036640964079652e+03,2.846681518554688068e+02
2.667543888092041016e-01,7.151906845285484451e+03,1.780548379834541038e+03,1.772955932617188068e+02
2.667179107666015625e-01,5.421999737723617727e+03,1.779773256595462954e+03,9.654460906982421875e+01
2.170166969299316406e-01,5.239711349548308135e+03,1.791528014160961902e+03,2.353743652343750000e+03
2.181117534637451172e-01,6.814437890221245652e+03,1.789582943387986916e+03,1.483197998046875000e+03
1.511299610137939453e-01,6.948409876119492765e+03,1.771492211787110136e+03,1.008427352905273011e+02
2.505295276641845703e-01,5.948931002465263191e+03,1.785477371114556718e+03,3.965248107910156250e+02
2.184836864471435547e-01,4.303720421602050010e+03,1.759661038232500914e+03,3.396738586425781250e+02
2.003638744354248047e-01,4.148553483031200813e+03,1.763408640091480493e+03,4.282168884277343750e+02
2.340726852416992188e-01,6.082599720675656499e+03,1.718253426569786143e+03,3.095269287109375000e+03
2.504298686981201172e-01,6.052920919925763883e+03,1.795146014074652385e+03,7.276312866210937500e+02
2.164206504821777344e-01,5.582012394520201269e+03,1.777746552856184962e+03,2.786535339355468750e+02
2.179894447326660156e-01,5.230311425054080246e+03,1.826442946362086332e+03,1.405045288085937955e+03
2.672231197357177734e-01,6.495107180356284516e+03,1.770257220483894798e+03,1.769681152343750000e+03
3.172521591186523438e-01,7.443365739218205817e+03,1.780187204340473500e+03,9.029843139648437500e+02
2.191498279571533203e-01,4.879816955874756786e+03,1.787846722281263283e+03,2.819250793457031250e+02
1.664896011352539062e-01,4.936868079802357897e+03,1.774959611615391623e+03,7.328178710937500000e+02
2.013256549835205078e-01,5.076719123806490643e+03,1.781728581813580149e+03,7.142862548828125000e+02
1.694447994232177734e-01,5.176090269606573202e+03,1.785229714805529966e+03,3.060851135253906250e+02
3.679428100585937500e-01,7.120065943939312092e+03,1.793180297325878882e+03,2.425640563964844034e+02
3.018150329589843750e-01,5.556705849265195866e+03,1.782297203887782189e+03,8.717109985351562500e+02
2.331132888793945312e-01,4.743213903820325868e+03,1.782703045429176427e+03,6.855047607421875000e+02
1.662120819091796875e-01,4.832291821964453447e+03,1.772572429091306503e+03,7.308172607421875000e+02
3.009538650512695312e-01,3.965942235071088817e+03,1.770187626294128677e+03,3.325995483398438068e+02
2.165765762329101562e-01,5.749456931214371252e+03,1.789803029270727393e+03,3.041072387695311932e+02
2.521426677703857422e-01,4.696929854905710272e+03,1.780031608291354132e+03,1.212913940429687955e+03
2.517194747924804688e-01,4.220861593900847765e+03,1.793304399800677857e+03,1.915324584960937955e+03
3.172032833099365234e-01,6.499671038387128647e+03,1.765089704830740857e+03,1.375458618164062045e+03
1.848478317260742188e-01,5.526007061732710099e+03,1.795933577204522862e+03,8.177146606445312500e+02
1.999211311340332031e-01,5.683382262320998962e+03,1.701213032680640026e+03,1.206190063476562045e+03
2.017703056335449219e-01,6.642688269488731748e+03,1.796358591246616925e+03,8.521196289062500000e+02
2.490179538726806641e-01,5.797303568831568555e+03,1.772033800792129796e+03,2.359683036804198863e+01
2.282276153564453125e-01,4.816706706228072107e+03,1.763697469875294473e+03,4.082071228027343750e+02
2.349379062652587891e-01,5.938133653322728605e+03,1.792068174630547901e+03,2.108348388671875000e+02
2.339134216308593750e-01,6.624515870014574830e+03,1.721006644059711789e+03,2.572032775878906250e+02
2.671570777893066406e-01,6.749664584076504070e+03,1.731582219273569763e+03,8.975266723632812500e+02
3.158695697784423828e-01,5.683151085915787917e+03,1.790384936041575884e+03,1.443654052734375000e+03
2.351751327514648438e-01,4.840856259393032815e+03,1.786228043604057575e+03,9.004588012695312500e+02
2.015686035156250000e-01,4.862244036145587415e+03,1.777737010388414319e+03,3.186733703613281250e+02
1.154835224151611328e-01,5.576503987049577518e+03,1.793014836394368331e+03,2.261917572021484091e+02
2.843339443206787109e-01,5.904464143510291251e+03,1.778305539515205510e+03,1.898392791748046875e+02
1.662600040435791016e-01,5.405747478340171256e+03,1.719424876017751558e+03,2.097293243408203125e+02
1.510593891143798828e-01,5.523081364644507630e+03,1.651926825496027959e+03,0.000000000000000000e+00
1.830894947052001953e-01,5.495529045725035758e+03,1.774280264984068481e+03,9.986650390625000000e+02
2.680182456970214844e-01,5.143934100801734530e+03,1.749082722554919201e+03,5.847919311523437500e+02
2.021009922027587891e-01,6.358827280073864131e+03,1.795831512235298305e+03,9.560056152343750000e+02
2.511658668518066406e-01,4.975232779975643098e+03,1.777844668922793744e+03,2.194206390380859091e+02
2.517619132995605469e-01,6.764557657294943965e+03,1.778863598658282854e+03,2.081841552734375000e+03
1.178874969482421875e-01,5.966781240703901858e+03,1.707150896674256956e+03,2.308839843750000000e+03
2.667844295501708984e-01,5.729748350195231978e+03,1.755521120619476278e+03,7.927112579345703125e+01
2.673203945159912109e-01,6.323592361288538086e+03,1.781760952484942891e+03,1.877470581054687955e+03
3.824980258941650391e-01,6.456431161400571000e+03,1.794586966127445748e+03,7.331951904296875000e+02
2.505013942718505859e-01,6.449254457347470634e+03,1.671861476769560340e+03,1.140384765625000000e+03
3.854355812072753906e-01,5.228078106062275765e+03,1.758777126002130899e+03,1.424880371093750000e+02
3.015968799591064453e-01,5.811739599101937529e+03,1.775012998269861100e+03,1.629323364257812045e+03
2.004625797271728516e-01,5.661514823405635070e+03,1.784921778590082567e+03,2.234151367187500000e+03
2.835397720336914062e-01,4.868413437153257291e+03,1.751920513719447172e+03,2.303519287109375000e+03
2.005059719085693359e-01,4.921417095319683540e+03,1.777714562528294664e+03,3.860112915039061932e+02
1.513571739196777344e-01,6.677185431163899011e+03,1.777402619424082786e+03,2.255490570068359091e+02
2.447743415832519531e-01,6.398289825467292758e+03,1.822847290591167393e+03,1.810587921142578125e+02
2.334504127502441406e-01,6.735177529152011630e+03,1.774278992411764420e+03,5.721864624023437500e+02
1.146566867828369141e-01,4.831457600713974898e+03,1.791456049138163280e+03,1.476702117919921875e+02
2.172813415527343750e-01,5.747447908856687718e+03,1.785142585997292827e+03,6.511716461181640625e+01
2.024722099304199219e-01,4.661216567319430396e+03,1.772811192822856810e+03,2.871318115234375000e+03
2.504067420959472656e-01,6.053383656212699861e+03,1.780201296118722212e+03,8.350000000000000000e+02
2.170855998992919922e-01,6.251873215956869899e+03,1.772160745162806734e+03,1.268384277343750000e+03
2.834229469299316406e-01,6.036762701519494840e+03,1.789329154786187019e+03,7.457211303710937500e+02
2.504985332489013672e-01,6.116133056476337515e+03,1.775975392207891218e+03,6.813579101562500000e+02
3.679704666137695312e-01,6.505129911159649055e+03,1.776689318143673972e+03,2.997773437500000000e+02
3.006021976470947266e-01,4.305139707406196976e+03,1.719972797230050901e+03,2.085080322265625000e+03
2.337119579315185547e-01,4.633422014196464261e+03,1.733830316860950688e+03,4.589574890136718750e+02
2.348089218139648438e-01,4.391699732899402079e+03,1.750458871769979396e+03,1.873730957031250000e+03
3.506355285644531250e-01,4.719292447246412848e+03,1.776386585745600996e+03,2.523866119384765909e+02
2.179760932922363281e-01,4.730830438707137546e+03,1.783035788267453654e+03,4.985563049316406250e+02
2.334077358245849609e-01,6.465744732640655457e+03,1.775813741368951241e+03,2.041473266601562045e+03
2.177894115447998047e-01,4.971065599643181486e+03,1.757450118565769344e+03,9.589963989257812500e+02
2.681634426116943359e-01,5.859532515435258574e+03,1.795487248274275544e+03,1.053515747070312045e+03
1.835319995880126953e-01,5.113009763328848749e+03,1.793117801599268205e+03,2.343972015380859091e+02
2.017650604248046875e-01,6.711872470565579533e+03,1.791229309752767222e+03,1.430290161132812045e+03
1.851644515991210938e-01,4.210165121178200934e+03,1.746037133467287276e+03,2.222387695312500000e+02
1.332771778106689453e-01,6.143238938985450659e+03,1.787440196185215882e+03,3.773866882324218750e+02
3.339619636535644531e-01,5.456650904207594976e+03,1.791277882478179208e+03,6.636444091796875000e+01
2.665488719940185547e-01,5.632183954933550922e+03,1.776156643696272795e+03,1.577520874023437955e+03
2.500019073486328125e-01,6.588661252563731978e+03,1.758013342033805657e+03,1.652393493652344034e+02
2.910699844360351562e-01,7.302191925293996974e+03,1.782854152816125861e+03,2.536640167236328125e+00
2.510344982147216797e-01,6.621741800852099004e+03,1.776411655474389363e+03,1.829354858398438068e+02
1.847748756408691406e-01,5.638113457180830665e+03,1.666973691947982843e+03,2.317117004394530966e+02
3.519241809844970703e-01,6.331392962863633329e+03,1.780150498788687173e+03,3.299619445800781250e+02
2.013554573059082031e-01,6.013416243901081543e+03,1.789792458414518933e+03,1.401848266601562045e+03
1.853206157684326172e-01,6.847996202080443254e+03,1.773906700575375453e+03,3.901138610839843750e+02
1.495168209075927734e-01,6.810440867709828126e+03,1.797498730232866365e+03,3.129069824218750000e+03
2.002749443054199219e-01,6.815414547578765450e+03,1.778215615780216922e+03,1.926766723632812045e+03
2.672500610351562500e-01,7.473322010061443507e+03,1.774664847231639669e+03,2.701770019531250000e+03
4.183588027954101562e-01,6.461909667988802539e+03,1.753937579873167351e+03,2.736378906250000000e+03
2.515826225280761719e-01,5.300220323046133672e+03,1.778240528466001024e+03,1.463212402343750000e+03
1.985161304473876953e-01,6.666163882582064616e+03,1.771210244244554815e+03,1.490072479248046875e+02
2.175157070159912109e-01,5.881536839707962827e+03,1.776254714481968449e+03,5.201892700195312500e+02
2.030787467956542969e-01,6.149107238362950739e+03,1.780785085214550691e+03,2.379274139404296875e+02
2.841987609863281250e-01,5.917127114007994351e+03,1.784375199879684942e+03,2.223084831237792969e+01
2.478435039520263672e-01,6.436193204451722522e+03,1.769921631480656742e+03,-4.569999694824218750e+00
1.682353019714355469e-01,7.014162811758542375e+03,1.794517969712566355e+03,1.826760253906250000e+03
2.501099109649658203e-01,4.769029900191366323e+03,1.791288365003316585e+03,3.329433349609375000e+03
1.848101615905761719e-01,6.577471480812603659e+03,1.771177194715576206e+03,2.462635498046875000e+03
2.354876995086669922e-01,6.769075409681619931e+03,1.784540567543222551e+03,1.182378906250000000e+03
4.341523647308349609e-01,5.664500001582252480e+03,1.787116030573672106e+03,6.879954833984375000e+02
2.000763416290283203e-01,6.287174853584266202e+03,1.789789234328256725e+03,4.067384948730468750e+02
2.835826873779296875e-01,6.275046397622509176e+03,1.767016642673615706e+03,3.345253173828125000e+03
2.183573246002197266e-01,5.334446402006100470e+03,1.775728309613334659e+03,3.370813903808593750e+02
2.332308292388916016e-01,5.618034765484567288e+03,1.788083182990695377e+03,2.756986083984375000e+02
2.496685981750488281e-01,5.631759256813788852e+03,1.773660089407874466e+03,2.574462646484375000e+03
3.000507354736328125e-01,6.790419160086461488e+03,1.778005646534325933e+03,1.435379486083984091e+02
3.356013298034667969e-01,6.404537780368607855e+03,1.785960390717149266e+03,4.443538284301757812e+01
2.230253219604492188e-01,6.558756429300087802e+03,1.778326306486223984e+03,2.266600830078125000e+03
2.338151931762695312e-01,6.412663545619142496e+03,1.782195687213302335e+03,9.259904174804687500e+02
3.356802463531494141e-01,7.243153418462710761e+03,1.776214917467539863e+03,6.782102050781250000e+02
1.497247219085693359e-01,4.795914918343702084e+03,1.761660389610346101e+03,8.315377044677734375e+01
4.006505012512207031e-01,5.376035024458624321e+03,1.777061658748968739e+03,6.048027954101562500e+02
1.838572025299072266e-01,5.885530528317841345e+03,1.773007384969640725e+03,3.106834411621093750e+02
2.524895668029785156e-01,3.476191324125601113e+03,1.781486205816050642e+03,6.597521305084228516e-01
3.830819129943847656e-01,5.187004276114171262e+03,1.778642462630534510e+03,2.458399169921875000e+03
3.842375278472900391e-01,5.650211773939846353e+03,1.757595140164464510e+03,1.684183044433594034e+02
3.162431716918945312e-01,6.088764595550142076e+03,1.783953106237881002e+03,2.568179893493651988e+01
1.985576152801513672e-01,5.498023805313908269e+03,1.768035702320089513e+03,4.197041320800781250e+02
2.840335369110107422e-01,6.222445100125441058e+03,1.660005447468407283e+03,1.835303649902344034e+02
2.834703922271728516e-01,5.421188290493902059e+03,1.791958601194188759e+03,9.624861145019531250e+01
2.985713481903076172e-01,4.730894404283444601e+03,1.775649362786943129e+03,1.762164306640625000e+03
2.188541889190673828e-01,7.632222970558430461e+03,1.794558245758254998e+03,2.231852294921875000e+03
2.198381423950195312e-01,7.195265077003317856e+03,1.797152361355643961e+03,1.668670410156250000e+03
2.833871841430664062e-01,4.552204717030835127e+03,1.776420272543628698e+03,3.567262573242188068e+02
2.188923358917236328e-01,5.857011110966786873e+03,1.782933322021121739e+03,9.517998657226562500e+02
2.838618755340576172e-01,4.837059076359937535e+03,1.766025695763275507e+03,1.073855957031250000e+03
1.848509311676025391e-01,7.151495639312743151e+03,1.787232101078196592e+03,1.517031402587890909e+02
2.287504673004150391e-01,5.782366986938021910e+03,1.764126642859983576e+03,7.443096313476562500e+02
2.819459438323974609e-01,6.029504839385525884e+03,1.786950158924727930e+03,4.790409851074218750e+02
2.507121562957763672e-01,7.374770288817720939e+03,1.798105577232030100e+03,1.133353515625000000e+03
1.849057674407958984e-01,4.993736474944065776e+03,1.790961823150873897e+03,5.354573364257812500e+02
1.990692615509033203e-01,5.295420999518498320e+03,1.786349105899139886e+03,2.377099121093750000e+03
2.169637680053710938e-01,5.662135590918748676e+03,1.772537436554492160e+03,2.269628753662109091e+02
2.493228912353515625e-01,5.368765754089997245e+03,1.762987175372625188e+03,2.068719482421875000e+02
2.004587650299072266e-01,5.350007915581534689e+03,1.776213616090820778e+03,2.319534912109375000e+03
2.022571563720703125e-01,6.937532485478953276e+03,1.792026208752709863e+03,3.368788452148438068e+02
2.834081649780273438e-01,6.427749863825361899e+03,1.798349695422435843e+03,1.940533447265625000e+03
2.331490516662597656e-01,5.189065243626439951e+03,1.772992343590622340e+03,2.420959014892578125e+02
1.166813373565673828e-01,5.833188048277992493e+03,1.752188090227036128e+03,1.679890747070312045e+03
2.507352828979492188e-01,5.988344139533882299e+03,1.766259533348915511e+03,5.430653686523437500e+02
2.340679168701171875e-01,6.361060187750747900e+03,1.783490038853926990e+03,1.542739990234375000e+03
1.823940277099609375e-01,5.687346449494405533e+03,1.777309373161126814e+03,2.825842590332031250e+02
2.001583576202392578e-01,7.079966246091534231e+03,1.789828875539473984e+03,1.324941650390625000e+03
2.683005332946777344e-01,5.454119330546401216e+03,1.769618694845608388e+03,2.293574829101561932e+02
2.173552513122558594e-01,5.049392369184088238e+03,1.782587483788743384e+03,3.452183532714843750e+02
3.016114234924316406e-01,7.214400801036603298e+03,1.768524553320833093e+03,1.222563598632812045e+03
1.316440105438232422e-01,5.450431864223283810e+03,1.768376561661626738e+03,1.370878295898437955e+03
2.446789741516113281e-01,5.201834907179319998e+03,1.778087489518120719e+03,4.208172302246093750e+02
2.852132320404052734e-01,5.274419512382032735e+03,1.697668226530361608e+03,2.730788269042968750e+02
2.007110118865966797e-01,6.557958570054512165e+03,1.769334198367592762e+03,2.154785156250000000e+03
3.150575160980224609e-01,6.329040047930710898e+03,1.796592622455043966e+03,1.289346008300780966e+02
1.326611042022705078e-01,6.653052263792947997e+03,1.779124480385697325e+03,1.133174133300780966e+02
1.669104099273681641e-01,5.535339280168189362e+03,1.780856980354444886e+03,1.099111694335937955e+03
2.999296188354492188e-01,5.490896582758365184e+03,1.756709635566920724e+03,4.662041091918945312e+01
2.338252067565917969e-01,6.154924642288808172e+03,1.785705103043143254e+03,2.955934143066406250e+02
2.022399902343750000e-01,6.223163877311539181e+03,1.774368570376992693e+03,4.470340270996093750e+02
2.836112976074218750e-01,4.515569795593262825e+03,1.788719321030427409e+03,9.956699371337890625e+01
2.321572303771972656e-01,6.084414242716175067e+03,1.776095849411333575e+03,2.320963867187500000e+03
2.495579719543457031e-01,6.550373576280801899e+03,1.782151562249356402e+03,2.750671997070311932e+02
2.013752460479736328e-01,4.884169137652678728e+03,1.790624846091319114e+03,6.874454956054687500e+02
2.325611114501953125e-01,5.856473074647384237e+03,1.776814586370816642e+03,8.371771850585937500e+02
1.335363388061523438e-01,4.409117367658533112e+03,1.773562979611298942e+03,3.128033935546875000e+03
3.017694950103759766e-01,5.542959906338198380e+03,1.784801041072351836e+03,1.829020843505859091e+02
1.850962638854980469e-01,5.485717876984278519e+03,1.782544256889735834e+03,7.354428100585937500e+01
2.335209846496582031e-01,6.628024319225853105e+03,1.750021718737687024e+03,2.462830047607421875e+02
2.509377002716064453e-01,5.266143898279646237e+03,1.692910037386046724e+03,4.907446594238281250e+02
1.721072196960449219e-01,6.630312328408053872e+03,1.792436679157586468e+03,1.362779541015625000e+03
1.852841377258300781e-01,6.637945110597819621e+03,1.786538115919757956e+03,1.563554565429687955e+03
1.005027294158935547e-01,5.758672241896312698e+03,1.791792306189774763e+03,5.463452148437500000e+02
2.340495586395263672e-01,7.197232950094190528e+03,1.774984329185407887e+03,2.548562744140625000e+03
2.508890628814697266e-01,5.216810253570925852e+03,1.767646460632879780e+03,1.962102172851562045e+03
1.815106868743896484e-01,7.003247368301190363e+03,1.788722145332428454e+03,3.490576171875000000e+03
2.339501380920410156e-01,6.257670239407689223e+03,1.784724254832491397e+03,5.888729248046875000e+02
2.148761749267578125e-01,6.250176686753275135e+03,1.769787178275341148e+03,1.292618774414062045e+03
2.336225509643554688e-01,5.404016741044335504e+03,1.786385830582692734e+03,1.435564697265625000e+03
2.348937988281250000e-01,7.426341567568932987e+03,1.677536223540409082e+03,1.200475692749023011e+02
1.999902725219726562e-01,5.457086701252999774e+03,1.789989043910857845e+03,6.137578125000000000e+02
1.996228694915771484e-01,4.900806088185057888e+03,1.728201714281014347e+03,4.785363769531250000e+01
2.679021358489990234e-01,6.112601003996514919e+03,1.778063181000167560e+03,1.035206222534179972e+02
2.503371238708496094e-01,5.146532059647042843e+03,1.783081504548458497e+03,1.093773925781250000e+03
2.360775470733642578e-01,6.297255049166509707e+03,1.783450415527903033e+03,1.641292724609375000e+03
1.492147445678710938e-01,5.104073747216410084e+03,1.780409744543869920e+03,1.850198486328125000e+03
2.832369804382324219e-01,7.358772168021213474e+03,1.779637929582961988e+03,1.219496688842773011e+02
1.324696540832519531e-01,6.667178712755919150e+03,1.773437546725874427e+03,3.241970825195311932e+02
1.837151050567626953e-01,4.880246348921412391e+03,1.769661684654867713e+03,8.192909545898437500e+02
3.843803405761718750e-01,6.216805292928323070e+03,1.785185150275800879e+03,9.773664855957031250e+01
3.991723060607910156e-01,5.461438484948494079e+03,1.729690973279181208e+03,8.458195190429687500e+02
2.485353946685791016e-01,6.023518371089566244e+03,1.772356326898543784e+03,4.331858825683593750e+02
2.325468063354492188e-01,4.486645893145350783e+03,1.675190520443282594e+03,5.418975219726562500e+02
2.019431591033935547e-01,6.364303591015462189e+03,1.795516423927290816e+03,6.623675823211669922e-01
2.848973274230957031e-01,6.458666665825280688e+03,1.771372921805442047e+03,1.637310180664062045e+03
2.171926498413085938e-01,5.969080258567579222e+03,1.781600551097285006e+03,5.054944458007811932e+02
1.998338699340820312e-01,6.127532786735312584e+03,1.764491244561556186e+03,1.349739868164062045e+03
1.343131065368652344e-01,5.981526834459358724e+03,1.774418155111254009e+03,8.431162719726562500e+02
2.325456142425537109e-01,7.094228575471493969e+03,1.781319937783318892e+03,6.362267017364501953e+00
2.002482414245605469e-01,5.721315174291299627e+03,1.753933265493305726e+03,1.171108886718750000e+03
2.341253757476806641e-01,6.102518887857808295e+03,1.784338190091725210e+03,5.411078491210937500e+02
1.337018013000488281e-01,3.889747354608654859e+03,1.790633522248686631e+03,3.940000000000000000e+02
2.166740894317626953e-01,6.247206191552009841e+03,1.780041253828099570e+03,2.312695007324219034e+02
3.506720066070556641e-01,6.532953462210790349e+03,1.711592849850095035e+03,1.147099304199219034e+02
2.009460926055908203e-01,4.064773590961679020e+03,1.787833010217208994e+03,1.307720825195312045e+03
2.331988811492919922e-01,7.425451516811220245e+03,1.775811556044907093e+03,8.925070190429687500e+01
2.163183689117431641e-01,6.443772148803753225e+03,1.793532567142458447e+03,1.141081237792969034e+02
2.184460163116455078e-01,6.490297744523063557e+03,1.774284056740978258e+03,2.550066406250000000e+03
2.174417972564697266e-01,7.740698122976830746e+03,1.779379274215941223e+03,2.147184814453125000e+03
1.319279670715332031e-01,6.224212130521380459e+03,1.786730220985913320e+03,3.427436218261718750e+02
3.172545433044433594e-01,5.849654234520325190e+03,1.767422460755795100e+03,6.424061279296875000e+02
2.006828784942626953e-01,4.834551910786502049e+03,1.764672933983624944e+03,2.813194274902343750e+02
1.827530860900878906e-01,6.746105557856689302e+03,1.782035914903492539e+03,1.217068603515625000e+03
1.496992111206054688e-01,7.251785152804472091e+03,1.692861522510573423e+03,1.499492340087890909e+02
1.992592811584472656e-01,5.552672887372086734e+03,1.787198082031411104e+03,1.239321365356445028e+02
2.654659748077392578e-01,7.664347275452426402e+03,1.740509523478218171e+03,2.500747833251953125e+02
2.845368385314941406e-01,4.900698944743821812e+03,1.801192110038338114e+03,7.729387283325195312e+00
1.829373836517333984e-01,4.995120716748821906e+03,1.785532865226493868e+03,1.676537841796875000e+03
1.852157115936279297e-01,5.636459101410743642e+03,1.791956746827108645e+03,1.248746215820312045e+03
2.523009777069091797e-01,7.073296357571174667e+03,1.786023362198561017e+03,2.415073699951171875e+02
2.002339363098144531e-01,7.204499279833814398e+03,1.785120318773835379e+03,9.838008880615234375e+01
1.847639083862304688e-01,5.420596260523466299e+03,1.777935728653063734e+03,8.535408782958984375e+01
2.670707702636718750e-01,6.311653001180168758e+03,1.777212905631510694e+03,4.853276367187500000e+02
1.836853027343750000e-01,5.614067741935060440e+03,1.765718818399163865e+03,1.735862792968750000e+03
1.343617439270019531e-01,6.242524235590906756e+03,1.771877580554051292e+03,2.493153381347655966e+02
1.689858436584472656e-01,5.615213107666450014e+03,1.774869402225806652e+03,7.888314819335937500e+01
1.675863265991210938e-01,5.362995688450803755e+03,1.786798277432447549e+03,1.190338439941405966e+02
2.684946060180664062e-01,5.806812012880363000e+03,1.789542573320858310e+03,9.580643310546875000e+02
3.334875106811523438e-01,4.874958631216385584e+03,1.784256295962120475e+03,4.572531433105468750e+02
2.001323699951171875e-01,6.970560905366888619e+03,1.683028439084306456e+03,2.949155235290526988e+01
2.503459453582763672e-01,3.644269432013041751e+03,1.794718650559482512e+03,3.114280395507811932e+02
2.330470085144042969e-01,7.524901989905603841e+03,1.776884129580687841e+03,2.296841125488280966e+02
2.502086162567138672e-01,4.596304867199206456e+03,1.779952252233586250e+03,7.655192871093750000e+02
1.165449619293212891e-01,5.442119083945584862e+03,1.777803575146398771e+03,9.462396240234375000e+01
2.838358879089355469e-01,6.695140658320829061e+03,1.753153117894207753e+03,1.301690429687500000e+03
2.184743881225585938e-01,4.988646125587113602e+03,1.755285110235238790e+03,7.917015075683593750e+01
1.992199420928955078e-01,6.628343185134858686e+03,1.796310328230513733e+03,2.966519165039061932e+02
2.334921360015869141e-01,4.753492532156640664e+03,1.776463645526853270e+03,1.616962890625000000e+03
3.502101898193359375e-01,7.850720229350446061e+03,1.796111207490892639e+03,4.353099670410156250e+02
2.518823146820068359e-01,4.873962797175750893e+03,1.779534547237765310e+03,6.567652587890625000e+02
1.836516857147216797e-01,5.491475063851515188e+03,1.770386082418791830e+03,2.592337341308593750e+02
3.340349197387695312e-01,6.729886783897866735e+03,1.775338143976751326e+03,1.382998291015625000e+03
2.013251781463623047e-01,4.203435212803868126e+03,1.779049121780160021e+03,1.129932617187500000e+03
2.159354686737060547e-01,6.773457565419063030e+03,1.779528225027539065e+03,1.980724487304687955e+03
4.342246055603027344e-01,5.361550610975646123e+03,1.784734503127307335e+03,9.223412475585937500e+02
2.325835227966308594e-01,5.442987739052203324e+03,1.719552956522959221e+03,1.680879028320312045e+03
2.341897487640380859e-01,6.154297869357689706e+03,1.775649961039450091e+03,1.132666503906250000e+03
2.330739498138427734e-01,6.655032872086540010e+03,1.775509798852561289e+03,2.077423339843750000e+03
1.837947368621826172e-01,5.633956368532319175e+03,1.765145069809568440e+03,4.170637817382811932e+02
2.001097202301025391e-01,6.443610627904748071e+03,1.785444312991553943e+03,9.153894805908203125e+01
2.668352127075195312e-01,6.603511770834915296e+03,1.793701919223099139e+03,2.033704833984375000e+03
2.020015716552734375e-01,6.573631815401243330e+03,1.793420851025788352e+03,1.315661163330078125e+02
2.484602928161621094e-01,6.380945414639584669e+03,1.778029014571911603e+03,1.049703125000000000e+03
3.164978027343750000e-01,5.762512728147397866e+03,1.778498931136091414e+03,2.962098144531250000e+03
2.681350708007812500e-01,6.162156384798348881e+03,1.774496550879363667e+03,2.428963928222655966e+02
2.338337898254394531e-01,6.121365625467943573e+03,1.766484911834675131e+03,2.192311523437500000e+03
3.166742324829101562e-01,5.556195081215757455e+03,1.769946079712889741e+03,4.093860168457031250e+02
2.349319458007812500e-01,5.996244594394665000e+03,1.770439375311252434e+03,2.389385253906250000e+03
2.018744945526123047e-01,5.664912994146876372e+03,1.720395016143113025e+03,1.389752502441405966e+02
2.351732254028320312e-01,5.545072961244094586e+03,1.778822588285251186e+03,1.656773803710937955e+03
1.842744350433349609e-01,6.003337160265369675e+03,1.777076404512774388e+03,5.957796630859375000e+02
2.999353408813476562e-01,5.028044673226876512e+03,1.794357202350997113e+03,6.022999572753906250e+01
2.514064311981201172e-01,7.090980781551421387e+03,1.781470208597137798e+03,1.287665161132812045e+03
2.005014419555664062e-01,8.163582202180198692e+03,1.787375358926624585e+03,1.674958618164062045e+03
1.500477790832519531e-01,6.952907518193327633e+03,1.775634016442664006e+03,1.628257812500000000e+03
3.160169124603271484e-01,5.590243339062179984e+03,1.791328257956625748e+03,5.182891845703125000e+02
1.327476501464843750e-01,3.867886055866169499e+03,1.826672028351137271e+02,4.842316284179688068e+02
2.331664562225341797e-01,4.977852308454545891e+03,1.781495788575943834e+03,2.052566894531250000e+03
1.995394229888916016e-01,7.406810280153361418e+03,1.775216645599138246e+03,6.346437988281250000e+02
2.499506473541259766e-01,6.322296529723264939e+03,1.775652145965555974e+03,1.604786010742187955e+03
3.327863216400146484e-01,5.611768988073598848e+03,1.781681154094518206e+03,2.401043457031250000e+03
1.653573513031005859e-01,5.548407099839386319e+03,1.744884561458861299e+03,2.162593383789061932e+02
1.833953857421875000e-01,6.817724781701684151e+03,1.786064442102110888e+03,4.110507507324218750e+02
1.167831420898437500e-01,6.837734899513372511e+03,1.774161534058011966e+03,5.770708007812500000e+02
1.850192546844482422e-01,5.443007097915888153e+03,1.778673103080816190e+03,1.437546264648437955e+03
2.180092334747314453e-01,4.584014192088689924e+03,1.778282529443164549e+03,5.650998535156250000e+02
2.848632335662841797e-01,4.787916816110031505e+03,1.780444473259383585e+03,2.121616943359375000e+03
2.243165969848632812e-01,5.421120807981336839e+03,1.775114660122166697e+03,2.549624023437500000e+03
2.336962223052978516e-01,7.203907691282794985e+03,1.784985675688300262e+03,1.406766967773438068e+02
2.134797573089599609e-01,5.490101197664921528e+03,1.780413039529630169e+03,9.013608551025390625e+01
4.003529548645019531e-01,4.359758253369653175e+03,1.781768600096513410e+03,4.849472656250000000e+02
2.511782646179199219e-01,5.505670520886237682e+03,1.781149905780774134e+03,3.245025939941406250e+02
3.174324035644531250e-01,7.026431758816599540e+03,1.775715537179824878e+03,2.172679901123046875e+02
2.673947811126708984e-01,5.439568899337042239e+03,1.784605120474676824e+03,1.960615386962890909e+02
2.339119911193847656e-01,6.389521828008561897e+03,1.792317334515523271e+03,1.215090454101562045e+03
2.164916992187500000e-01,5.715029054410479148e+03,1.808270414653506123e+03,7.220000000000000000e+02
2.681272029876708984e-01,6.641924280202529189e+03,1.798658412683603046e+03,2.069723144531250000e+03
2.169480323791503906e-01,4.087352423103891397e+03,1.776468201635299465e+03,3.493235473632811932e+02
2.347066402435302734e-01,6.196248268783291678e+03,1.767039207561832882e+03,4.004282226562500000e+02
2.008481025695800781e-01,5.485749302713477846e+03,1.763096670654523905e+03,1.306391448974609091e+02
2.218432426452636719e-01,6.520175797935101400e+03,1.706335656292606245e+03,1.486910766601562045e+03
2.507486343383789062e-01,6.282346772442975634e+03,1.751647652647168798e+03,1.503366851806640909e+02
1.637344360351562500e-01,6.747223136504500872e+03,1.789078765294555296e+03,2.564027709960938068e+02
2.012376785278320312e-01,5.292394841092427669e+03,1.777902010431220788e+03,4.577108459472656250e+02
1.683952808380126953e-01,4.908555112298986387e+03,1.793352315698550001e+03,2.025022430419921875e+02
2.650856971740722656e-01,5.686283526719420479e+03,1.788395245437835683e+03,1.899920776367187955e+03
2.183055877685546875e-01,5.237210440475306314e+03,1.778350961371663743e+03,1.212926757812500000e+03
2.169523239135742188e-01,6.231329188031792000e+03,1.788783094355850380e+03,4.706754150390625000e+02
2.319536209106445312e-01,6.969803001782501269e+03,1.767058553033370799e+03,7.826101684570312500e+01
3.180720806121826172e-01,6.864393985297520885e+03,1.795231622871399622e+03,1.216393066406250000e+03
2.670695781707763672e-01,5.188997250046626505e+03,1.795235611058253426e+03,9.080397949218750000e+02
2.003142833709716797e-01,6.072363583301261315e+03,1.772636378281675434e+03,2.804008789062500000e+02
2.006042003631591797e-01,6.462273319632231505e+03,1.725105631518985547e+03,1.252274414062500000e+03
2.330231666564941406e-01,5.636789332184148407e+03,1.797902271585281142e+03,1.093327392578125000e+03
2.189788818359375000e-01,6.739976098234495112e+03,1.796585912179109300e+03,2.129129638671875000e+03
1.485750675201416016e-01,5.745149008942586988e+03,1.772105820060105088e+03,1.851929016113280966e+02
2.010285854339599609e-01,5.523652393539592595e+03,1.742386143912529178e+03,1.542608642578125000e+03
1.841776371002197266e-01,6.435092823949687954e+03,1.787443754463636196e+03,1.926922363281250000e+03
2.003264427185058594e-01,3.977556244523295391e+03,1.773531814343949463e+03,9.127835693359375000e+02
2.168023586273193359e-01,6.608768435939167830e+03,1.703922743378123869e+03,3.619719543457031250e+02
2.834682464599609375e-01,6.670956573468544775e+03,1.788195685976675804e+03,4.823621215820311932e+02
3.348975181579589844e-01,5.927177719095687280e+03,1.746245531468202898e+03,1.578969421386719034e+02
2.672812938690185547e-01,4.805287349963498855e+03,1.786086127579889535e+03,1.867021972656250000e+03
2.154972553253173828e-01,7.689296970793033324e+03,1.792183484940119342e+03,1.110228195190429972e+02
2.502691745758056641e-01,7.416581372361115427e+03,1.764676504955187511e+03,1.651197052001953125e+02
3.345785140991210938e-01,5.324929087205688120e+03,1.781916720050239746e+03,2.111920471191405966e+02
3.341867923736572266e-01,6.607335242640494471e+03,1.774357505749108668e+03,3.434429550170897727e+01
1.843781471252441406e-01,7.475901411163403282e+03,1.784198753942541543e+03,8.245689697265625000e+02
2.009732723236083984e-01,5.136956005723273847e+03,1.712678905425371113e+03,1.322945800781250000e+03
2.340767383575439453e-01,7.225346289689436162e+03,1.768992582542645778e+03,1.216655120849608949e+02
1.998834609985351562e-01,5.404160310024788487e+03,1.777846103067095328e+03,1.957586364746094034e+02
2.174463272094726562e-01,5.892126727221004330e+03,1.785263580077598817e+03,4.509015502929688068e+02
2.349772453308105469e-01,6.178013375858903601e+03,1.771509298907339826e+03,7.385297393798828125e+01
2.167429924011230469e-01,4.664402893344360564e+03,1.758381721255727598e+03,2.905011291503906250e+02
1.514966487884521484e-01,5.010202184291229059e+03,1.780929142959218098e+03,8.980062255859375000e+02
1.661865711212158203e-01,6.343098934393608943e+03,1.763656257672512993e+03,3.165162353515625000e+02
2.004313468933105469e-01,6.326942131435265765e+03,1.773005621484207950e+03,1.083114318847655966e+02
2.503106594085693359e-01,5.119346352649266919e+03,1.783661357837746209e+03,1.688818359375000000e+03
2.831146717071533203e-01,7.391065633986676403e+03,1.789482127306229359e+03,1.255894012451172017e+02
2.157740592956542969e-01,6.473209866201773366e+03,1.781736281526659468e+03,1.137703125000000000e+03
1.498560905456542969e-01,6.496186046494942275e+03,1.799841773601101295e+03,2.592054443359375000e+02
3.006160259246826172e-01,6.237029360867581090e+03,1.783753434393247289e+03,1.919440429687500000e+03
2.509889602661132812e-01,5.953987132882269179e+03,1.774405427492552462e+03,3.504696655273438211e+01
2.380619049072265625e-01,6.223901272363549651e+03,1.787134948642029713e+03,4.355751037597656250e+01
1.856815814971923828e-01,6.034904089369652866e+03,1.802583583384942813e+03,1.926950988769530966e+02
2.018101215362548828e-01,6.095842408717809121e+03,1.780239912395027432e+03,3.823931274414061932e+02
2.014954090118408203e-01,5.997008585430226049e+03,1.777796326567789492e+03,5.526504516601562500e+02
2.674033641815185547e-01,6.880411365217352795e+03,1.775401382753853568e+03,4.499924621582031250e+02
1.492197513580322266e-01,6.742594843026614399e+03,1.766965564696276715e+03,3.155348205566406250e+02
1.491703987121582031e-01,6.082311544424309432e+03,1.790548483663905927e+03,4.164460144042968750e+02
2.493450641632080078e-01,6.390497190760041121e+03,1.775920100302330411e+03,2.124546386718750000e+03
2.183911800384521484e-01,7.076137768679042892e+03,1.777165900397548285e+03,7.037714843750000000e+02
1.779267787933349609e-01,5.055710299974063673e+03,1.772923752951450979e+03,3.159514770507811932e+02
1.681909561157226562e-01,5.943136710811098965e+03,1.768871512304853013e+03,2.622155456542968750e+02
1.510026454925537109e-01,5.341627065805667371e+03,1.768738947787647021e+03,2.206359863281250000e+02
2.334768772125244141e-01,5.111574500003525827e+03,1.760395472895608009e+03,5.402697753906250000e+02
2.327430248260498047e-01,6.191343986995884734e+03,1.786653136993050111e+03,3.636695556640625000e+02
2.018826007843017578e-01,6.189576850127228681e+03,1.762067951660088966e+03,7.019377136230468750e+01
1.669249534606933594e-01,5.127628583489917219e+03,1.780398342941149622e+03,1.229085571289062045e+03
2.690389156341552734e-01,4.725448975457327833e+03,1.798446923655385717e+03,9.130805206298828125e+01
1.851544380187988281e-01,6.696534561927478535e+03,1.778273816033947242e+03,2.510669921875000000e+03
2.006621360778808594e-01,7.159712944386561503e+03,1.767022206565531405e+03,5.312120971679687500e+02
4.169373512268066406e-01,5.701446047171197279e+03,1.780903003617308059e+03,7.524743652343750000e+02
2.167439460754394531e-01,6.389919018930881975e+03,1.725536711884934675e+03,-1.054162216186523011e+02
1.326377391815185547e-01,5.958600185618141950e+03,1.716282828804580049e+03,1.290000000000000000e+02
1.826121807098388672e-01,6.788357441219416614e+03,1.803600159863460021e+03,9.419242858886718750e+01
3.185870647430419922e-01,6.465598064050135690e+03,1.778718047798114640e+03,8.846865844726562500e+01
2.190213203430175781e-01,5.168102407660398057e+03,1.779875647415723961e+03,1.796337402343750000e+03
2.507991790771484375e-01,5.547893157090007662e+03,1.780774672935546505e+03,1.725180358886719034e+02
2.514815330505371094e-01,5.416089930415245362e+03,1.781624092284575227e+03,1.879341186523437955e+03
1.986234188079833984e-01,6.697665772516822472e+03,1.787630728975865395e+03,1.113297485351562045e+03
4.675042629241943359e-01,4.981099235801251780e+03,1.701293951936426993e+03,4.699062500000000000e+02
5.341188907623291016e-01,5.077598238604246035e+03,1.768960880674585269e+03,9.571343231201171875e+01
2.170372009277343750e-01,5.169751900038704662e+03,1.793698574866970603e+03,2.257020416259765909e+02
2.504067420959472656e-01,6.477071938148770641e+03,1.781228400204016452e+03,1.290738525390625000e+03
3.035757541656494141e-01,5.024766110335543999e+03,1.787265726133817225e+03,2.071040344238280966e+02
1.690187454223632812e-01,6.649816878794831609e+03,1.775258373853793501e+03,3.575000000000000000e+02
2.015459537506103516e-01,5.005590465882263743e+03,1.792911856493949472e+03,1.461497558593750000e+03
2.343981266021728516e-01,5.951070400473780865e+03,1.757041939036518670e+03,2.995054321289061932e+02
2.849879264831542969e-01,6.698181106730725332e+03,1.775999149269549662e+03,5.251390991210937500e+02
1.843523979187011719e-01,6.032825131116846933e+03,1.754260051007230686e+03,1.154917968750000000e+03
2.821273803710937500e-01,5.448227885643380432e+03,1.771549144244811714e+03,1.535532348632812045e+03
1.330633163452148438e-01,4.764657884085943806e+03,1.784213276977247460e+03,1.531843627929687955e+03
2.166273593902587891e-01,5.836410105488022054e+03,1.783695662330883579e+03,1.897151336669921875e+02
1.837697029113769531e-01,6.755042215927262077e+03,1.807741364731099111e+03,4.602782592773438068e+02
3.008236885070800781e-01,6.878821247157171456e+03,1.787360784368975374e+03,1.761576271057128906e+01
3.347275257110595703e-01,5.893589348884078390e+03,1.785026129568759643e+03,2.874451293945311932e+02
2.335042953491210938e-01,5.662524643285681123e+03,1.795268394622124788e+03,2.353246498107910156e+01
3.166489601135253906e-01,6.252331301877825354e+03,1.779068261111971651e+03,1.461058715820312045e+03
3.333463668823242188e-01,5.648638968532537547e+03,1.784883379450095845e+03,3.220317382812500000e+02
2.845182418823242188e-01,6.014142206903867191e+03,1.792152748204654245e+03,1.349395446777344034e+02
2.341396808624267578e-01,5.544271565799980635e+03,1.777074424502049624e+03,9.576356506347656250e+01
2.517185211181640625e-01,7.569285096840822916e+03,1.767622823402087306e+03,2.060284729003905966e+02
1.821932792663574219e-01,6.093550394537790453e+03,1.768147398914675250e+03,3.909655151367188068e+02
2.838816642761230469e-01,4.841482867729542704e+03,1.779288902329535404e+03,1.964463012695312045e+03
1.495020389556884766e-01,7.030242391368512472e+03,1.770483594556851813e+03,2.287740325927734020e+01
2.833979129791259766e-01,5.204850424683560050e+03,1.765609460111821818e+03,1.067773681640625000e+03
2.675607204437255859e-01,5.882994313599832822e+03,1.782434848989560805e+03,5.730827026367187500e+02
2.485322952270507812e-01,6.076334463472908283e+03,1.769497823034781050e+03,1.936643371582030966e+02
1.833443641662597656e-01,4.731328336102995308e+03,1.764113009812741211e+03,7.829130859375000000e+02
1.335163116455078125e-01,6.536117192986584087e+03,1.784830317237898043e+03,4.978112487792968750e+02
2.517795562744140625e-01,5.376188760104270841e+03,1.767411817599593633e+03,9.779385375976562500e+02
3.184657096862792969e-01,6.130089898984742831e+03,1.772364775095421010e+03,1.447030029296875000e+02
2.330398559570312500e-01,5.718800246013202013e+03,1.768123825657845600e+03,3.167512512207031250e+02
1.671450138092041016e-01,5.490476723997725458e+03,1.797639693169883230e+03,1.528630981445312045e+03
2.168378829956054688e-01,6.088562539433078200e+03,1.789110743425758983e+03,8.405744934082031250e+01
1.676564216613769531e-01,4.590546189095166483e+03,1.769936879242018904e+03,2.453780517578125000e+03
1.849207878112792969e-01,4.375848874808243636e+03,1.781444891163448347e+03,6.633682861328125000e+02
2.336146831512451172e-01,5.895403842967213677e+03,1.771739075019380607e+03,2.725540733337401988e+01
2.169935703277587891e-01,5.523752824859062457e+03,1.672359402364399557e+03,2.234851074218750000e+03
2.669055461883544922e-01,6.171195081333125017e+03,1.793109923627014496e+03,9.507490844726562500e+02
2.673261165618896484e-01,6.777888322377137229e+03,1.792248645005923663e+03,1.290434814453125000e+03
2.170660495758056641e-01,5.790901675804048864e+03,1.794899442565337949e+03,2.347952880859375000e+03
1.836590766906738281e-01,4.352436213751557261e+03,1.811419502500640192e+03,2.022563598632812045e+03
1.828835010528564453e-01,7.225059846815746823e+03,1.766063750946929304e+03,3.204696044921875000e+02
1.997742652893066406e-01,5.581547665459394011e+03,1.775848577199611782e+03,1.299741210937500000e+03
1.679189205169677734e-01,6.293345324350412739e+03,1.768603667808156388e+03,1.509426574707030966e+02
2.512392997741699219e-01,6.157700099968270479e+03,1.753931844290520985e+03,1.035676391601562045e+03
2.311031818389892578e-01,7.568008219594362345e+03,1.765466558610196444e+03,7.298369140625000000e+02
2.001497745513916016e-01,6.877779102002312356e+03,1.780529679417426678e+03,2.700906250000000000e+03
2.009460926055908203e-01,5.890148561444666484e+03,1.776481844065998985e+03,1.385756347656250000e+03
1.834239959716796875e-01,4.816315407334223892e+03,1.760085130842873014e+03,1.178121109008789062e+02
1.161365509033203125e-01,6.053060315140955026e+03,1.769825499104517803e+03,3.436169128417968750e+02
2.846288681030273438e-01,6.018171758078730818e+03,1.775685232649306272e+03,3.777344055175781250e+02
2.192032337188720703e-01,6.578747829007025757e+03,1.768882379553308738e+03,2.072433837890625000e+03
2.166776657104492188e-01,5.734609521626653077e+03,1.761231084915884594e+03,1.002027709960937955e+03
3.170413970947265625e-01,5.327926874167263122e+03,1.742246551041447447e+03,1.489455932617187955e+03
1.312310695648193359e-01,5.570803172599771642e+03,1.778034230735683877e+03,2.930317687988281250e+02
2.510042190551757812e-01,6.796159518626212048e+03,1.774098902885609732e+03,3.014386367797851918e+01
1.326103210449218750e-01,5.162044495866663055e+03,1.778608456620610696e+03,2.336994781494140909e+02
1.658864021301269531e-01,6.232137540646921479e+03,1.773902027797063965e+03,1.024547576904297017e+02
1.329834461212158203e-01,5.935467464772421408e+03,1.775366928502775181e+03,5.049743652343750000e+02
1.836051940917968750e-01,7.187796963235915428e+03,1.767740758080511796e+03,5.274934692382812500e+02
2.338943481445312500e-01,5.816067850158092369e+03,1.770569375847892388e+03,4.533016357421875000e+02
4.504950046539306641e-01,5.805876984614324101e+03,1.767428052973576996e+03,1.211628051757812045e+03
6.832671165466308594e-01,7.263423859191210795e+03,1.777531246521355115e+03,3.249919128417968750e+02
2.174706459045410156e-01,6.627606365618165000e+03,1.775913127262227363e+03,6.538184814453125000e+02
2.486808300018310547e-01,4.409277467117284687e+03,1.761881061756793315e+03,1.711825317382812045e+03
2.333674430847167969e-01,6.208355486320557247e+03,1.755564343527955543e+03,4.548121337890625000e+02
2.834205627441406250e-01,6.215629058792870637e+03,1.773316749367091234e+03,2.360923828125000000e+03
2.662711143493652344e-01,4.817725840939681802e+03,1.782419227874592025e+03,2.761923522949218750e+02
2.342524528503417969e-01,7.103394451026074421e+03,1.778323749722168486e+03,2.564066650390625000e+03
2.471914291381835938e-01,5.234377254683816318e+03,1.776178922096022461e+03,2.540398864746094034e+02
3.012237548828125000e-01,4.497887252381933649e+03,1.763485424635473237e+03,6.800955963134765625e+01
3.681359291076660156e-01,5.600069451302891139e+03,1.773651161714101818e+03,3.103008117675781250e+02
2.560646533966064453e-01,7.630691499495357675e+03,1.760674723442759387e+03,4.883739929199218750e+02
3.504033088684082031e-01,5.061468106531688136e+03,1.768373311076716618e+03,2.751491088867188068e+02
1.493625640869140625e-01,6.389038309104620566e+03,1.776367425972849787e+03,7.988693847656250000e+02
1.847271919250488281e-01,5.687719514634412008e+03,1.760939838996384651e+03,3.774622192382811932e+02
2.005465030670166016e-01,6.357810461430047326e+03,1.748242760925811353e+03,4.051614685058593750e+02
2.002952098846435547e-01,4.480875663079035803e+03,1.777142789534622807e+03,1.855058135986328125e+02
2.186524868011474609e-01,6.170830312914853494e+03,1.778817158663524424e+03,1.279761962890625000e+03
2.010667324066162109e-01,5.085919110910124800e+03,1.766402923626117172e+03,2.865957336425781250e+02
2.005250453948974609e-01,5.666890117485650990e+03,1.760857699631929790e+03,1.152597290039062045e+03
2.849359512329101562e-01,4.365322861720821493e+03,1.783868307185494359e+03,9.918079833984375000e+02
1.853907108306884766e-01,5.346688873468177007e+03,1.792255508419724038e+03,7.274198913574218750e+01
3.187654018402099609e-01,6.297786175274029119e+03,1.765250540193471124e+03,1.839260253906250000e+02
2.671761512756347656e-01,6.153875774626063503e+03,1.770053416995038788e+03,1.969306488037109091e+02
2.851893901824951172e-01,5.772234464581103566e+03,1.760062922103668825e+03,2.388417816162109091e+02
2.520740032196044922e-01,5.436852496778647037e+03,1.776295450356776200e+03,1.595460327148437955e+03
2.328004837036132812e-01,6.125010454157765707e+03,1.775891479962880112e+03,1.594952758789062045e+03
1.169052124023437500e-01,5.993825439581552928e+03,1.763109928969084876e+03,2.557800750732421875e+02
2.684991359710693359e-01,6.073318959340922447e+03,1.772919785489417109e+03,2.088185729980469034e+02
2.170221805572509766e-01,6.394202116784086684e+03,1.783018137111966098e+03,1.042773818969726989e+02
1.673262119293212891e-01,3.895357711096208277e+03,1.758248097409630873e+03,1.795173095703125000e+03
2.834486961364746094e-01,5.966264586142479857e+03,1.756460884943809106e+03,6.192135620117188211e+01
2.335388660430908203e-01,7.269125654410926472e+03,1.784230610384629699e+03,1.724855102539062045e+03
2.174837589263916016e-01,6.974602723996501481e+03,1.779927239290368107e+03,1.907590454101562045e+03
1.700537204742431641e-01,5.680538246538867497e+03,1.798759197697644368e+03,6.293626308441162109e+00
2.805297374725341797e-01,6.012482379250986924e+03,1.784990959034526441e+03,1.845350097656250000e+03
1.160407066345214844e-01,5.417854582220402335e+03,1.767612899562208895e+03,1.290095825195312045e+03
2.664284706115722656e-01,5.348196430768112805e+03,1.747086822883446757e+03,2.170177246093750000e+03
3.002312183380126953e-01,4.096073518695608982e+03,1.748683566375124656e+03,7.257589721679687500e+01
1.847500801086425781e-01,4.891748469609769018e+03,1.777446926555162236e+03,5.503135299682617188e+01
2.183017730712890625e-01,4.552486182438951801e+03,1.757395133326037012e+03,1.784629669189453125e+02
1.165311336517333984e-01,7.361679483328690367e+03,1.781474135874609146e+03,2.286792755126953125e+02
2.182998657226562500e-01,4.734734616998304773e+03,1.773481137442686304e+03,1.596583984375000000e+03
2.014305591583251953e-01,6.255709101091026241e+03,1.769128128589696416e+03,7.583041992187500000e+02
2.174341678619384766e-01,6.410299285420193883e+03,1.775063424835859678e+03,1.376296844482421875e+02
2.184607982635498047e-01,4.997472273454718561e+03,1.708640279484390248e+03,4.080403747558593750e+02
2.332999706268310547e-01,6.317380621593505566e+03,1.792772376446583394e+03,1.158888626098632955e+02
1.874585151672363281e-01,5.797435031029650418e+03,1.769440789880681223e+03,8.802907714843750000e+02
1.677007675170898438e-01,4.302621538306566435e+03,1.720646356266861403e+03,2.402364013671875000e+03
2.159018516540527344e-01,5.502497730529757973e+03,1.776015933119118927e+03,2.411457031250000000e+03
2.512440681457519531e-01,7.791968080207864659e+03,1.766732235400706713e+03,3.288743591308593750e+02
2.182040214538574219e-01,5.024562667061437423e+03,1.758039170725514168e+03,1.808014831542969034e+02
2.709028720855712891e-01,6.510888412745501228e+03,1.752773163474931835e+03,1.767776367187500000e+03
2.671205997467041016e-01,5.530396754232224339e+03,1.764016608873726909e+03,2.175698974609375000e+03
2.834527492523193359e-01,5.812856033479321923e+03,1.775107667409857868e+03,1.754359985351562045e+03
2.174699306488037109e-01,6.068333909471483821e+03,1.784857439281532606e+03,1.449817382812500000e+03
2.848503589630126953e-01,7.320386540663349479e+03,1.784821171617842083e+03,5.632168579101562500e+02
2.676103115081787109e-01,6.536520555724860060e+03,1.762084191465096410e+03,9.498278198242187500e+02
2.173750400543212891e-01,5.602099977030096852e+03,1.768020899905388205e+03,5.237968139648437500e+02
2.985510826110839844e-01,6.845645806742053537e+03,1.767793685577171800e+03,8.764272460937500000e+02
1.843843460083007812e-01,5.160564580159090838e+03,1.770808479786719545e+03,1.907944824218750000e+03
2.450990676879882812e-01,5.647927941425847166e+03,1.776596537287124647e+03,1.195787719726562045e+03
2.487142086029052734e-01,7.569418231719252617e+03,1.772905808752945404e+03,1.700608520507811932e+02
2.016499042510986328e-01,4.982478374580280615e+03,1.765695309853736035e+03,1.316099487304687955e+03
2.832224369049072266e-01,6.828224170246394351e+03,1.782558753002483627e+03,5.253660278320312500e+02
2.165362834930419922e-01,6.330387345718561846e+03,1.780811116445016751e+03,7.092273559570312500e+02
3.333439826965332031e-01,6.347751545913522023e+03,1.761231391998771869e+03,2.635048828125000000e+02
2.663371562957763672e-01,6.315009004937051031e+03,1.772426091719485157e+03,1.421926879882812045e+03
1.503353118896484375e-01,5.120949409922962332e+03,1.776469347175041321e+03,1.285081420898437955e+03
1.002686023712158203e-01,6.281538716697341442e+03,1.774735001787184274e+03,1.223660564422607067e+01
1.834425926208496094e-01,6.841949133704481937e+03,1.775056666470081382e+03,2.274834228515625000e+03
2.175147533416748047e-01,5.601725027929199314e+03,1.758888982948777766e+03,2.053302246093750000e+03
1.841244697570800781e-01,4.343230495312905987e+03,1.778519963575260817e+03,3.194389038085938068e+02
1.218602657318115234e-01,6.232979199589168275e+03,1.752463602647302878e+03,7.191438598632812500e+02
2.503008842468261719e-01,5.727638677993713827e+03,1.760156335480373855e+03,2.463165527343750000e+03
1.843621730804443359e-01,6.883501790053584045e+03,1.768287407095444678e+03,6.307066726684570312e+01
2.184064388275146484e-01,5.490184121977564246e+03,1.782092164694250641e+03,1.304809936523437955e+03
1.668567657470703125e-01,5.888071259692717831e+03,1.767230980852570383e+03,6.535314941406250000e+02
2.184488773345947266e-01,5.805597142057617020e+03,1.780945889287120508e+03,1.016824890136718977e+03
3.018596172332763672e-01,5.275067639430412783e+03,1.761722427260398717e+03,1.072707519531250000e+03
3.670907020568847656e-01,3.880913561614259834e+03,1.773420629953846856e+03,2.068138275146484091e+02
2.007939815521240234e-01,4.451061041942871270e+03,1.758261410422411473e+03,5.624182739257812500e+02
1.998219490051269531e-01,5.713578049223149719e+03,1.712322772896722881e+03,5.276371765136718750e+01
2.515401840209960938e-01,5.985527114856200569e+03,1.756690083232999086e+03,3.653747863769531250e+02
2.498986721038818359e-01,5.088269361346080586e+03,1.750119855721094382e+03,1.109317871093750000e+03
3.006818294525146484e-01,4.943415042286412245e+03,1.784313579038895796e+03,3.999130249023438068e+02
2.499427795410156250e-01,6.599229530385638100e+03,1.771173028026200427e+03,1.103130004882812045e+03
2.836792469024658203e-01,6.797473201385213542e+03,1.754930934135863254e+03,7.691362304687500000e+02
2.008025646209716797e-01,6.449531078481426448e+03,1.766201653616598605e+03,2.566544799804688068e+02
1.839766502380371094e-01,4.825733263978402647e+03,1.702666118174454596e+03,6.175359497070312500e+02
2.346365451812744141e-01,5.704276168226327172e+03,1.777229842716703843e+03,1.709556579589844034e+02
6.674003601074218750e-01,5.662749151022377191e+03,1.779466729509785409e+03,2.756581542968750000e+03
2.984411716461181641e-01,4.447538989639207102e+03,1.778184260701186304e+03,6.741444091796875000e+02
1.667797565460205078e-01,6.178906693285754045e+03,1.756511968276360449e+03,-5.263789749145507812e+01
3.184337615966796875e-01,5.128322160817306212e+03,1.787659755314168706e+03,1.066508789062500000e+03
2.005555629730224609e-01,6.450865746852035954e+03,1.767520703395790406e+03,2.019815521240234091e+02
2.834150791168212891e-01,6.613299033748098736e+03,1.784503655979668338e+03,1.566447509765625000e+03
2.840657234191894531e-01,6.415194416842190549e+03,1.774082544725246635e+03,2.958906860351561932e+02
2.334396839141845703e-01,5.359588330172822680e+03,1.745109693144775974e+03,3.916810913085938068e+02
2.011539936065673828e-01,6.034268054641782328e+03,1.776194668264892925e+03,2.507280578613280966e+02
2.342042922973632812e-01,6.409932175696375452e+03,1.741978422184691226e+03,1.269197509765625000e+03
1.339030265808105469e-01,5.700363560563007013e+03,1.766446684046062046e+03,1.842948608398438068e+02
1.983788013458251953e-01,4.943177096732089922e+03,1.774450078860687654e+03,2.168735107421875000e+03
2.842483520507812500e-01,5.419184183790384850e+03,1.736450793254073687e+03,3.696934509277343750e+02
2.165145874023437500e-01,6.781776856261973990e+03,1.764417813915764555e+03,4.307358093261718750e+02
2.001626491546630859e-01,5.987759371672373163e+03,1.741912410401209172e+03,3.472750244140625000e+02
2.348260879516601562e-01,5.443588561234420922e+03,1.752882128751495429e+03,3.907595458984375000e+03
1.828875541687011719e-01,6.252430136929136097e+03,1.775639400638559209e+03,1.412725067138671875e+02
2.018270492553710938e-01,4.714094403188771139e+03,1.762898871053482935e+03,4.233100891113281250e+02
1.170513629913330078e-01,5.943162271437377967e+03,1.770774229436301084e+03,1.352126831054687955e+03
2.335715293884277344e-01,5.387697868038816523e+03,1.757007582453020859e+03,6.064236450195312500e+02
2.010388374328613281e-01,6.069488909152633823e+03,1.754000267667993057e+03,2.806936950683593750e+02
1.813158988952636719e-01,5.351241465114830135e+03,1.771609213379083712e+03,2.041926513671875000e+03
3.001670837402343750e-01,4.257097231341446786e+03,1.788418597121698440e+03,1.269476196289062045e+03
1.948328018188476562e-01,5.388679481973105794e+03,1.775262169792429859e+03,1.873314819335937955e+03
2.335078716278076172e-01,5.196892862482285636e+03,1.785363632116349208e+03,5.049365615844727273e+01
1.847794055938720703e-01,5.937635619349034641e+03,1.784591274173405282e+03,1.507714691162109091e+02
4.347667694091796875e-01,7.033561053788566824e+03,1.741143417734253489e+03,6.957165527343750000e+02
1.681435108184814453e-01,4.213393100631522429e+03,1.770720657715325387e+03,3.989133834838867188e+01
2.324578762054443359e-01,5.504194351574993561e+03,1.754144517373214512e+03,3.785321474075316939e+00
1.502048969268798828e-01,7.309702189682661810e+03,1.770864074755524143e+03,1.580402343750000000e+03
2.830429077148437500e-01,5.257206498745315002e+03,1.787644754300126806e+03,1.422652740478515909e+02
2.685654163360595703e-01,6.770576136391776345e+03,1.784905456782093552e+03,1.700917114257812045e+03
1.998517513275146484e-01,5.326364363988253899e+03,1.781340251658878515e+03,9.766117095947265625e+01
1.853163242340087891e-01,5.839390100054642062e+03,1.780845886984669733e+03,3.936044006347656250e+02
2.498340606689453125e-01,6.317097308009887456e+03,1.758545571450539910e+03,8.005014038085937500e+02
2.504839897155761719e-01,4.348837680797254507e+03,1.767932167977254039e+03,3.742245483398438068e+02
3.822357654571533203e-01,4.844001097956005651e+03,1.782857220852667524e+03,4.485042190551757812e+01
4.166336059570312500e-01,6.898540210314753494e+03,1.760735438471006546e+03,6.966677246093750000e+02
2.178142070770263672e-01,5.934040971227138471e+03,1.773895252312830280e+03,2.066320190429688068e+02
2.674539089202880859e-01,5.457236104827663439e+03,1.767811990514963327e+03,1.609314117431640909e+02
2.354416847229003906e-01,4.289428855099210523e+03,1.702413069277658678e+03,5.149116210937500000e+02
3.515126705169677734e-01,6.303083201126121821e+03,1.767407050125546220e+03,1.469009094238280966e+02
2.997860908508300781e-01,5.630403944283423698e+03,1.777704446837042951e+03,1.882206054687500000e+03
2.508721351623535156e-01,7.543102334301748670e+03,1.772876870608610716e+03,6.423356323242187500e+02
2.686340808868408203e-01,5.718692197512424173e+03,1.770123362522267144e+03,3.783621215820311789e+01
2.381248474121093750e-01,5.728730847885505682e+03,1.795937302422889388e+03,4.084055786132811932e+02
2.686128616333007812e-01,6.226612153470720841e+03,1.757220492655565522e+03,2.018430023193359091e+02
2.352008819580078125e-01,5.739060242294056479e+03,1.774439013216004469e+03,7.077703247070312500e+02
1.339440345764160156e-01,5.847247493456996381e+03,1.773811484600736549e+03,2.144679931640625000e+03
2.483334541320800781e-01,5.207771306271970388e+03,1.761403759422172698e+03,4.938109130859375000e+02
2.502343654632568359e-01,5.915883817376419756e+03,1.764566428053762820e+03,7.705829467773437500e+02
2.505083084106445312e-01,6.921474506588753684e+03,1.768943920124708484e+03,2.790230712890625000e+02
2.859766483306884766e-01,5.761080686564972893e+03,1.766473945310312047e+03,1.759501190185546875e+02
2.181444168090820312e-01,5.983986036867679104e+03,1.779546146781280868e+03,3.543565979003906250e+02
3.341908454895019531e-01,6.744926532319183025e+03,1.768427540649807270e+03,3.038827419281005859e+00
1.155681610107421875e-01,5.041494852843836270e+03,1.768287716644368402e+03,3.649568786621093750e+02
2.003264427185058594e-01,5.265648234583031808e+03,1.768046533512024325e+03,2.486341705322265909e+02
2.859015464782714844e-01,6.789201935833229072e+03,1.778179774041520886e+03,1.664598754882812045e+03
1.340067386627197266e-01,4.329578038355991339e+03,1.772575124869990759e+03,2.108738098144530966e+02
2.379879951477050781e-01,6.597872779827544036e+03,1.762043541285197534e+03,1.801641723632812045e+03
2.351136207580566406e-01,5.152480313737383767e+03,1.769380583597467876e+03,8.231436157226562500e+01
2.993161678314208984e-01,6.275706426017689409e+03,1.766604599966507976e+03,4.838836669921875000e+00
2.176208496093750000e-01,5.894454072777779402e+03,1.768978900001274496e+03,4.842584838867188068e+02
1.847779750823974609e-01,7.165523602585209119e+03,1.772255239850839189e+03,2.459131317138671875e+02
2.189249992370605469e-01,5.085137860930812167e+03,1.775855809903602449e+03,6.672680053710937500e+02
2.848925590515136719e-01,6.303194080240684343e+03,1.786695878679244288e+03,2.704521789550781250e+02
2.654290199279785156e-01,6.799988007073634435e+03,1.665558207072368305e+03,1.190288619995117045e+02
3.672366142272949219e-01,5.154072233653431795e+03,1.779806261844073333e+03,2.186707000732421875e+02
2.336835861206054688e-01,5.019279072093123432e+03,1.771158820021077190e+03,2.318098144531250000e+02
2.342522144317626953e-01,4.691152689268857102e+03,1.769790459900019414e+03,4.320546569824218750e+02
1.341414451599121094e-01,5.736672079353517802e+03,1.792940895469708948e+03,4.114282836914061932e+02
2.996582984924316406e-01,5.580139490560623926e+03,1.795824169113428752e+03,1.234260620117187955e+03
2.719755172729492188e-01,5.556915066903448860e+03,1.771867453480654831e+03,1.534416656494140909e+02
1.673011779785156250e-01,5.627303935498940518e+03,1.773538976289948096e+03,2.524174316406250000e+03
2.149105072021484375e-01,5.341334432894649581e+03,1.764233429514049476e+03,3.343069763183593750e+02
1.680352687835693359e-01,6.063449313688771326e+03,1.777225986243918442e+03,3.200606384277343750e+02
2.655675411224365234e-01,7.660780090732721874e+03,1.767813821029920518e+03,3.851568359375000000e+03
4.372780323028564453e-01,5.552722878443314585e+03,1.786063784177425987e+03,3.275592803955078125e+01
1.854612827301025391e-01,6.057652533106352166e+03,1.776496397958577973e+03,2.159588050842285156e+01
2.499644756317138672e-01,6.033085297658962190e+03,8.875728712535469640e+02,5.559423065185546875e+01
2.999134063720703125e-01,5.897386390382377613e+03,1.802162531662024094e+03,8.756831169128417969e+00
1.837193965911865234e-01,5.556091675786241467e+03,1.784297347146797620e+03,1.128278564453125000e+03
1.674971580505371094e-01,6.035865846107211837e+03,1.775607746198796804e+03,5.816939697265625000e+02
2.384972572326660156e-01,5.878484772172382691e+03,1.777988120909343706e+03,2.430382537841796875e+01
1.850128173828125000e-01,6.542036561868538229e+03,1.756575960260386637e+03,1.493794250488280966e+02
2.850513458251953125e-01,4.974170101600364433e+03,1.771590337768197287e+03,1.464337890625000000e+03
2.188575267791748047e-01,6.536808105998225983e+03,1.777158995736236648e+03,1.510238037109375000e+03
4.185285568237304688e-01,4.917039059154145434e+03,1.763633881740998277e+03,6.029655838012695312e+01
3.345127105712890625e-01,5.286535330492372850e+03,1.776162265295808993e+03,7.475648193359375000e+02
1.333665847778320312e-01,6.887999647334108886e+03,1.763727289619019530e+03,2.444200195312500000e+03
2.024495601654052734e-01,4.876696982925501288e+03,1.775722820825866393e+03,9.986351928710937500e+02
2.502291202545166016e-01,5.098669326347146125e+03,1.766038354912064733e+03,4.008253479003906250e+02
2.001516819000244141e-01,6.322889018353777828e+03,1.760323993269916627e+03,1.303561767578125000e+03
1.314437389373779297e-01,6.349453949414162707e+03,1.788047865512235376e+03,7.610219726562500000e+02
2.173159122467041016e-01,7.253917260650179742e+03,1.765207070370554447e+03,1.735728515625000000e+03
1.686270236968994141e-01,5.768665002022210501e+03,1.754265788736407103e+03,1.162616821289062045e+03
2.020289897918701172e-01,4.239864116855417706e+03,1.768516554533014641e+03,2.170084533691405966e+02
1.850736141204833984e-01,6.385753465790897280e+03,1.775429259171514332e+03,2.520441436767578125e+02
1.330685615539550781e-01,5.889739042515740948e+03,1.765582791295262723e+03,2.126905273437500000e+03
3.295202255249023438e-01,6.009340899824951521e+03,1.777463920229190762e+03,1.560242431640625000e+03
2.013165950775146484e-01,6.688092285213102514e+03,1.779477413855134955e+03,1.470757568359375000e+03
2.855029106140136719e-01,5.761497442954092548e+03,1.772768827658423106e+03,6.862888793945312500e+02
2.004761695861816406e-01,5.521130510644330570e+03,1.767146888137873475e+03,2.045761840820312045e+03
2.170188426971435547e-01,5.413657949123755316e+03,1.763032664266912207e+03,3.068807983398438068e+02
2.818763256072998047e-01,4.802522763723342905e+03,1.785931603729613926e+03,1.221759765625000000e+03
2.346601486206054688e-01,3.757230744612978015e+03,1.770402941346592797e+03,3.285522155761718750e+02
2.661786079406738281e-01,5.736181644240846254e+03,1.773237316430829878e+03,1.641897583007812045e+03
1.845593452453613281e-01,3.969191643107871641e+03,1.765802543741014233e+03,3.213824081420897727e+01
2.018148899078369141e-01,4.309188114341679466e+03,1.714183092923806726e+03,4.113333740234375000e+02
3.350868225097656250e-01,5.041540564579497186e+03,1.768711410105756386e+03,2.515398559570311932e+02
2.676944732666015625e-01,7.135491519757427341e+03,1.772625257478703134e+03,2.953948974609375000e+02
2.173745632171630859e-01,7.098085274040075092e+03,1.757127416098724552e+03,2.457882690429688068e+02
2.342813014984130859e-01,7.190105493284439035e+03,1.701531787836680223e+03,1.271460494995117045e+02
1.500215530395507812e-01,5.329243136962838435e+03,1.774045207706438532e+03,5.657463455200195312e+01
2.676188945770263672e-01,1.637093247671114113e+03,1.793213801709733389e+03,5.876994018554687500e+02
4.188473224639892578e-01,7.849517469126580181e+03,1.768427050453722813e+03,1.430713012695312045e+03
2.011108398437500000e-01,7.246392860128806205e+03,1.758854503053142025e+03,1.281141723632812045e+03
2.169094085693359375e-01,6.296348854088682856e+03,1.759677667969311415e+03,3.872632217407227273e+01
2.492709159851074219e-01,5.857498539691012411e+03,1.759311605467517211e+03,1.145680618286132990e+01
2.516720294952392578e-01,5.462315687644846548e+03,1.715422017310361298e+03,8.877332763671875000e+02
2.846827507019042969e-01,5.694708532579222265e+03,1.789698304023998617e+03,6.646985473632812500e+02
2.004158496856689453e-01,4.592110447625886991e+03,1.761310674264054114e+03,3.373950195312500000e+02
2.479424476623535156e-01,7.342459071962372946e+03,1.780244906226744888e+03,1.429482055664062045e+03
1.962466239929199219e-01,6.545950868102359891e+03,1.774294133543636690e+03,3.234201354980468750e+02
2.007493972778320312e-01,5.052511788350436291e+03,1.777378042949871769e+03,1.728918457031250000e+03
2.332174777984619141e-01,5.778239203777142393e+03,1.763459179115496454e+03,7.999997558593750000e+02
2.687664031982421875e-01,6.168264548309383827e+03,1.764736057530212292e+03,1.383582305908203125e+02
2.004942893981933594e-01,6.936804814640848235e+03,1.772384988898178563e+03,4.396026306152343750e+02
1.142969131469726562e-01,5.354066495227955784e+03,1.782616923319788157e+03,1.684473266601561932e+02
2.673106193542480469e-01,5.129229683072067928e+03,1.771466089842475185e+03,9.719775390625000000e+02
3.165242671966552734e-01,6.647860154802734542e+03,1.772213678566260569e+03,9.787203369140625000e+02
2.500598430633544922e-01,5.432517262055162973e+03,1.780120016553632695e+03,1.020299255371093977e+03
