3.580508232116699219e-01,7.681804284379816636e+03,4.831252289772922268e+03,8.044236450195312500e+02
2.347338199615478516e-01,8.543634794169640372e+03,4.789696789039067880e+03,9.071163330078125000e+02
1.033711194992065430e+00,8.035169589872953111e+03,4.850709378223164094e+03,7.085889282226562500e+02
2.486960887908935547e-01,8.726540150418486519e+03,4.723754867930904766e+03,9.525788574218750000e+02
2.170951366424560547e-01,8.517543678595888196e+03,4.709315381983117732e+03,1.530696289062500000e+03
2.342832088470458984e-01,7.935975282536495797e+03,4.774898817102308385e+03,3.572988037109375000e+03
2.223403453826904297e-01,7.399467368000016904e+03,4.777818285979117718e+03,7.061231079101562500e+02
2.660174369812011719e-01,8.131292627638305021e+03,4.790747600477667220e+03,5.713774490356445312e+01
2.338764667510986328e-01,7.082720346977022018e+03,4.757499601337073727e+03,4.626615905761718750e+02
3.012449741363525391e-01,7.687900058825011911e+03,4.765250230370518693e+03,1.387282592773437955e+03
2.186570167541503906e-01,8.128637465550414163e+03,4.830452728523096084e+03,1.705178955078125000e+03
2.506639957427978516e-01,7.291161566326727552e+03,4.287331831564936692e+03,2.345915985107421875e+01
3.170466423034667969e-01,5.711620415352880627e+03,4.781965536028610586e+03,1.758758300781250000e+03
2.505326271057128906e-01,8.157081886129034501e+03,4.802886374362267816e+03,8.084654541015625000e+02
2.182693481445312500e-01,8.281926558665263656e+03,4.385930144406152976e+03,1.909169433593750000e+03
1.804778575897216797e-01,4.060499563014452178e+03,4.821062281687561153e+03,1.827542266845703125e+02
1.337237358093261719e-01,8.575462805842109447e+03,4.247017868212184112e+03,1.346631835937500000e+03
2.846462726593017578e-01,8.765579804200026047e+03,4.688060962428402490e+03,2.866504287719726918e+01
1.983804702758789062e-01,8.064183920799789121e+03,4.763745299936433184e+03,1.655593872070312045e+03
2.514121532440185547e-01,7.349923112870090335e+03,4.741580503024005338e+03,2.248900909423828125e+02
1.668732166290283203e-01,8.382768433520237522e+03,4.820344105823320206e+03,1.943586120605469034e+02
1.477832794189453125e-01,8.393076490854891745e+03,4.844262757030150169e+03,9.249861907958984375e+01
1.999847888946533203e-01,8.428849058118477842e+03,4.693107068590597919e+03,-4.556703948974608664e+01
1.731655597686767578e-01,8.621939235831350743e+03,4.811378434206448219e+03,4.100646667480468750e+02
2.129895687103271484e-01,8.353955428380018930e+03,4.771624311405794288e+03,7.844992065429687500e+01
2.517008781433105469e-01,8.183840922713921827e+03,4.679871789333211382e+03,3.418404846191406250e+02
2.499890327453613281e-01,8.610919531602132338e+03,4.715042238030058797e+03,6.277125244140625000e+02
2.346351146697998047e-01,8.532083298673476747e+03,4.767782252969179353e+03,2.311409301757811932e+02
1.847789287567138672e-01,8.363098267600116742e+03,4.663552419505060243e+03,1.168425659179687955e+03
2.677567005157470703e-01,8.444377721223814660e+03,4.110776297191478989e+03,1.113389892578125000e+03
2.679872512817382812e-01,8.217171801157965092e+03,4.783582240749324228e+03,9.978461914062500000e+02
2.467298507690429688e-01,8.639578267187995152e+03,4.819014339281469802e+03,9.263895874023437500e+02
2.675027847290039062e-01,7.605721561219475916e+03,4.742396553856342507e+03,5.638330688476562500e+02
1.847906112670898438e-01,7.853385415047875540e+03,4.850990080667691473e+03,4.785837402343750000e+02
2.790119647979736328e-01,8.630937276113194457e+03,4.839246835701717828e+03,5.802794799804687500e+02
3.012747764587402344e-01,8.086548807034043421e+03,4.749994331687846170e+03,1.787633209228515909e+02
2.000427246093750000e-01,7.999925780035937350e+03,4.851507893003691606e+03,4.751361083984375000e+02
2.337820529937744141e-01,8.527595386292525291e+03,4.807961036340439023e+03,9.818806762695312500e+02
1.659498214721679688e-01,7.968592364563694900e+03,4.852454297648518150e+03,-3.995867156982421875e+01
2.015113830566406250e-01,8.831867359086083525e+03,4.788965222543085474e+03,8.059645996093750000e+02
2.011764049530029297e-01,8.192607212114875438e+03,4.740332575813582480e+03,1.460915527343750000e+03
1.844928264617919922e-01,4.046856487592292069e+03,4.752223415220056268e+03,5.540357666015625000e+02
2.340443134307861328e-01,8.260015827496999918e+03,4.802435397317807656e+03,1.443975463867187955e+03
2.669432163238525391e-01,7.469536995605448283e+03,4.886349574495335219e+03,1.089080932617187955e+03
1.998031139373779297e-01,5.964955686455306022e+03,4.782062503718397238e+03,1.417162170410155966e+02
1.993131637573242188e-01,8.124845626910063402e+03,4.617368556635497043e+03,4.805623779296875000e+02
1.832184791564941406e-01,8.591195677729090676e+03,4.807434364339987042e+03,9.479089965820312500e+02
2.698674201965332031e-01,8.043259379854364852e+03,4.806460077501389605e+03,-8.900117874145507812e+00
2.839999198913574219e-01,8.696517554768315676e+03,4.704865777940658518e+03,2.035176269531250000e+03
9.986329078674316406e-02,8.192054311938210958e+03,4.898118355123993751e+03,3.040147590637207031e+01
2.705895900726318359e-01,8.172331631933088829e+03,4.766122611268907349e+03,8.946966552734375000e+02
1.992235183715820312e-01,8.178963112557287786e+03,4.834156847598514105e+03,1.185534057617187955e+03
2.181203365325927734e-01,8.440633496060261677e+03,4.884996139648647841e+03,6.028121948242187500e+02
1.646044254302978516e-01,8.377621108037845261e+03,4.814095471021320918e+03,6.694840087890625000e+02
1.781449317932128906e-01,7.749417623237990483e+03,4.859465638881596533e+03,1.176068969726562045e+03
2.005491256713867188e-01,8.498485827962384064e+03,4.840601324446129183e+03,1.294858520507812045e+03
2.505166530609130859e-01,8.325548918856686214e+03,4.700979835973317677e+03,1.337818725585937955e+03
1.842672824859619141e-01,6.302095530162469913e+03,4.835387351524351288e+03,1.155832648277282937e+00
3.161377906799316406e-01,8.419621064128756188e+03,4.775878978197914876e+03,3.050642089843750000e+02
1.003780364990234375e-01,7.905474360957735371e+03,4.811100196667755881e+03,4.668063964843750000e+02
1.995851993560791016e-01,8.245050322251510806e+03,4.826505588019585957e+03,5.250520019531250000e+02
1.168334484100341797e-01,8.038465584231559660e+03,4.731120506406785353e+03,2.346385192871094034e+02
1.856381893157958984e-01,7.643773941992065375e+03,4.780582570984885024e+03,1.130893325805664062e+02
2.070429325103759766e-01,8.492657400406013039e+03,4.815078785466099362e+03,1.318271484375000000e+03
1.863129138946533203e-01,6.787369954431038423e+03,4.687920993028961675e+03,9.406005249023437500e+02
2.344949245452880859e-01,6.424392715773463351e+03,4.736826137674303027e+03,9.269949951171875000e+02
1.803672313690185547e-01,8.562128261487025156e+03,4.889064216768042570e+03,1.886046630859375000e+03
2.346632480621337891e-01,8.445770138394103924e+03,4.751013081770518511e+03,5.175248336791992188e+01
2.171540260314941406e-01,8.629356033874350032e+03,4.836422995084369177e+03,4.418717346191406250e+02
2.016146183013916016e-01,7.945683544069353047e+03,4.799736253918061266e+03,1.010740203857422017e+02
1.682000160217285156e-01,8.681487854500044705e+03,4.650597449188539031e+03,8.191706542968750000e+02
1.672055721282958984e-01,8.477983308500872226e+03,4.772235414414697516e+03,8.472851562500000000e+02
2.334916591644287109e-01,8.291402876361560629e+03,4.910599963097927684e+03,7.406815795898437500e+02
2.014949321746826172e-01,7.107058151794289188e+03,4.699448718406159969e+03,1.176744750976562045e+03
2.177307605743408203e-01,7.905516343688928828e+03,4.839317739610660283e+03,8.837821044921875000e+02
1.838788986206054688e-01,7.973673554025973317e+03,4.743007616413204232e+03,-3.195629310607910156e+01
2.677276134490966797e-01,8.757566673664245172e+03,4.875205771316960636e+03,2.919804992675781250e+02
2.324218750000000000e-01,8.405553151516867729e+03,4.850262767247778356e+03,6.915861816406250000e+02
2.946283817291259766e-01,7.923898093809963029e+03,4.782102499330216233e+03,2.071175537109375000e+03
1.111772060394287109e-01,7.356760425582191601e+03,4.751186081825230758e+03,4.307809829711914062e+01
1.168119907379150391e-01,8.252994833155817105e+03,4.637862244431998079e+03,9.445301055908203125e+01
1.828956604003906250e-01,8.009904464706220097e+03,4.807919272112029830e+03,-2.654437065124512074e+01
1.840937137603759766e-01,7.035093859247058390e+03,4.817695646052344273e+03,1.027832519531250000e+03
2.334790229797363281e-01,8.242842516042348507e+03,4.847830269406193111e+03,1.482481933593750000e+03
2.337007522583007812e-01,7.358120752177987924e+03,4.814726298885927463e+03,1.820723876953125000e+03
3.348710536956787109e-01,7.580810624327064943e+03,4.777533936387134418e+03,7.888576660156250000e+02
2.498264312744140625e-01,8.533716701023437054e+03,4.778001153824824542e+03,1.487559204101562045e+03
1.167058944702148438e-01,8.940594538256134911e+03,4.837580322772148975e+03,9.369413757324218750e+01
2.182183265686035156e-01,7.503133754413946008e+03,4.765156753166253111e+03,6.911583709716796875e+01
2.347056865692138672e-01,8.062507158730764786e+03,4.786145126245169195e+03,1.514083007812500000e+03
2.015249729156494141e-01,8.123382511877769502e+03,4.810007227583169879e+03,1.718711181640625000e+03
2.844901084899902344e-01,8.696893525257857618e+03,4.829603592861873040e+03,2.124113037109375000e+03
2.175667285919189453e-01,8.552954288217275462e+03,4.811300707775443698e+03,4.079177551269531250e+02
3.178586959838867188e-01,8.162872273742947073e+03,4.816417480483411964e+03,4.140494689941406250e+02
2.839124202728271484e-01,8.242095918865268686e+03,4.743033598877889744e+03,3.093839111328125000e+02
2.512009143829345703e-01,6.868949448593603847e+03,4.639427356053701260e+03,1.492289794921875000e+03
4.240846633911132812e-01,6.001651174916189120e+03,4.798085252811132705e+03,4.384532165527343750e+02
2.511825561523437500e-01,8.785636629684580839e+03,4.793971815658327614e+03,1.319266662597655966e+02
2.346167564392089844e-01,8.202723401447396100e+03,4.844842648134726915e+03,1.651824218750000000e+03
2.169589996337890625e-01,7.548025749366156560e+03,4.820554973497884021e+03,8.290116882324218750e+01
1.850626468658447266e-01,8.152523269786434867e+03,4.733920668545605622e+03,5.905219726562500000e+02
1.548585891723632812e-01,7.654897025706590284e+03,4.882714151241278159e+03,1.214500000000000000e+03
1.665625572204589844e-01,8.015987214726614184e+03,4.829957298956323029e+03,1.455758190155028942e+01
2.684271335601806641e-01,8.218678593141097735e+03,4.733174065840268668e+03,9.902565307617187500e+02
2.343041896820068359e-01,8.583477593354504279e+03,4.816564654156979486e+03,5.507044067382812500e+02
2.476751804351806641e-01,8.059683690923290669e+03,4.786293290515950503e+03,1.058552612304687955e+03
2.001876831054687500e-01,6.543410710281036700e+03,4.536110946973390128e+03,1.428442993164062045e+03
2.157111167907714844e-01,7.580969610165212544e+03,4.825092903098388888e+03,1.408029174804687955e+03
1.849782466888427734e-01,8.011340114540886134e+03,4.854074315973109151e+03,1.348322998046875000e+03
2.309544086456298828e-01,8.396239807900055894e+03,4.796015792246011188e+03,1.474159622192382990e+01
2.328205108642578125e-01,8.355093726153247189e+03,4.799831662912878528e+03,1.128241577148438068e+02
2.509894371032714844e-01,7.761536940945738934e+03,4.763555472067786468e+03,9.800383911132812500e+02
2.090559005737304688e-01,7.836115076101597879e+03,4.816816152466963104e+03,3.679964904785156250e+02
2.180507183074951172e-01,7.270116121925057996e+03,4.631868437395743058e+03,7.323524780273437500e+02
2.016894817352294922e-01,7.976787939569362607e+03,4.729790597544360025e+03,7.575204467773437500e+02
1.998951435089111328e-01,8.013589948641070805e+03,4.771920732235023024e+03,1.230713500976562045e+03
2.503442764282226562e-01,8.087885429799306621e+03,4.861338324213239503e+03,8.427471313476562500e+02
1.001789569854736328e-01,7.888043575835101365e+03,4.761177541138372362e+03,6.960406780242919922e+00
1.160080432891845703e-01,8.152089603823352263e+03,4.836571779880177928e+03,5.583524169921875000e+02
3.170328140258789062e-01,8.795928648097029509e+03,4.812165961651206089e+03,9.552042236328125000e+02
2.675805091857910156e-01,8.088657489292229002e+03,4.820997855686011462e+03,1.173950439453125000e+03
2.995989322662353516e-01,8.006633020138399843e+03,4.928995110344582827e+03,6.352770614624022727e+01
2.681934833526611328e-01,7.710403041827117704e+03,4.835781260538566130e+03,1.406956176757811932e+02
2.678446769714355469e-01,7.979890564834027828e+03,4.695218321824039776e+03,1.621941680908203125e+02
1.764624118804931641e-01,7.900166376731843229e+03,4.817715176977009833e+03,8.244287109375000000e+02
1.746938228607177734e-01,8.211625128980409499e+03,4.761884741026128722e+03,8.211766357421875000e+02
2.336354255676269531e-01,8.241754508270894803e+03,4.801432895282669051e+03,1.404836914062500000e+03
3.100678920745849609e-01,7.858619953152146081e+03,4.837086325485686757e+03,8.028864746093750000e+02
2.167561054229736328e-01,8.311117103586426310e+03,4.698989814409422252e+03,-8.361914825439453125e+01
1.844482421875000000e-01,6.166979330510414911e+03,4.743888395015294918e+03,1.144132690429687955e+03
1.836950778961181641e-01,8.185342879412744878e+03,4.703102012122286396e+03,2.506200439453125000e+03
1.931257247924804688e-01,8.579326509329910550e+03,4.752855835202239177e+03,1.586091064453125000e+03
3.342325687408447266e-01,8.022384190703926834e+03,4.806646859873133508e+03,6.439971923828125000e+02
1.833817958831787109e-01,8.164074280057104261e+03,4.804506784650939153e+03,1.589259277343750000e+03
2.669646739959716797e-01,8.196205960104412952e+03,4.814483432577340864e+03,3.477078857421875000e+02
2.004978656768798828e-01,8.578216846259703743e+03,4.804264948222692510e+03,4.053444519042968750e+02
1.849691867828369141e-01,8.023943254331624303e+03,4.860049175692919562e+03,3.200000000000000000e+02
2.221100330352783203e-01,7.280391380633293920e+03,4.766689192832937806e+03,2.123007324218750000e+03
1.518499851226806641e-01,7.326233711896356908e+03,4.772200656436003555e+03,1.494845825195312045e+03
1.835410594940185547e-01,7.846254825455501305e+03,4.685879333204927207e+03,1.424112854003905966e+02
2.347738742828369141e-01,6.625227073420320266e+03,4.777245855093303362e+03,2.071184692382811932e+02
2.624232769012451172e-01,8.780936004636703728e+03,4.782202491255901805e+03,1.005046569824218977e+03
1.996784210205078125e-01,8.140710259555692573e+03,4.790704430706321546e+03,8.544764404296875000e+02
2.681250572204589844e-01,8.208975895624887926e+03,4.859603181178244995e+03,1.303572845458984091e+02
2.691452503204345703e-01,9.027651965823830324e+03,4.758988629697709257e+03,1.641214965820312045e+03
2.014541625976562500e-01,8.156883190768018721e+03,4.727399972214177069e+03,2.922071228027343750e+02
2.175271511077880859e-01,7.653718098312669099e+03,4.777635808735390128e+03,3.955185241699218750e+02
1.338245868682861328e-01,8.382248138641474725e+03,4.752650662254426607e+03,2.409161949157714844e+01
2.348287105560302734e-01,8.493315719747184630e+03,4.871635264681289300e+03,4.288330078125000000e+01
2.339632511138916016e-01,8.268005708390772270e+03,4.836264764495678719e+03,5.486002197265625000e+02
2.181572914123535156e-01,8.179778401112099345e+03,4.854940245961003711e+03,1.766239013671875000e+03
1.489698886871337891e-01,8.404098480383099741e+03,4.722635531983743022e+03,4.794492340087891336e+01
1.500246524810791016e-01,8.237162320110528526e+03,4.747191116140845224e+03,1.310000000000000000e+02
2.100665569305419922e-01,8.248433117262804444e+03,4.769452809385588807e+03,1.891288909912109091e+02
1.330850124359130859e-01,8.050765570805968309e+03,4.790597456329671331e+03,2.520000000000000000e+02
2.501990795135498047e-01,7.660055836455009739e+03,4.815109962829030337e+03,4.477358627319335938e+01
2.448148727416992188e-01,8.623908338066952638e+03,4.836102299465272154e+03,1.573665771484375000e+03
2.180628776550292969e-01,7.055361261291825940e+03,4.852242766600569666e+03,5.587713623046875000e+02
2.848122119903564453e-01,8.335157840941035829e+03,4.779628559589711585e+03,1.000302062988281023e+03
1.156816482543945312e-01,8.304736326466254468e+03,4.714598254030753196e+03,7.417756652832031250e+01
2.833869457244873047e-01,8.506211709118872022e+03,4.806319809673253076e+03,2.248005126953125000e+03
2.848203182220458984e-01,8.145031014496423268e+03,4.808167579701433169e+03,1.456801269531250000e+03
1.168320178985595703e-01,8.048876978426394089e+03,4.803728615218448795e+03,4.411680984497070312e+01
2.847945690155029297e-01,7.726279442774381096e+03,4.840368597604044226e+03,2.146503173828125000e+03
1.832683086395263672e-01,8.298794310004499494e+03,4.614995842843803985e+03,1.777942016601562045e+03
2.166042327880859375e-01,3.262768814810734511e+03,4.768777504765087542e+03,3.980392456054688068e+02
3.179409503936767578e-01,7.942554484490552568e+03,4.772569492609782174e+03,2.096750640869140909e+02
1.497030258178710938e-01,8.165657960510010525e+03,4.665642008237995469e+03,1.157796264648437955e+03
2.488772869110107422e-01,7.712130124395342136e+03,4.800461609557389238e+03,1.027939941406250000e+03
2.002742290496826172e-01,8.618421248478047346e+03,4.583940357952046725e+03,8.031983032226562500e+02
2.001354694366455078e-01,8.704711741187940788e+03,4.773682547161432012e+03,1.025591796875000000e+03
2.000453472137451172e-01,7.545411123567640971e+03,4.624348203997514247e+03,2.730319824218750000e+02
1.822161674499511719e-01,5.821591444872828106e+03,4.846054962402056844e+03,1.406160644531250000e+03
1.836867332458496094e-01,8.772564382889055196e+03,4.812579980129718024e+03,7.455167236328125000e+02
1.399655342102050781e-01,8.803539553626678753e+03,4.805088434316159692e+03,4.021583080291748047e+00
2.679293155670166016e-01,8.462742236941141527e+03,4.779030446762265456e+03,7.125553131103515625e+01
3.200881481170654297e-01,8.819629794872713319e+03,4.794408499077196211e+03,7.636207885742187500e+02
1.340427398681640625e-01,8.574753973303833845e+03,4.794512419830211002e+03,8.689673461914062500e+02
1.846249103546142578e-01,7.756873456926085055e+03,4.609610266225642590e+03,2.287853240966796875e+01
1.987974643707275391e-01,7.863770272037972973e+03,4.776871966086916473e+03,7.817058563232421875e+01
2.002801895141601562e-01,8.324825143260484765e+03,4.759237888305663546e+03,1.519329711914062045e+03
2.342822551727294922e-01,7.558363541478142906e+03,4.811990211622538482e+03,9.833551635742187500e+02
2.848403453826904297e-01,8.280882858202870921e+03,4.766751800581948373e+03,6.754024047851562500e+02
2.378273010253906250e-01,8.101755784937440694e+03,4.817692390908984635e+03,8.003440551757812500e+02
3.178806304931640625e-01,8.107560189629452907e+03,4.820134023272089507e+03,5.887642211914062500e+02
2.173368930816650391e-01,8.071211228014092740e+03,4.746407425631377919e+03,2.382575073242188068e+02
1.180572509765625000e-01,8.855758532174204447e+03,4.862872978540993245e+03,2.356608642578125000e+03
2.162685394287109375e-01,8.609370510635259052e+03,4.791358877067550566e+03,5.602588272094727273e+01
1.814095973968505859e-01,8.858261405190783989e+03,4.709550315235166636e+03,5.101734619140625000e+02
2.004296779632568359e-01,8.165941174297372527e+03,4.753536144738654002e+03,6.324924926757812500e+02
2.010366916656494141e-01,8.008065147625047757e+03,4.787682209503484955e+03,5.610322189331054688e+01
1.838834285736083984e-01,7.324285255244285509e+03,4.698783072738890951e+03,1.125197753906250000e+02
1.168060302734375000e-01,2.637838086828223823e+03,4.807596052957439497e+03,4.770000000000000000e+02
2.346055507659912109e-01,8.377345950112163337e+03,4.740801444968224132e+03,3.822887878417968750e+02
2.737402915954589844e-01,8.799289499181462816e+03,4.816399873838217900e+03,5.826397705078125000e+02
2.186074256896972656e-01,8.299989984226556771e+03,4.838832852400904812e+03,4.546309280395507812e+01
4.004364013671875000e-01,8.695695521243269468e+03,4.708789062887020918e+03,4.464577331542968750e+02
1.839487552642822266e-01,8.787563560740554749e+03,4.739357684280576905e+03,1.120449340820312045e+03
2.157559394836425781e-01,8.487879331115784225e+03,4.756352086734317709e+03,9.517565917968750000e+01
2.013742923736572266e-01,7.970862093211928368e+03,4.695935896675976437e+03,1.349519653320312045e+03
2.184057235717773438e-01,7.862612589004115762e+03,4.779912970090831550e+03,2.147133636474609091e+02
1.171576976776123047e-01,8.241802420197793253e+03,4.801696320640285194e+03,2.687647399902343750e+02
1.340677738189697266e-01,8.394935546461867489e+03,4.810390712489004727e+03,2.195952796936035156e+01
4.016323089599609375e-01,8.168039319021707342e+03,4.740847613844704938e+03,2.657422607421875000e+03
2.678742408752441406e-01,8.114478559391985982e+03,4.817414188483727230e+03,5.677682495117187500e+02
1.499221324920654297e-01,7.412032033907557889e+03,4.851587894870963282e+03,-7.000000000000000000e+01
2.172622680664062500e-01,7.847273440361278517e+03,4.785304316590631970e+03,6.252966918945312500e+02
9.998536109924316406e-02,8.804312043377252849e+03,4.745222158012865293e+03,2.022719955444335938e+01
2.681856155395507812e-01,7.662722743064418864e+03,4.784163744142061660e+03,1.598321289062500000e+03
3.003370761871337891e-01,7.450986782822329587e+03,4.852751715452840472e+03,3.307388427734375000e+03
2.014462947845458984e-01,8.494824578822594049e+03,4.752711224627844786e+03,1.211780639648437955e+03
1.847167015075683594e-01,8.272598717242410203e+03,4.790801185088932471e+03,5.453063354492187500e+02
2.497055530548095703e-01,8.706980176900420702e+03,4.752313590928877602e+03,7.674470825195312500e+02
2.678287029266357422e-01,8.609269570843429392e+03,4.787335991366706367e+03,7.968893432617187500e+02
4.345152378082275391e-01,7.260387748724894664e+03,4.720255073260863355e+03,8.573530883789062500e+02
2.844431400299072266e-01,8.422117788833040322e+03,4.621601965711421144e+03,1.956004150390625000e+03
2.338278293609619141e-01,7.623424864794450514e+03,4.801325251076488712e+03,2.612365722656250000e+02
2.195584774017333984e-01,7.014641610745943581e+03,4.803806668312905458e+03,2.155166015625000000e+03
2.518334388732910156e-01,7.421363662246728381e+03,4.764188290469292951e+03,3.371127197265625000e+03
2.079699039459228516e-01,7.385392183841097903e+03,4.839125125368820591e+03,1.426171264648437955e+03
5.680263042449951172e-01,8.061791283001210104e+03,4.782748747417069353e+03,8.904129638671875000e+02
2.342004776000976562e-01,8.536872113697407258e+03,4.782231357636496796e+03,6.994336547851562500e+02
3.538513183593750000e-01,8.911497971213639175e+03,4.809665979347397297e+03,1.472124511718750000e+03
2.601583003997802734e-01,8.451820743722604675e+03,4.767578414547828288e+03,8.692043304443359375e+01
2.671241760253906250e-01,8.892736686978669240e+03,4.831259029309467223e+03,1.899234130859375000e+03
1.846508979797363281e-01,7.944534766833064168e+03,4.800126276399556446e+03,2.637590820312500000e+03
1.171581745147705078e-01,8.673738388875613964e+03,4.756277807642478365e+03,1.645257873535155966e+02
2.179689407348632812e-01,7.348296724320875001e+03,4.782585706608526380e+03,2.902043762207031250e+02
2.850558757781982422e-01,7.924277717742360437e+03,4.728723925052960112e+03,4.684235000610352273e+01
5.007610321044921875e-01,8.724283358860689987e+03,4.805178151174646700e+03,1.231850219726562045e+03
1.682181358337402344e-01,8.548982852416464084e+03,4.821929515919376172e+03,1.609871704101562045e+03
1.775724887847900391e-01,8.790077101656121158e+03,4.795999852499386179e+03,5.048559875488281250e+02
1.999638080596923828e-01,8.168252819133930643e+03,4.800962225184252929e+03,8.735858764648437500e+02
2.521378993988037109e-01,8.030044793787454182e+03,4.850634257983994758e+03,1.546169189453125000e+03
1.849002838134765625e-01,8.260564604883145876e+03,4.846406238185698385e+03,2.841330718994140980e+01
1.668529510498046875e-01,7.950562028512568759e+03,4.816600635558876093e+03,3.314025878906250000e+02
2.342755794525146484e-01,8.202027807026011942e+03,4.829961148050470001e+03,1.421417602539062045e+03
1.339519023895263672e-01,8.527836979208481353e+03,4.596198107086431264e+03,9.672270965576171875e+01
2.342090606689453125e-01,8.125622138325791639e+03,4.803799814765676274e+03,1.013010803222656023e+03
2.518644332885742188e-01,6.163918105988829666e+03,4.762041135200062854e+03,5.626784896850585938e+01
2.672874927520751953e-01,7.903602765967772939e+03,4.782768562161755654e+03,1.247304199218750000e+03
2.335634231567382812e-01,7.739775029799188815e+03,4.816291557491796084e+03,5.856250610351562500e+02
1.681756973266601562e-01,8.122358241974219709e+03,4.806309518610920350e+03,1.403261962890625000e+03
3.014860153198242188e-01,3.697784820134776965e+03,4.883230102923267623e+03,6.531502685546875000e+02
3.179371356964111328e-01,7.759126921337233398e+03,4.795704606903651438e+03,7.520196533203125000e+01
1.503679752349853516e-01,8.051936765059182108e+03,4.802439963749709932e+03,1.488005981445312045e+03
2.143354415893554688e-01,7.878959087433156128e+03,4.803293848825769601e+03,3.388937683105468750e+02
2.665317058563232422e-01,8.543121081828723618e+03,4.847033739946347850e+03,4.479623107910156250e+02
1.844358444213867188e-01,8.479442815001639246e+03,4.834942785992391691e+03,-1.232697129249572976e+00
1.331698894500732422e-01,2.830138243022534425e+03,4.875151066255905789e+03,1.666115951538085938e+01
2.499604225158691406e-01,8.249109386049252862e+03,5.042139389385913091e+03,4.501453552246093750e+02
2.664451599121093750e-01,9.093511827631622509e+03,4.754631386133008164e+03,2.519410888671875000e+03
1.330416202545166016e-01,8.614023777764574334e+03,4.834120025061976776e+03,2.017995119094849077e+00
2.680678367614746094e-01,8.520482750216116983e+03,4.757814065066899275e+03,1.136130981445311932e+02
2.021322250366210938e-01,7.660134849132589807e+03,4.764092233538157416e+03,2.401518554687500000e+03
2.161672115325927734e-01,8.530404527424085245e+03,4.810376967821822291e+03,7.686702880859375000e+02
2.838730812072753906e-01,7.833836353054085521e+03,4.784300833381214943e+03,8.545909423828125000e+02
2.666385173797607422e-01,8.135752744411396634e+03,4.773707550800353602e+03,8.272350463867187500e+02
2.848138809204101562e-01,8.816780776295894611e+03,4.763829735143467587e+03,5.490342712402343750e+01
2.174251079559326172e-01,7.577749780524393827e+03,4.809853010981168154e+03,1.453352050781250000e+03
3.656640052795410156e-01,8.417033879897455336e+03,4.830343586710406271e+03,1.117994140625000000e+03
2.455198764801025391e-01,8.846774322595883859e+03,4.810828101166926899e+03,1.059115478515625000e+03
2.499265670776367188e-01,8.374404989946429851e+03,4.735352978485670974e+03,2.598170471191405895e+01
1.660664081573486328e-01,8.439199278437006797e+03,4.875341853025485761e+03,3.263821533203125000e+03
2.514977455139160156e-01,8.412353898869334444e+03,4.826559591170997010e+03,5.036342468261718750e+02
1.158695220947265625e-01,7.983930332165776235e+03,4.780894248208942372e+03,1.624719085693359091e+02
2.505309581756591797e-01,8.515033899670712344e+03,4.768596843020533015e+03,1.388609375000000000e+03
1.848063468933105469e-01,8.604736963403373011e+03,4.840157345841756069e+03,4.200791320800781250e+02
1.332519054412841797e-01,7.859509369992150823e+03,4.728703448761481013e+03,9.923050537109375000e+02
2.338578701019287109e-01,8.339621906785099782e+03,4.797023057254163177e+03,1.334425048828125000e+03
2.670786380767822266e-01,8.569719853427637645e+03,4.796130789241768070e+03,3.447258758544921875e+01
1.678519248962402344e-01,8.689279306374875887e+03,4.851985418995318469e+03,6.569330596923828125e+01
2.675237655639648438e-01,8.409711791624191392e+03,4.815410663463459969e+03,1.750653442382812045e+03
2.011446952819824219e-01,8.468261200024186110e+03,4.798453542299310357e+03,1.139636108398437955e+03
3.156025409698486328e-01,8.432704859584204314e+03,4.757107886971543849e+03,6.459450073242187500e+02
2.015511989593505859e-01,7.688170773524317156e+03,4.736390996806319890e+03,1.404549316406250000e+03
2.518844604492187500e-01,5.077850718644693188e+03,4.515709717251796064e+03,5.498246459960937500e+02
2.347700595855712891e-01,7.200320781174930744e+03,4.748834992622892969e+03,1.483941162109375000e+03
9.947085380554199219e-02,8.741990763357673131e+03,4.779565236209932664e+03,3.906085586547852273e+01
2.007334232330322266e-01,8.049437033193315074e+03,4.786253602758705711e+03,1.940172363281250000e+03
2.686569690704345703e-01,8.271269703824138560e+03,4.762970358278057574e+03,4.885064392089843750e+02
1.676781177520751953e-01,4.267668246060679849e+03,4.714326513256973158e+03,3.836388549804688068e+02
2.347035408020019531e-01,7.722496142687979045e+03,4.472797224941516106e+03,8.391671752929687500e+02
2.342956066131591797e-01,7.044258224120589148e+03,4.142055623071078116e+03,8.380592651367187500e+02
1.761910915374755859e-01,6.158689583895777105e+03,4.618050391547915751e+03,1.670088256835937955e+03
2.232944965362548828e-01,6.522381887669043863e+03,4.497992917822658455e+03,8.021119384765625000e+02
1.677165031433105469e-01,5.403282161780083698e+03,4.682491851106529793e+03,6.893980102539062500e+02
3.017828464508056641e-01,5.020525811846239776e+03,4.704759680945454420e+03,3.148837804794311968e+00
2.682082653045654297e-01,8.224883766386792558e+03,4.723645892488011668e+03,1.693456909179687955e+03
2.511463165283203125e-01,3.219930055761943095e+03,4.716319456156815249e+03,-1.322769737243651988e+01
2.173094749450683594e-01,5.428639814691415268e+03,4.393434837791114660e+03,1.684567871093750000e+03
2.836925983428955078e-01,8.351015746260680316e+03,4.775277100319173769e+03,2.788220214843750000e+03
1.321938037872314453e-01,5.832404564560340987e+03,4.352775919565365257e+03,2.189855957031250000e+03
2.063748836517333984e-01,4.793147563719802747e+03,4.144433982858804484e+03,5.277814102172852273e+01
2.336208820343017578e-01,8.392077704231334792e+03,4.720537976446101311e+03,1.131406127929687955e+03
2.673702239990234375e-01,7.598681682138961150e+03,4.743119343015567210e+03,2.350000000000000000e+02
1.798100471496582031e-01,8.464292754159781907e+03,4.779352851307326091e+03,8.273666992187500000e+02
2.332773208618164062e-01,8.836243120737661229e+03,4.841044031136367266e+03,8.545668945312500000e+02
2.342393398284912109e-01,8.052989685750725585e+03,4.614043716554515413e+03,6.948760986328125000e+02
2.254705429077148438e-01,8.647271580669990726e+03,4.775588838686294366e+03,1.468415161132812045e+03
1.155135631561279297e-01,8.837643288253862920e+03,4.772334242575204371e+03,5.956384887695312500e+02
2.014081478118896484e-01,7.945940136849520059e+03,4.649575467473960089e+03,1.430493896484375000e+03
3.185837268829345703e-01,7.883698262850275569e+03,4.794714205838762609e+03,1.405148681640625000e+03
2.558910846710205078e-01,8.188822016247769170e+03,4.792428986558303222e+03,1.817735748291015909e+02
1.670281887054443359e-01,8.221402613606829618e+03,4.790360236395984430e+03,1.250872924804687955e+03
2.175924777984619141e-01,7.670081948776376521e+03,4.847542759738982568e+03,3.630257873535156250e+02
2.181055545806884766e-01,7.546462842663529955e+03,4.781109033119599189e+03,2.792366333007811932e+02
2.514283657073974609e-01,8.146246211151870739e+03,4.806305516538403026e+03,9.679389648437500000e+02
2.339398860931396484e-01,8.309812373846851187e+03,4.829095062776347731e+03,6.697244262695312500e+01
2.548961639404296875e-01,7.863434372926234573e+03,4.703166245332969083e+03,7.587803344726562500e+02
2.499942779541015625e-01,5.752763153328192857e+03,4.707421403035281401e+03,1.305237274169921875e+02
1.989569664001464844e-01,8.782158319050684440e+03,4.775123221543813088e+03,1.499585327148437955e+03
2.495501041412353516e-01,7.641496931856141600e+03,4.796479988829824833e+03,2.225044250488280966e+02
2.510805130004882812e-01,7.940842426897540463e+03,4.805996043321774778e+03,4.237335815429688068e+02
1.994602680206298828e-01,8.129644955514473622e+03,4.747460708975206217e+03,1.190905151367187955e+03
1.686775684356689453e-01,7.874321026783688467e+03,4.802709018014717913e+03,2.160428710937500000e+03
2.009589672088623047e-01,8.482073126644658259e+03,4.778600327721113899e+03,9.998317260742187500e+02
1.672482490539550781e-01,8.666366909267555457e+03,4.896547531928889839e+03,6.156117630004882812e+01
3.171584606170654297e-01,6.433589625295772748e+03,4.661608473816384503e+03,4.523476562500000000e+02
1.846535205841064453e-01,8.394542195334450298e+03,4.805973367980206604e+03,1.432049316406250000e+03
1.680467128753662109e-01,7.840680818989736508e+03,4.771829247360916270e+03,2.561178779602051137e+01
1.169147491455078125e-01,8.549877599370711323e+03,4.801839362259920563e+03,2.155513305664061932e+02
2.352645397186279297e-01,8.462778100862602514e+03,4.811729475711841587e+03,3.995756225585938068e+02
2.029681205749511719e-01,7.746347394902221822e+03,4.735153383280665366e+03,4.960017700195311932e+02
2.516548633575439453e-01,8.004202610825225747e+03,4.743969528480368353e+03,-8.108806610107421875e+01
2.674407958984375000e-01,7.175387222700180246e+03,4.689535862968657966e+03,1.035670928955077983e+02
2.128322124481201172e-01,7.406127386724049757e+03,4.624544055703369850e+03,1.711689453125000000e+03
2.338118553161621094e-01,8.102321017960184690e+03,4.706122870974454599e+03,1.625623535156250000e+03
1.601526737213134766e-01,8.355373819250075030e+03,4.774090534018787366e+03,5.596416625976562500e+02
2.054593563079833984e-01,7.568651501978514716e+03,4.683539032574431985e+03,2.392624023437500000e+03
1.158413887023925781e-01,8.489794711298569382e+03,4.855101451133342380e+03,2.086816406250000000e+01
1.997044086456298828e-01,8.625321069522460675e+03,4.848835367167686854e+03,1.880338012695312045e+03
2.353291511535644531e-01,8.199188926607834219e+03,4.843709714796499611e+03,6.429400024414062500e+02
3.337619304656982422e-01,7.804865778121243238e+03,4.789050364930844808e+03,3.167855529785156250e+02
3.018126487731933594e-01,7.685552318434694826e+03,4.686416849717435070e+03,1.786913452148438068e+02
1.847050189971923828e-01,6.995836080319068969e+03,4.801826046851559113e+03,8.913144683837890625e+01
3.007020950317382812e-01,7.971406104695804970e+03,4.794429358714660339e+03,1.605418853759765909e+02
2.180280685424804688e-01,8.687066860056746009e+03,4.818198330670289579e+03,8.228898315429687500e+02
2.319297790527343750e-01,7.829081679075711691e+03,4.778068202603020836e+03,1.858744049072265909e+02
2.667422294616699219e-01,8.643452981644104511e+03,4.913456740298969635e+03,7.064151000976562500e+02
1.336996555328369141e-01,7.692631646995259871e+03,4.751900375806671946e+03,6.809226074218750000e+02
2.993586063385009766e-01,7.839273589705932864e+03,4.787174528259062754e+03,8.840918579101562500e+02
2.182550430297851562e-01,8.564464529190016037e+03,4.754944724702600979e+03,1.306514038085937955e+03
2.005336284637451172e-01,8.388443732153871679e+03,4.858626137288542850e+03,8.779929809570312500e+02
2.014682292938232422e-01,8.654565542318367079e+03,4.852350375135463764e+03,3.224448013305664062e+01
3.018460273742675781e-01,8.506767173024651129e+03,4.824096663261721915e+03,7.961719360351562500e+02
2.347247600555419922e-01,8.406709439256197584e+03,4.760468868656082122e+03,2.434396057128905966e+02
2.610664367675781250e-01,7.824172949316414815e+03,4.840658543111735526e+03,1.967877807617188068e+02
2.170286178588867188e-01,8.508331876525631742e+03,4.741728888746593839e+03,1.140231094360351989e+02
1.845562458038330078e-01,8.676099424280040694e+03,4.782415884255991841e+03,8.189999389648437500e+02
1.494972705841064453e-01,8.755079880356639478e+03,4.769989399138281442e+03,1.233922100067139027e+01
1.328730583190917969e-01,6.802489131774167618e+03,4.460039479585944719e+03,1.457219604492187955e+03
2.663717269897460938e-01,8.036442739708683803e+03,4.856337194393328900e+03,1.332570434570312045e+03
1.161544322967529297e-01,8.455433876168164716e+03,4.805371691931284658e+03,2.154420089721680043e+01
1.169991493225097656e-01,7.985080212958300763e+03,4.777630347821484975e+03,3.668949890136718750e+02
2.182030677795410156e-01,8.396197617524825546e+03,4.852515293493675017e+03,2.660743652343750000e+03
1.999056339263916016e-01,8.124360684943268097e+03,4.736060668893243928e+03,3.829991455078125000e+02
2.339839935302734375e-01,8.745922869783935312e+03,4.740982788156814422e+03,4.454505615234375000e+02
2.018547058105468750e-01,8.783670965565750521e+03,4.699861243740832833e+03,4.500000000000000000e+00
3.171937465667724609e-01,8.110516529309314137e+03,4.779829094693427578e+03,3.458013153076171875e+01
2.338061332702636719e-01,8.303128769063847358e+03,4.825903947879170119e+03,1.971995239257812045e+03
1.337356567382812500e-01,8.211306620115119586e+03,4.830336272261083650e+03,2.007826416015625000e+03
2.136108875274658203e-01,8.433271394759196482e+03,4.831882421898781104e+03,1.024208374023437955e+03
1.161382198333740234e-01,7.669031051107209350e+03,4.821223929518367186e+03,8.261636962890625000e+02
2.342381477355957031e-01,7.231693865413141793e+03,4.793803648338697712e+03,1.062761230468750000e+03
2.670490741729736328e-01,8.545653914354848894e+03,4.611119879073683478e+03,2.403069580078125000e+03
2.107069492340087891e-01,8.819260712432744185e+03,4.755172853699360530e+03,9.620983123779296875e+01
2.497642040252685547e-01,8.645855758607633106e+03,4.634700630990570971e+03,9.930697631835937500e+02
2.168159484863281250e-01,8.118551931145275375e+03,4.742483202710931437e+03,5.524783935546875000e+02
2.424850463867187500e-01,8.168201276578198303e+03,4.800642792602295231e+03,6.086010131835937500e+02
2.012798786163330078e-01,7.120635636340580277e+03,4.830934204807155766e+03,1.003085815429687955e+03
1.983151435852050781e-01,1.796257475874428110e+03,4.807070795354257825e+03,4.940012817382811932e+02
3.825621604919433594e-01,7.796648070600361280e+03,4.822247183515667530e+03,3.053629150390625000e+03
2.838788032531738281e-01,8.008993416320981851e+03,4.838836908818871962e+03,8.528419189453125000e+02
2.842850685119628906e-01,8.191081692057297914e+03,4.850964260899675537e+03,2.088775482177734091e+02
1.994700431823730469e-01,8.534979698296323477e+03,4.504070932935288511e+03,1.644275024414062045e+03
2.681434154510498047e-01,7.806334364647256734e+03,4.828309485631509233e+03,8.869237060546875000e+02
3.179826736450195312e-01,8.263836280638246535e+03,4.841839753445108727e+03,2.025290039062500000e+03
1.848652362823486328e-01,8.084095587782134317e+03,4.836764190914317624e+03,8.853793334960937500e+02
3.172361850738525391e-01,8.018744411200917057e+03,4.773166928984880542e+03,5.183048706054687500e+02
2.338380813598632812e-01,8.104702677524272076e+03,4.724208495418848543e+03,8.935265350341796875e+01
2.687005996704101562e-01,8.434120362857613145e+03,4.803643140477454835e+03,1.244188766479492045e+02
2.159781455993652344e-01,6.061106544033642422e+03,4.552547593243796655e+03,6.251828613281250000e+02
2.348339557647705078e-01,8.178254795331965397e+03,4.729539062302071216e+03,6.914309082031250000e+02
3.018045425415039062e-01,6.889439368569544058e+03,4.683211150003809962e+03,1.902262329101562045e+03
1.668057441711425781e-01,7.793456111721921843e+03,4.825456514049215912e+03,4.998504638671875000e+02
3.014457225799560547e-01,8.288543335452466636e+03,4.841812677189541319e+03,1.072116546630858949e+02
3.662867546081542969e-01,8.273912062362769575e+03,4.791311908533140922e+03,1.973559570312500000e+03
1.864678859710693359e-01,8.050343652244855548e+03,4.794965513858799568e+03,1.090636962890625000e+03
2.180840969085693359e-01,7.865349325694248364e+03,4.777304598264368906e+03,2.064797119140625000e+03
1.159331798553466797e-01,7.728438017009402756e+03,4.759125214201181734e+03,3.201500320434570312e+01
1.998541355133056641e-01,7.670690598873924500e+03,4.657450194470505267e+03,7.639085083007812500e+02
2.995634078979492188e-01,6.175580675806595536e+03,4.729823079466096715e+03,1.362991577148437955e+03
2.190291881561279297e-01,8.518893188178684795e+03,4.920047627488806029e+03,6.937103271484375000e+02
1.339433193206787109e-01,8.200450522656299654e+03,4.739646403128649581e+03,1.530915832519530966e+02
2.184004783630371094e-01,8.382036391748843016e+03,4.742982005401225251e+03,8.037894439697265625e+01
2.170433998107910156e-01,8.584017545096950926e+03,4.745556180427968684e+03,1.711736572265625000e+03
2.704560756683349609e-01,8.945567149897502532e+03,4.667973440904461313e+03,6.578815307617187500e+02
1.826376914978027344e-01,8.182389602785769057e+03,4.818853605864853307e+03,6.047912597656250000e+01
1.492784023284912109e-01,8.684449290183656558e+03,4.780239075477596089e+03,6.043819580078125000e+02
2.084207534790039062e-01,8.678033788246382755e+03,4.831197796456843207e+03,2.114490234375000000e+03
2.160151004791259766e-01,8.080157184257706831e+03,4.848801424020678496e+03,1.416464965820312045e+03
2.006325721740722656e-01,8.929128236433531129e+03,4.873985297308211557e+03,6.071906738281250000e+02
2.555694580078125000e-01,8.506732261056453353e+03,4.647999938031076454e+03,8.317968750000000000e+01
2.349724769592285156e-01,8.345383944597471782e+03,4.867992956764026530e+03,1.219599365234375000e+03
2.183861732482910156e-01,5.551354897721026646e+03,4.771244165222357879e+03,1.587968750000000000e+03
1.970386505126953125e-01,8.554562621178538393e+03,1.024907523583670468e+02,4.761772766113281250e+02
2.175235748291015625e-01,5.030749566899507954e+03,4.403831762864940174e+03,1.549769973754882990e+01
3.342983722686767578e-01,8.415576962663541053e+03,4.815041870457175719e+03,1.197710327148437955e+03
1.980555057525634766e-01,8.858054156039728696e+03,4.794625448245794360e+03,4.731654968261718750e+02
2.573277950286865234e-01,8.186395579859980899e+03,4.840999756817072011e+03,4.305464782714843750e+02
2.356920242309570312e-01,8.578952319894568063e+03,4.709167554380136608e+03,7.045779418945312500e+02
1.843895912170410156e-01,6.865044519145735649e+03,4.722434247673160826e+03,9.396900634765625000e+02
2.498691082000732422e-01,7.973300053304467838e+03,4.737977212438750939e+03,7.354470825195312500e+02
1.669335365295410156e-01,8.036494802114595586e+03,4.878625213707655348e+03,1.559936035156250000e+03
2.341544628143310547e-01,9.017625210604130189e+03,4.668058110563221817e+03,1.393231933593750000e+03
2.350983619689941406e-01,7.465116799521873872e+03,4.720792232211487317e+03,2.349122772216796875e+02
1.672923564910888672e-01,7.761203281130642608e+03,4.800489365985254153e+03,1.888042602539062045e+03
1.343472003936767578e-01,8.716815312932352754e+03,4.778061045621947414e+03,8.777951812744140625e+01
2.348213195800781250e-01,8.402417306074006774e+03,4.696433325664558652e+03,1.363872680664061932e+02
2.543165683746337891e-01,6.881762741120141072e+03,4.669236613923886580e+03,1.249703735351562045e+03
2.170176506042480469e-01,7.960487527288621095e+03,4.812310009835488017e+03,5.555940551757812500e+02
2.182474136352539062e-01,8.299543853342393049e+03,4.775627785328591017e+03,1.221895385742187955e+03
2.848711013793945312e-01,8.275053113344576559e+03,4.758757145281283556e+03,2.548705566406250000e+03
2.338156700134277344e-01,7.767352265166548932e+03,4.743137717169444841e+03,1.897536773681640909e+02
1.507005691528320312e-01,7.502921979925759842e+03,4.830604226311482307e+03,1.119961547851561932e+02
2.004854679107666016e-01,8.530474296387121285e+03,4.709399179472226933e+03,5.239775390625000000e+02
1.493122577667236328e-01,7.452315537187084374e+03,4.840001383139447171e+03,-2.500000000000000000e+00
1.512975692749023438e-01,8.916545560604870843e+03,4.765600193619799029e+03,1.299862548828125000e+03
3.290259838104248047e-01,7.181501299068248954e+03,4.714660417759551819e+03,3.907207031250000000e+02
1.163561344146728516e-01,8.230492427998831772e+03,4.815014901812194694e+03,4.684170246124267578e+00
1.851720809936523438e-01,7.265774944841179604e+03,4.868732051090267305e+03,1.856076965332030966e+02
2.178475856781005859e-01,6.069224918667371639e+03,4.713992839379395264e+03,1.649467285156250000e+03
2.182431221008300781e-01,8.103125508608469318e+03,4.770683071956950698e+03,8.263148803710937500e+02
1.838967800140380859e-01,7.775688665452520581e+03,4.832632555004851383e+03,1.333923339843750000e+03
2.018854618072509766e-01,8.302925842076694607e+03,4.856657465962079186e+03,8.928970336914062500e+02
2.335510253906250000e-01,7.794458280403794561e+03,4.800101185328857355e+03,6.539526367187500000e+02
2.329411506652832031e-01,7.627519725109428691e+03,4.811443940234119509e+03,6.843408203125000000e+02
3.004672527313232422e-01,8.296569611577997421e+03,4.755114467003301797e+03,1.503615234375000000e+03
3.069362640380859375e-01,8.187510775978761558e+03,4.776369397868167653e+03,1.955003509521484091e+02
2.083597183227539062e-01,8.134117608371109782e+03,4.548873926959612618e+03,9.232388305664062500e+02
1.821177005767822266e-01,8.053764999869802523e+03,4.817375706024211468e+03,1.415979248046875000e+03
4.328320026397705078e-01,8.176715629214600085e+03,4.759291704687159836e+03,1.209117675781250000e+03
2.004101276397705078e-01,8.176269179368436198e+03,4.762371542295838481e+03,-2.500000000000000000e+00
2.001726627349853516e-01,8.629165723489441007e+03,4.883193906031535334e+03,6.458286285400390625e+00
2.507679462432861328e-01,8.158507372393880360e+03,4.821051735649462898e+03,1.269841957092284979e+01
2.012593746185302734e-01,8.581947424257514285e+03,4.798756725524358444e+03,1.129332885742187955e+03
2.835786342620849609e-01,8.016784267279837877e+03,4.781389281953331192e+03,5.040558624267578125e+01
2.000246047973632812e-01,8.253696811464589700e+03,4.811616785424982481e+03,6.868190917968750000e+02
2.000749111175537109e-01,7.538560137247225612e+03,4.795759630638596718e+03,5.007750549316406250e+02
2.181379795074462891e-01,8.102489400489555010e+03,4.787866022336897913e+03,9.468897094726562500e+02
2.513179779052734375e-01,9.025006210735000423e+03,4.874845015086350031e+03,-8.232073974609375000e+01
1.832098960876464844e-01,8.403766159552096724e+03,4.827850260685268040e+03,6.541536254882812500e+02
2.674858570098876953e-01,8.432988009086504462e+03,4.856304118936976010e+03,2.272125732421875000e+03
2.501552104949951172e-01,8.862187792761540550e+03,4.756728556858114644e+03,3.175546875000000000e+02
2.049269676208496094e-01,8.998707633834816079e+03,4.823760323599818548e+03,1.127446899414062045e+03
3.502454757690429688e-01,8.582826142016912854e+03,4.948983986600076605e+03,6.195954589843750000e+02
2.658796310424804688e-01,7.083313493155704236e+03,4.659229665713826762e+03,1.317881225585937955e+03
2.686226367950439453e-01,8.641147754278767025e+03,4.772003766721330067e+03,2.809852294921875000e+02
1.847033500671386719e-01,8.505224028702050418e+03,4.733755763507464508e+03,1.011956024169922017e+02
2.178943157196044922e-01,8.262742098665063168e+03,4.816695376404903982e+03,8.007141723632812500e+02
2.185547351837158203e-01,7.503325083703047312e+03,4.696596368475142299e+03,1.816267944335937955e+03
2.657215595245361328e-01,7.617947904168112473e+03,4.584230215025482721e+03,1.480828002929687955e+03
2.506365776062011719e-01,8.609626718207673548e+03,4.765730037812499177e+03,1.808537963867187955e+03
4.840424060821533203e-01,8.752960595757491319e+03,4.793851424103883801e+03,6.642666625976562500e+02
2.850294113159179688e-01,8.160987665981958344e+03,4.780716249707891620e+03,1.535458129882812045e+03
3.009407520294189453e-01,4.888966877694310824e+03,4.784920098817378857e+03,1.625594848632812045e+03
2.342498302459716797e-01,7.952366719139390625e+03,4.845722527651795644e+03,4.920402832031250000e+02
2.248201370239257812e-01,8.395885077543933221e+03,4.835228610069549177e+03,5.215072631835937500e+02
1.846902370452880859e-01,8.849690588336219662e+03,4.811059714536849242e+03,1.660000000000000000e+02
1.002752780914306641e-01,8.561547639059810535e+03,4.802572394045605506e+03,6.984965209960937500e+02
1.503133773803710938e-01,7.875622307442797137e+03,4.810782086651962345e+03,5.054623794555664062e+01
2.179124355316162109e-01,7.935929129617571562e+03,4.781424173910755599e+03,2.763791809082031250e+02
1.674089431762695312e-01,7.932918619452056191e+03,4.670537002350801231e+03,5.508987426757811789e+01
4.536244869232177734e-01,7.297991906053521234e+03,4.834755919290855672e+03,1.873444580078125000e+03
3.343653678894042969e-01,8.216448399177003012e+03,4.800551914186746217e+03,-1.577685356140136941e+00
2.016961574554443359e-01,8.510170917683608423e+03,4.785276357660347458e+03,3.311859130859375000e+03
1.164438724517822266e-01,8.640881915768388353e+03,4.797306503910554966e+03,2.362495422363280966e+02
1.494448184967041016e-01,8.361698815669884425e+03,4.843706037311680120e+03,1.190904922485351989e+02
3.314538002014160156e-01,7.790223403489882003e+03,4.717256987707926783e+03,4.643011856079102273e+01
1.183772087097167969e-01,8.442115859076146080e+03,4.794536883582742121e+03,1.065904922485351989e+02
2.172796726226806641e-01,7.912341025257537694e+03,4.675430556550002620e+03,8.444171142578125000e+02
2.167148590087890625e-01,4.930667788804642441e+03,4.781189558864658466e+03,4.460293884277343750e+02
2.163779735565185547e-01,8.241267746325454937e+03,4.743288242071519562e+03,2.032500610351562045e+03
2.016754150390625000e-01,8.043581579707679339e+03,4.742253506692826704e+03,6.065294189453125000e+02
1.339068412780761719e-01,7.518873871332935778e+03,4.821237352717408612e+03,5.729475021362304688e+01
1.332423686981201172e-01,7.022549962088820394e+03,4.808150796202858146e+03,1.048304901123047017e+02
1.488351821899414062e-01,7.979175092945130928e+03,4.841202381262703057e+03,4.466651306152343750e+02
1.505019664764404297e-01,8.332897916438501852e+03,4.790422142288091891e+03,2.411932754516601918e+01
1.683907508850097656e-01,8.344486622783924759e+03,4.739164977542131965e+03,1.746423461914062045e+03
2.031381130218505859e-01,8.750196094413318860e+03,4.648447153612592047e+03,1.173745239257812045e+03
2.012879848480224609e-01,8.403075723614087110e+03,4.755346343390517177e+03,9.151359252929687500e+02
1.839439868927001953e-01,5.291345910904715311e+03,4.828466619073210495e+03,1.988557739257811932e+02
2.500953674316406250e-01,7.567572955402984007e+03,4.746829723851898052e+03,1.405753631591796875e+02
2.151279449462890625e-01,8.582351787509614951e+03,4.725273315732880292e+03,1.647706054687500000e+03
1.989889144897460938e-01,8.753093240306241569e+03,4.836919173008300277e+03,1.831127075195312045e+03
2.341499328613281250e-01,8.887860730032763968e+03,4.750694116868799028e+03,9.313223876953125000e+02
2.166018486022949219e-01,8.805011519132956892e+03,4.846035007277378099e+03,5.445835571289062500e+02
1.668696403503417969e-01,7.863795385384633846e+03,4.891868542959056867e+03,1.893824096679687955e+03
1.497263908386230469e-01,8.088443734913321350e+03,4.809641933483696448e+03,8.451663208007812500e+01
1.989033222198486328e-01,8.335699038896789716e+03,4.831208772042733472e+03,1.106023193359375000e+03
1.338076591491699219e-01,8.612492664899316878e+03,4.827370167892170684e+03,7.468135070800781250e+01
3.350453376770019531e-01,8.732090385238858289e+03,4.777742769972684073e+03,1.334757202148437955e+03
2.238407135009765625e-01,8.006031346618494354e+03,4.726999741882642411e+03,1.220864501953125000e+03
2.014067173004150391e-01,8.093068544246625606e+03,4.756034643868269086e+03,1.466161132812500000e+03
2.681565284729003906e-01,8.605887193737293273e+03,4.808221173266900223e+03,2.014212768554687955e+03
1.554012298583984375e-01,7.254183179388456665e+03,4.807401189015584350e+03,4.498899536132811932e+02
2.165954113006591797e-01,8.402137499091104473e+03,4.708284075474479323e+03,5.608570480346679688e+01
1.848549842834472656e-01,8.594887479903507483e+03,4.832244745251069617e+03,6.305208129882812500e+02
2.214670181274414062e-01,8.600660837109755448e+03,4.847963857655649008e+03,4.484360961914061932e+02
2.498786449432373047e-01,8.373738425258776260e+03,4.758372695493487299e+03,2.071255126953125000e+03
2.513723373413085938e-01,8.158266335735916982e+03,4.821128051676957512e+03,2.285804290771484091e+02
2.018575668334960938e-01,8.250863630851328708e+03,4.840440307552175000e+03,4.229738464355468750e+02
2.022843360900878906e-01,8.391681180470010077e+03,4.789159919265364806e+03,1.424436157226562045e+03
3.164732456207275391e-01,7.759001183898851195e+03,4.749917831365755774e+03,1.266600341796875000e+03
2.474439144134521484e-01,7.720707444021657466e+03,4.697063359523179315e+03,7.957294921875000000e+02
2.328865528106689453e-01,8.465810794652425102e+03,4.771130734111008678e+03,5.727407226562500000e+02
2.990739345550537109e-01,8.449858796681803142e+03,4.589773669195429648e+03,1.133262207031250000e+03
1.839194297790527344e-01,6.932665932835396234e+03,4.878706308770360920e+03,5.648927001953125000e+02
1.846554279327392578e-01,8.655559161682147533e+03,4.813070704330901208e+03,1.392911529541015909e+02
2.658975124359130859e-01,8.207063566141485353e+03,4.798695743864271208e+03,1.217859375000000000e+03
1.318686008453369141e-01,7.363675042398708683e+03,4.827036831630864981e+03,5.522951889038085938e+01
2.320747375488281250e-01,8.854083554539587567e+03,4.804715888059981808e+03,2.729259033203125000e+02
2.832772731781005859e-01,8.530659167445252024e+03,4.789359930347287445e+03,8.898994140625000000e+02
2.847228050231933594e-01,8.233653379835670421e+03,4.875517946969790501e+03,5.269385986328125000e+02
1.973245143890380859e-01,8.297326110646512461e+03,4.801135268920714225e+03,1.259328369140625000e+03
1.847963333129882812e-01,7.853154349366823226e+03,4.757409041994262225e+03,1.179434814453125000e+03
1.936533451080322266e-01,8.620032745155471275e+03,4.820742469526809145e+03,1.616934692382812045e+03
2.882833480834960938e-01,8.757424994798129774e+03,4.866168276913323098e+03,5.911823730468750000e+02
1.168973445892333984e-01,8.246638789681954222e+03,4.841962374020610696e+03,3.729865722656250000e+02
1.986801624298095703e-01,8.247505220120083322e+03,4.784436608577257175e+03,1.110375366210937955e+03
2.473821640014648438e-01,8.666020173700646410e+03,4.775317923121380772e+03,6.523136596679687500e+02
2.336750030517578125e-01,7.415772245215422117e+03,3.836852104167453490e+03,6.893098144531250000e+02
1.168971061706542969e-01,4.325255543368391045e+03,4.764134737779841998e+03,1.401474761962890909e+02
2.177813053131103516e-01,6.925509817186448345e+03,4.916759149089254606e+03,2.085904785156250000e+03
2.680368423461914062e-01,8.472989361487987480e+03,4.826907085151063256e+03,9.242878417968750000e+02
2.667860984802246094e-01,1.298990807416556208e+03,4.862651955137512232e+03,2.575090820312500000e+03
3.016483783721923828e-01,7.833432180740800504e+03,4.666000483325835376e+03,1.455157836914062045e+03
2.501704692840576172e-01,7.441677785277625844e+03,4.889425700125427284e+03,5.286050415039062500e+02
3.327143192291259766e-01,8.375175964825375559e+03,4.817552424072821850e+03,1.465856933593750000e+03
2.512998580932617188e-01,8.009348134451774968e+03,4.788145172507271127e+03,1.626214355468750000e+03
1.671605110168457031e-01,8.542074235963815227e+03,4.830623669529854851e+03,2.183945068359375000e+03
1.168141365051269531e-01,7.910398348405091383e+03,4.812827431725869246e+03,6.815179443359375000e+01
3.171041011810302734e-01,8.449078588815917101e+03,4.747396003902693337e+03,3.958215332031250000e+02
2.011816501617431641e-01,8.371754990017407181e+03,4.742168164890393200e+03,1.041614379882812045e+03
2.172520160675048828e-01,8.719417146316125582e+03,4.758681109703127731e+03,2.413003158569335938e+01
1.784412860870361328e-01,8.503571927565169972e+03,4.764873346716126434e+03,1.816096191406250000e+03
2.214519977569580078e-01,8.196549146198258313e+03,4.831082652081753622e+03,1.911296844482421875e+02
2.514085769653320312e-01,7.911643921653817415e+03,4.549206658266553859e+03,1.673285888671875000e+03
2.012038230895996094e-01,8.322826102644772618e+03,4.839398305992842324e+03,1.326998168945312045e+03
2.079138755798339844e-01,8.589549886997976500e+03,4.808304712939728233e+03,1.154075805664062045e+03
1.827082633972167969e-01,7.783227161122020334e+03,4.647963045255780344e+03,2.456973632812500000e+03
2.179877758026123047e-01,7.490441385072048433e+03,4.714426624635727421e+03,6.523344421386718750e+01
1.341061592102050781e-01,8.465843839644388936e+03,4.839143671309618185e+03,3.251112670898438068e+02
1.504294872283935547e-01,7.046791887446915098e+03,4.786390811801558812e+03,1.348292724609375000e+03
2.496135234832763672e-01,8.627023094215066521e+03,4.831784578868167046e+03,1.532325897216796875e+02
3.507940769195556641e-01,8.405245954818625250e+03,4.804250667292937578e+03,2.052246093750000000e+03
1.164948940277099609e-01,8.506369679739851563e+03,4.813350316637855940e+03,2.542672729492187855e+01
1.119310855865478516e-01,8.833571825109429483e+03,4.850662985858193679e+03,4.651366043090820312e+01
2.496626377105712891e-01,8.534889614797886679e+03,4.769972505701024602e+03,2.836243408203125000e+03
3.016855716705322266e-01,8.594646809612630022e+03,4.758409680675761592e+03,1.329586181640625000e+03
1.234767436981201172e-01,7.647796221636897826e+03,4.771317410021989417e+03,1.801476097106933949e+01
2.464723587036132812e-01,7.750740128981575253e+03,4.768407003474630073e+03,7.505113220214843750e+01
1.161847114562988281e-01,8.566276607545976731e+03,4.747213426104144673e+03,2.115823242187500000e+03
2.512753009796142578e-01,8.667870668359708361e+03,4.735662301061139260e+03,6.971264648437500000e+02
1.593093872070312500e-01,8.018728507913266185e+03,4.820865365950589876e+03,1.912950561523437955e+03
2.019467353820800781e-01,8.549309796107132570e+03,4.778575461177926627e+03,9.260269165039062500e+02
1.278502941131591797e-01,8.016489523817404915e+03,4.703899942281397671e+03,9.335629882812500000e+02
1.113486289978027344e-01,8.498081610805846140e+03,4.794709654087212584e+03,4.978180313110352273e+01
2.342126369476318359e-01,7.692516909075056901e+03,4.797818615369835243e+03,8.179631042480468750e+01
2.180886268615722656e-01,7.774586668657921109e+03,4.815189725184245617e+03,3.953777465820311932e+02
2.668614387512207031e-01,8.357177181619228577e+03,4.664390830339590138e+03,6.106967773437500000e+02
2.348563671112060547e-01,6.459096703918243293e+03,4.755740193301337968e+03,1.542248901367187955e+03
1.665143966674804688e-01,8.300575222491277600e+03,4.844241267905686982e+03,-7.000000000000000000e+01
1.854345798492431641e-01,8.025680716119229146e+03,4.697129248048235240e+03,9.444699096679687500e+01
1.498813629150390625e-01,8.288428172560797975e+03,4.839093443047638175e+03,2.159931152343750000e+03
2.674190998077392578e-01,7.136779950144259601e+03,4.756185241983447668e+03,9.162178039550781250e+01
1.509671211242675781e-01,7.698791860112800350e+03,4.753677636304737462e+03,9.374132690429687500e+02
2.181656360626220703e-01,8.517958168057974035e+03,4.828156593253233041e+03,1.166798339843750000e+03
2.332849502563476562e-01,7.968443654513332149e+03,4.766871959590675942e+03,2.861128540039061932e+02
2.680466175079345703e-01,7.934301236628563856e+03,4.792891541500653148e+03,6.716555175781250000e+02
2.855792045593261719e-01,8.897005243920959401e+03,4.798246882963981079e+03,3.108193664550781250e+02
2.619714736938476562e-01,6.344948318175981512e+03,4.742558907083844133e+03,1.508283813476562045e+03
2.178633213043212891e-01,7.177567288827000993e+03,4.889662773885085699e+03,7.357139282226562500e+02
2.180898189544677734e-01,8.568585995697305407e+03,4.680545642189717910e+03,8.956393432617187500e+02
1.257653236389160156e-01,7.444513579215333266e+03,4.728247113321603138e+03,-5.862352371215820312e+00
1.511983871459960938e-01,7.839465932535671527e+03,4.672704365646725819e+03,-2.000000000000000000e+00
1.844570636749267578e-01,8.270991043335992799e+03,4.888838242862408151e+03,8.269643554687500000e+02
2.538852691650390625e-01,7.895009588782846549e+03,4.793619379330824813e+03,1.225032104492187955e+03
2.662463188171386719e-01,8.863889828732038950e+03,4.813023691366971434e+03,9.908714599609375000e+02
2.645719051361083984e-01,8.250012289401458474e+03,4.817186174524082162e+03,3.959297790527343750e+02
1.473572254180908203e-01,8.508296288597741295e+03,4.819164545630778775e+03,1.463933837890625000e+03
2.842674255371093750e-01,7.779807581461910559e+03,4.786883203779789255e+03,4.207231750488281250e+02
2.498767375946044922e-01,8.829010668088374587e+03,4.787346201345611917e+03,9.097807312011718750e+01
2.720623016357421875e-01,8.416244365407546866e+03,4.756138027426440203e+03,4.912434997558593750e+02
3.341820240020751953e-01,8.203055832869611550e+03,4.826523460816277293e+03,2.653851318359375000e+03
2.405083179473876953e-01,8.152019596561296567e+03,4.777234935047094041e+03,5.308540039062500000e+02
1.669933795928955078e-01,8.716664741456017509e+03,4.822930041938696377e+03,2.067411865234375000e+03
3.004875183105468750e-01,8.238652618806469036e+03,4.819082927242839105e+03,3.187372436523438068e+02
2.667841911315917969e-01,7.895080770864103215e+03,4.744833948563213198e+03,1.067441772460937955e+03
1.677026748657226562e-01,8.593169700588430715e+03,4.789148377037091450e+03,1.292009033203125000e+03
2.515647411346435547e-01,8.934297945395952411e+03,4.861688114405651504e+03,2.960236358642578125e+01
3.215105533599853516e-01,8.757611637174346470e+03,4.838957638789633165e+03,8.227130126953125000e+02
2.550380229949951172e-01,8.361684511820289117e+03,4.765778567257742907e+03,6.388024902343750000e+02
3.015401363372802734e-01,8.322242586713558921e+03,4.823098531827274201e+03,5.140437622070312500e+02
1.170740127563476562e-01,9.101200236075052089e+03,4.835898751208158501e+03,9.522314453125000000e+02
2.005550861358642578e-01,8.424393433727564116e+03,4.796719333794660997e+03,8.528787841796875000e+02
2.005052566528320312e-01,8.255875472332996651e+03,4.353658131510939711e+03,4.967755126953125000e+02
1.836719512939453125e-01,8.302947523639913925e+03,4.788792865761048233e+03,1.272312622070311932e+02
1.507060527801513672e-01,8.439030092913260887e+03,4.819637641857056224e+03,2.734983062744140980e+01
5.513319969177246094e-01,8.305906328916255006e+03,4.840699138262533779e+03,5.354985351562500000e+02
1.844847202301025391e-01,7.631765883372478129e+03,4.811539242291116352e+03,1.736843750000000000e+03
1.171164512634277344e-01,8.229717045513396442e+03,4.733985006810295090e+03,1.447801147460937955e+03
2.338747978210449219e-01,8.063364908315983484e+03,4.855216770934012857e+03,2.109484130859375000e+03
2.848248481750488281e-01,8.257939092405864358e+03,4.831507827823344996e+03,3.498540771484375000e+03
1.532387733459472656e-01,8.551035982252275062e+03,4.806832131833350104e+03,8.003347167968750000e+02
2.843592166900634766e-01,7.713896317800655197e+03,4.778372394125928622e+03,1.211695678710937955e+03
2.510201930999755859e-01,8.140618593679349033e+03,4.814999600591465423e+03,4.640320129394531250e+02
2.792019844055175781e-01,8.051992987790108600e+03,4.819598932235001485e+03,1.181577514648437955e+03
2.996511459350585938e-01,8.525836478503770195e+03,4.790038048702731430e+03,3.467570495605468750e+02
3.333826065063476562e-01,8.786155643922662421e+03,4.723233414423179056e+03,4.662341613769531250e+02
1.328587532043457031e-01,8.225557831788768453e+03,4.837870320504032861e+03,1.788313598632811932e+02
2.683491706848144531e-01,8.207877266970794153e+03,4.810593646364892265e+03,5.392224502563477273e+01
3.345098495483398438e-01,6.270658678598367260e+03,4.738800730497945551e+03,2.165250091552734091e+02
1.332252025604248047e-01,8.319547927545687344e+03,4.728490210732603373e+03,1.083176147460937955e+03
2.002923488616943359e-01,8.616763424182001472e+03,4.908120892735441885e+03,6.660577392578125000e+02
2.177793979644775391e-01,7.870175022816867568e+03,4.825223128288956104e+03,1.174354492187500000e+03
2.001233100891113281e-01,7.839429339760093171e+03,4.732502897506235968e+03,1.596805541992187955e+03
1.275951862335205078e-01,8.041075581009636153e+03,4.764961006181270022e+03,1.807058258056640909e+02
2.014951705932617188e-01,8.314978651782275847e+03,4.877457390330240742e+03,2.903585937500000000e+03
2.339189052581787109e-01,7.993710497997792118e+03,4.801964530663961341e+03,2.140482177734375000e+03
2.850403785705566406e-01,7.616751986143273825e+03,4.581889522665316690e+03,2.122271484375000000e+03
2.168009281158447266e-01,7.663260650803153112e+03,4.720308195441026328e+03,1.455178222656250000e+03
2.008237838745117188e-01,7.888774151153120329e+03,4.841278176444232486e+03,1.239021850585937955e+03
2.681670188903808594e-01,8.206431187670445070e+03,4.739020643046414989e+03,3.847424621582031250e+02
2.669436931610107422e-01,7.961878804086450145e+03,4.844839937128917882e+03,3.428899414062500000e+03
1.848890781402587891e-01,8.530931378000650511e+03,4.771284543482172012e+03,1.947147460937500000e+03
2.836320400238037109e-01,8.450995249852490815e+03,4.680727827213407181e+03,5.625487670898437500e+02
3.502211570739746094e-01,8.437179715769221730e+03,4.724439577006242871e+03,5.869537963867187500e+02
1.844146251678466797e-01,8.656212778354298280e+03,4.758557253531079368e+03,2.004329528808594034e+02
2.841103076934814453e-01,8.284757223723350762e+03,4.731995951613481338e+03,8.514048767089843750e+01
3.684220314025878906e-01,8.468772299432801447e+03,4.734373107169949435e+03,7.141892700195312500e+02
1.671948432922363281e-01,8.230225815624684401e+03,4.846043338035958186e+03,2.961264343261718750e+02
2.846674919128417969e-01,8.489663104405697595e+03,4.829705581140814502e+03,1.958270111083984091e+02
1.510841846466064453e-01,8.414325489464310522e+03,4.838674657236167150e+03,1.343908447265625000e+03
2.331047058105468750e-01,8.259077824522957599e+03,4.770567039014330476e+03,1.132928100585937955e+03
1.511652469635009766e-01,8.671213561077611303e+03,4.760665368571787440e+03,5.594270706176757812e+00
1.169614791870117188e-01,8.136051067998705548e+03,4.820292158522179307e+03,7.615622711181640625e+01
2.324895858764648438e-01,8.592826317294600813e+03,4.663512767552541845e+03,3.783533935546875000e+02
1.160762310028076172e-01,6.696859917008144294e+03,4.777149647447027746e+03,1.232278919219971058e+01
1.847326755523681641e-01,7.832688964828570533e+03,4.758106157689420797e+03,1.651403442382812045e+03
3.157551288604736328e-01,8.283434567280988631e+03,4.837468541984782860e+03,1.174351684570312045e+03
2.520992755889892578e-01,8.298929739349878218e+03,4.880084944570107837e+03,1.655710693359375000e+03
2.399921417236328125e-01,8.801447364834642940e+03,4.840624521040370382e+03,1.825165283203125000e+03
2.506189346313476562e-01,8.319784427850932843e+03,4.727211001960116846e+03,1.029828125000000000e+03
1.465392112731933594e-01,8.535874630997672284e+03,4.791519486139954097e+03,9.106225013732910156e+00
3.179588317871093750e-01,8.337241552151226642e+03,4.745765386373234833e+03,5.631287231445312500e+02
2.027776241302490234e-01,2.649396790010339373e+03,4.633620794155190197e+03,2.164998168945311932e+02
3.932442665100097656e-01,8.894789160901269497e+03,4.809073681285807652e+03,1.499851074218750000e+03
1.165914535522460938e-01,8.631759851214063019e+03,4.803551767729869425e+03,1.300878601074219034e+02
1.751768589019775391e-01,8.446347143914257686e+03,4.800998734466477799e+03,3.465586547851561932e+02
2.182335853576660156e-01,8.578993894883873509e+03,4.838659591567459756e+03,7.716517333984375000e+02
1.332228183746337891e-01,7.290817617574622091e+03,4.885299332097425577e+03,1.880512695312500000e+03
1.993579864501953125e-01,8.569574993501142671e+03,4.731775397542827704e+03,2.795177490234375000e+03
2.165174484252929688e-01,8.119421849048504555e+03,4.673432192151165509e+03,1.037175537109375000e+03
1.852524280548095703e-01,8.555909358642191364e+03,4.748890620529638909e+03,3.210209716796875000e+03
1.341533660888671875e-01,8.993264579215358026e+03,4.698447953096440870e+03,1.771717987060546875e+02
1.280636787414550781e-01,8.178367529653024576e+03,4.754295712052394265e+03,6.171811523437500000e+02
2.179906368255615234e-01,8.264529885180443671e+03,4.793106837168793390e+03,2.727341308593750000e+02
2.851045131683349609e-01,8.330750681954170432e+03,4.846903303881325883e+03,2.106872863769530966e+02
1.844916343688964844e-01,8.285347442460988532e+03,4.846370391380121873e+03,9.043173828125000000e+02
2.161478996276855469e-01,8.562811052443517838e+03,4.766995124170332019e+03,1.065578979492187955e+03
2.342243194580078125e-01,8.278506824457423136e+03,4.797155378823248611e+03,3.192620849609375000e+02
1.324846744537353516e-01,7.612516320464410455e+03,4.683231777023145696e+03,1.385273071289062045e+03
1.849460601806640625e-01,6.531454742447250283e+03,4.831362628056914218e+03,3.421204528808593750e+02
1.991498470306396484e-01,8.500699891056086926e+03,4.827915062264703920e+03,1.399824096679687955e+03
1.507878303527832031e-01,7.681401053677130221e+03,4.807784067783599312e+03,7.220000000000000000e+02
1.170322895050048828e-01,8.566287586746962916e+03,4.823403877805892080e+03,6.201186370849608664e+01
1.169490814208984375e-01,8.488992148712502967e+03,4.832863382405518678e+03,5.012797927856445312e+01
2.126495838165283203e-01,8.743955790876789251e+03,4.822932152782270350e+03,2.027012023925780966e+02
2.346246242523193359e-01,8.608331577709919657e+03,4.604751819804680963e+03,1.411111083984375000e+03
2.014701366424560547e-01,8.543387847947702539e+03,4.780670620865419551e+03,2.552960968017578125e+02
2.510075569152832031e-01,8.486085972435554140e+03,4.790393366257364505e+03,5.075890197753906250e+02
2.846508026123046875e-01,8.556187877339796614e+03,4.858258289382768453e+03,7.153863525390625000e+02
2.798860073089599609e-01,8.289457200368673512e+03,4.746277888819248801e+03,9.147361755371093750e+01
1.180119514465332031e-01,8.506675253535891898e+03,4.781212000947702109e+03,3.817946472167968750e+02
1.001718044281005859e-01,7.694251533331340397e+03,4.842941627311675802e+03,1.646397827148437955e+03
2.191388607025146484e-01,8.287557527189112079e+03,4.664804404217763476e+03,1.818905517578125000e+03
1.848385334014892578e-01,8.715189694517404860e+03,4.757389810251503150e+03,2.306666107177734091e+02
2.186987400054931641e-01,8.434594547592707386e+03,4.794791397273347684e+03,6.756853637695312500e+02
2.502005100250244141e-01,7.005009859229306130e+03,4.752542585531589793e+03,1.578227905273437955e+03
2.284519672393798828e-01,8.429095935536592151e+03,4.802139549106125742e+03,9.172435302734375000e+02
2.838904857635498047e-01,8.127790180862837587e+03,4.832985741437609249e+03,6.366520996093750000e+02
2.677502632141113281e-01,7.824983164895608752e+03,4.761619306020079421e+03,1.472857208251953125e+02
1.561386585235595703e-01,8.271568856516088999e+03,4.852927541292663591e+03,8.189829254150390625e+01
3.187856674194335938e-01,8.242902473728183395e+03,4.847261874592993991e+03,1.131638107299804972e+02
1.002922058105468750e-01,8.419813500256290354e+03,4.713887063613474311e+03,3.864641418457031250e+02
2.986154556274414062e-01,7.379013117167617565e+03,4.860833030606731882e+03,2.002753143310546875e+02
2.002949714660644531e-01,8.103996735825322503e+03,4.708052011464437783e+03,1.825587890625000000e+03
2.508254051208496094e-01,7.182931327925231926e+03,4.692331686384520253e+03,1.577454589843750000e+03
2.013461589813232422e-01,7.859190431678864115e+03,4.749313732915654327e+03,8.971098327636718750e+01
2.335691452026367188e-01,8.135818632428848105e+03,4.746543103050484206e+03,1.641231567382812045e+03
2.008669376373291016e-01,7.214395715457922961e+03,4.700557271071052128e+03,1.723778724670410156e+01
2.010722160339355469e-01,8.209218909206418175e+03,4.852350375128397900e+03,6.725057983398437500e+02
2.337224483489990234e-01,8.894635518614713874e+03,4.638078034631961600e+03,1.360718261718750000e+03
1.875388622283935547e-01,8.342646866124398002e+03,4.753439584846123580e+03,1.520121337890625000e+03
2.327075004577636719e-01,5.701275429995179366e+03,4.751558381931121403e+03,2.846051216125487926e+01
2.183735370635986328e-01,4.993321291088514045e+03,4.751042876363677351e+03,7.936711883544921875e+01
2.018585205078125000e-01,7.717385486244278582e+03,4.801977085908471963e+03,1.851137817382812045e+03
2.833697795867919922e-01,8.052296881259801012e+03,4.550559253558762066e+03,3.072712097167968750e+02
1.838755607604980469e-01,8.265845259087518571e+03,4.783677574964918676e+03,5.699810180664062500e+02
2.520754337310791016e-01,8.206154822607913957e+03,4.863882762880918563e+03,4.180993556976318359e+00
1.999142169952392578e-01,8.019453643854658367e+03,4.830665251605831145e+03,1.411912353515625000e+03
2.509357929229736328e-01,7.572850914106249547e+03,4.849591355764550826e+03,1.787641113281250000e+03
2.002327442169189453e-01,8.504138308859570316e+03,4.855675965305350473e+03,1.902041992187500000e+03
2.342653274536132812e-01,8.625936274738554857e+03,4.825264233275641345e+03,1.355595947265625000e+03
3.016018867492675781e-01,7.548861733561348046e+03,4.691880709133031814e+03,-5.470261573791503906e+00
2.328999042510986328e-01,8.612123956217435989e+03,4.788829001012636581e+03,1.928459960937500000e+03
2.514994144439697266e-01,8.250651610458216965e+03,4.787212718784247954e+03,1.474049560546875000e+03
3.670227527618408203e-01,8.387469676661001358e+03,4.757717144558432665e+03,1.669135131835937955e+03
2.167620658874511719e-01,8.753329296719346530e+03,4.712899746643583967e+03,1.037530273437500000e+03
1.170957088470458984e-01,8.039666161752012158e+03,4.798297596421161870e+03,4.558542251586914062e+00
2.171072959899902344e-01,7.938104477022956416e+03,4.790548041457371255e+03,5.692851562500000000e+02
1.788966655731201172e-01,8.210529290460986886e+03,4.796470119448226797e+03,1.755555114746094034e+02
2.008125782012939453e-01,8.553478343079113984e+03,4.833343026710559570e+03,1.746849731445312045e+03
2.177581787109375000e-01,7.716161782156589652e+03,4.571747988504554087e+03,1.106815063476562045e+03
2.674300670623779297e-01,7.144360716681077065e+03,4.710436466028841096e+03,6.035712432861328125e+01
1.681022644042968750e-01,7.592658920619956916e+03,4.759806011479089648e+03,-7.366347312927246094e-01
1.988656520843505859e-01,7.837930267899348109e+03,4.702982491914392085e+03,3.564966201782227273e+01
2.011625766754150391e-01,8.830621406924052280e+03,4.674333281540587450e+03,4.518063659667968750e+02
1.315531730651855469e-01,8.430483968189537336e+03,4.868819662329095991e+03,1.810020141601561932e+02
2.333993911743164062e-01,7.593749208162920695e+03,4.814282273681857077e+03,1.579878662109375000e+03
1.001801490783691406e-01,7.168047993609850892e+03,4.716767251676591513e+03,1.076800292968750000e+03
2.680621147155761719e-01,8.811258940361072746e+03,4.857794518205489112e+03,7.257233276367187500e+02
2.335579395294189453e-01,8.506949913076265148e+03,4.638991106170968123e+03,4.637952270507811932e+02
2.011270523071289062e-01,8.327069892497864203e+03,4.752050153324791609e+03,1.438295410156250000e+03
1.073198318481445312e-01,8.274813295088168161e+03,4.754537019625106950e+03,1.208105659484862926e+01
1.663861274719238281e-01,7.882330757613095557e+03,4.556551756645727437e+03,3.652866601943970171e+00
2.509462833404541016e-01,8.456703504330635042e+03,4.902775601628065488e+03,6.685347900390625000e+02
1.990752220153808594e-01,8.102858663830282239e+03,4.781498863282036837e+03,1.229430419921875000e+03
2.439587116241455078e-01,7.388528596975219443e+03,4.798632864093342505e+03,6.730186767578125000e+02
2.003333568572998047e-01,7.241656558357488393e+03,4.750490619893227631e+03,-3.993364334106444868e+00
1.889033317565917969e-01,8.005488665347188544e+03,4.836646465192079631e+03,4.734201965332031250e+02
1.681208610534667969e-01,8.531343393383032890e+03,4.867498397278887751e+03,1.182040527343750000e+03
2.000215053558349609e-01,8.011092018162832574e+03,4.894555526390976411e+03,1.253747558593750000e+03
1.167659759521484375e-01,8.762393986458610016e+03,4.820630123530218043e+03,4.919241027832031250e+02
3.167536258697509766e-01,8.402957571674558494e+03,4.847380117654442984e+03,3.071626892089843750e+02
1.999669075012207031e-01,7.954471488475182923e+03,4.841719266407751093e+03,1.039007202148437955e+03
2.001156806945800781e-01,7.957352986300455086e+03,4.875317145981400245e+03,9.844169921875000000e+02
2.110602855682373047e-01,8.108867025897714484e+03,4.694757879810425948e+03,1.092350585937500000e+03
2.673962116241455078e-01,8.302087294684743028e+03,4.806550226772103088e+03,3.067550048828125000e+02
1.300945281982421875e-01,7.904089180943477004e+03,4.863530120011642794e+03,3.066662353515625000e+03
2.325162887573242188e-01,7.616489643090440950e+03,4.717809072234416817e+03,8.925018310546875000e+02
4.333233833312988281e-01,7.432404332567289202e+03,4.698610407308496178e+03,5.322166137695312500e+02
2.332201004028320312e-01,8.242330732848728076e+03,4.847729840713413978e+03,1.800500122070312045e+03
1.090977191925048828e-01,8.481083136843042666e+03,4.887689963655207976e+03,4.560338592529296875e+01
2.331740856170654297e-01,7.797946456039614532e+03,4.817503791815121986e+03,9.665241088867187500e+02
2.178082466125488281e-01,8.353591903395223198e+03,4.791072156050217018e+03,1.013048461914062045e+03
2.400212287902832031e-01,7.987834888412542568e+03,4.785976751715521459e+03,8.311484375000000000e+02
2.159774303436279297e-01,8.437314047876319819e+03,4.870655138506675939e+03,1.008947875976562045e+03
2.162780761718750000e-01,8.444851318014434582e+03,4.846290949010744043e+03,5.371005249023437500e+02
1.912066936492919922e-01,7.804869126180945386e+03,4.754019562428760764e+03,9.741746215820312500e+02
4.045560359954833984e-01,7.639777098947616651e+03,4.817136018172835065e+03,1.618622192382812045e+03
1.847620010375976562e-01,8.016010562855090939e+03,4.790224124789097004e+03,2.275617919921875000e+03
2.178466320037841797e-01,8.583735186862262708e+03,4.799676387657294072e+03,2.969225463867188068e+02
1.000487804412841797e-01,8.241918987488441417e+03,4.759081491359397660e+03,2.399378013610839844e+01
2.014224529266357422e-01,6.494097565753964773e+03,4.756389787051083658e+03,7.796756591796875000e+02
1.322610378265380859e-01,7.956500631027588497e+03,4.794999086811608322e+03,1.710654144287109091e+02
1.895501613616943359e-01,7.821944320222270107e+03,4.837780344115799380e+03,3.491346435546875000e+02
2.171165943145751953e-01,8.364738532784609561e+03,4.897467268204133688e+03,1.811716766357421875e+02
1.841285228729248047e-01,8.313675664056921960e+03,4.822254281637397071e+03,2.250120605468750000e+03
2.337298393249511719e-01,8.275751111661111281e+03,4.584230388390957160e+03,2.186938232421875000e+03
2.175519466400146484e-01,1.990175583355207664e+03,4.730807899522797925e+03,5.672813110351562500e+02
2.186245918273925781e-01,8.229724697271416517e+03,4.769127048134037068e+03,1.338233642578125000e+03
2.162439823150634766e-01,8.846185756500375646e+03,4.638060997839076663e+03,5.884361267089843750e+01
2.668557167053222656e-01,2.771278129193954101e+03,4.040183713035751225e+03,1.039267700195312045e+03
1.671285629272460938e-01,8.450200659888872906e+03,4.780040202447238698e+03,8.001185607910156250e+01
2.163069248199462891e-01,8.283218774642562494e+03,4.798488113890318346e+03,1.885888183593750000e+03
1.927499771118164062e-01,8.135259830817631155e+03,4.133280053070640861e+03,2.924557189941406250e+02
1.846559047698974609e-01,3.652965718427801221e+03,4.693939599761720274e+03,6.234877319335937500e+02
1.843943595886230469e-01,4.588708379606285234e+03,4.017974827136756630e+03,4.789936523437500000e+02
1.143596172332763672e-01,5.800185096343975601e+03,4.410551509125884877e+03,1.538487243652344034e+02
1.680357456207275391e-01,6.123497364148656743e+03,4.411857743071726873e+03,-1.457421064376831055e+00
2.344896793365478516e-01,4.480920050352935505e+03,4.840752879542486880e+03,7.636359252929687500e+02
1.670908927917480469e-01,7.239418989024136863e+03,4.776598646214408291e+03,1.511688964843750000e+03
1.509163379669189453e-01,8.149492226835162910e+03,4.239757575412749247e+03,1.278562622070312045e+03
2.922029495239257812e-01,5.106469474000915397e+03,4.674498759310582500e+03,5.785596084594727273e+01
2.537989616394042969e-01,5.774175745281688251e+03,4.352322211351538499e+03,2.974338989257811932e+02
1.496508121490478516e-01,7.116136157869942508e+03,4.841339665098966179e+03,7.488950805664062500e+02
2.002284526824951172e-01,7.589756476405334070e+03,4.835020313880466347e+03,1.056630249023437955e+03
1.941008567810058594e-01,7.558731452758992418e+03,4.757397278874694166e+03,3.611484069824218750e+02
3.004214763641357422e-01,8.784984766800274883e+03,4.746507045552263662e+03,5.434815063476562500e+02
3.019967079162597656e-01,8.282410804395849482e+03,4.801197453612709978e+03,8.922220458984375000e+02
3.934621810913085938e-01,7.942339714616170568e+03,4.737150277959481173e+03,1.546935546875000000e+03
2.186832427978515625e-01,7.016325663422146135e+03,4.716516549114856389e+03,1.307912963867187955e+03
1.846163272857666016e-01,5.833462764108427109e+03,4.702995994658816926e+03,1.445935058593750000e+03
3.350749015808105469e-01,8.026947122478450183e+03,4.887482049750453371e+03,1.755452728271484091e+02
1.831719875335693359e-01,9.097268234613569803e+03,4.771715037071155166e+03,7.737570190429687500e+02
1.671876907348632812e-01,8.885484542339605468e+03,4.735271214562709247e+03,1.115342407226562045e+03
2.160871028900146484e-01,8.098758361896802853e+03,4.778882731793032690e+03,7.272850341796875000e+02
3.912935256958007812e-01,8.936933210370345478e+03,4.775155388534644771e+03,1.766519653320312045e+03
2.517447471618652344e-01,7.777799759916593757e+03,4.880184557070951087e+03,1.193579345703125000e+03
2.672204971313476562e-01,8.372875239309660174e+03,4.811299180010778400e+03,1.019616821289062045e+03
1.337306499481201172e-01,3.773848878311039698e+03,4.781784062319406985e+03,6.689326477050781250e+01
1.510818004608154297e-01,8.160788170230250216e+03,4.828906531727212496e+03,1.070017089843750000e+02
1.843693256378173828e-01,8.392602661273913327e+03,4.605463704304970634e+03,9.994088745117187500e+02
2.511525154113769531e-01,6.152384913892326949e+03,4.722845666087048812e+03,2.623533935546875000e+02
2.044978141784667969e-01,8.038456113644881952e+03,4.747443602869729148e+03,5.166904296875000000e+02
2.768378257751464844e-01,7.267694003943187454e+03,4.828384685307096333e+03,1.398618286132812045e+03
2.681496143341064453e-01,8.095759553680794852e+03,4.843967540267012737e+03,1.280089233398437955e+03
2.015032768249511719e-01,7.924243588451095093e+03,4.812678766631469443e+03,3.875455017089843750e+02
2.347648143768310547e-01,8.901685092019288277e+03,4.705246561274269880e+03,1.827689941406250000e+03
2.341501712799072266e-01,8.136313635116950536e+03,4.192055520668875033e+03,1.197888427734375000e+03
2.347974777221679688e-01,4.011037591015680846e+03,4.806163733226134354e+03,4.862639465332031250e+02
1.168179512023925781e-01,7.893054296545210491e+03,4.795174925709735362e+03,6.652454376220703125e+01
2.850372791290283203e-01,7.960900660001921096e+03,4.846901171995745244e+03,7.755708618164062500e+02
2.184853553771972656e-01,7.468177399663147298e+03,4.703764683912389955e+03,2.467184814453125000e+03
2.677910327911376953e-01,8.115450567149714516e+03,4.682707291959443864e+03,1.255968627929687955e+03
2.664496898651123047e-01,6.747326560085674828e+03,4.827932753199649596e+03,1.015337347984313965e+00
3.171017169952392578e-01,8.519371191246480521e+03,4.880721788068777641e+03,8.402213454246520996e-01
1.854221820831298828e-01,8.589294872909884361e+03,4.550563524389535814e+03,7.008583374023437500e+02
2.167422771453857422e-01,5.999148312890743910e+03,4.610493924715112371e+03,8.649337158203125000e+02
3.340725898742675781e-01,5.733942443601055857e+03,4.732284328432951952e+03,7.786757659912109375e+01
2.511684894561767578e-01,8.739253941152961488e+03,4.826760624178533362e+03,8.561809082031250000e+02
2.507297992706298828e-01,8.134234382005216503e+03,4.731678796169029738e+03,8.696315307617187500e+02
2.832958698272705078e-01,7.806626138526491559e+03,4.738422832423519139e+03,1.050761962890625000e+03
2.004995346069335938e-01,4.946067121825156391e+03,4.751223514065278323e+03,5.808332519531250000e+02
2.809255123138427734e-01,7.952205483779039241e+03,4.825689922373334412e+03,5.730638122558593750e+01
2.670035362243652344e-01,8.302007321606337428e+03,4.755195984932657666e+03,1.301777954101562045e+03
2.831261157989501953e-01,7.709477722362161330e+03,4.738177971836751567e+03,9.309387969970703125e+01
2.345736026763916016e-01,8.389716962238158885e+03,4.783651334079718254e+03,2.319473266601562145e+01
1.671333312988281250e-01,7.316285374387280172e+03,4.838758292710165733e+03,8.629917907714843750e+01
1.169381141662597656e-01,7.468225425062232716e+03,4.866348592926209676e+03,9.824057006835937500e+01
1.510524749755859375e-01,8.274016788435399576e+03,4.763203375819293797e+03,6.540823364257812500e+02
4.676358699798583984e-01,3.461986978306933906e+03,4.815429028071055654e+03,2.297212646484375000e+03
2.051401138305664062e-01,7.174327625739190808e+03,4.808117992422433417e+03,6.699643554687500000e+02
2.681081295013427734e-01,8.059405617899826211e+03,4.775861854848366420e+03,9.988391723632812500e+02
2.669489383697509766e-01,8.563905759978502829e+03,4.713995039262370483e+03,-3.708415269851685014e+00
3.182582855224609375e-01,5.891703684201525903e+03,4.859813211207603672e+03,3.839311523437500000e+02
2.183654308319091797e-01,7.841933261166580451e+03,4.831926529598578782e+03,1.728453002929687955e+03
2.679727077484130859e-01,7.672748112843643867e+03,4.835147218123946914e+03,7.758530883789062500e+02
2.497453689575195312e-01,8.001497434675770819e+03,4.746769683031516252e+03,1.526496459960937955e+03
3.018918037414550781e-01,8.449435648467593637e+03,4.741281534025332803e+03,2.362119384765625000e+03
2.349915504455566406e-01,8.496364833145815282e+03,4.715046639777194287e+03,4.101717224121093750e+02
1.495337486267089844e-01,7.060102118447130124e+03,4.755650074093394323e+03,1.228608154296875000e+03
2.348225116729736328e-01,8.032241319275995920e+03,4.759725643715808474e+03,4.561312561035156250e+02
2.671387195587158203e-01,7.876379565911435748e+03,4.808444905902721985e+03,1.097514526367187955e+03
1.840279102325439453e-01,8.267486830425441440e+03,4.790673947251333630e+03,1.380692993164062045e+03
3.013730049133300781e-01,5.951329943992924200e+03,4.381884436754743547e+03,8.022745361328125000e+02
2.011115550994873047e-01,7.530829816829181254e+03,4.859451612334913079e+03,1.681946655273437955e+03
2.344055175781250000e-01,8.257149578137186836e+03,4.882326324934254444e+03,1.354667358398438068e+02
2.670300006866455078e-01,7.494106998736169771e+03,4.843782298022130817e+03,1.520019531250000000e+03
1.653473377227783203e-01,6.995725495902529474e+03,4.309459160777389116e+03,6.659925079345703125e+01
1.328301429748535156e-01,8.404446356356593242e+03,4.820436310229797527e+03,3.876946716308593750e+02
2.510433197021484375e-01,8.810931329979614020e+03,4.719128392624538719e+03,2.463217773437500000e+03
3.012149333953857422e-01,8.128774258059249405e+03,4.554854629524232223e+03,1.850620727539061932e+02
2.576365470886230469e-01,7.940591168979540271e+03,4.840691599104684428e+03,8.284723663330078125e+01
3.336868286132812500e-01,8.559777830972587253e+03,4.769879218534956635e+03,1.695347656250000000e+03
2.507357597351074219e-01,5.455196902304414834e+03,4.790909304699520362e+03,8.058962402343750000e+02
1.838443279266357422e-01,8.193552930463123630e+03,4.779354547295821249e+03,1.622900146484375000e+03
3.341202735900878906e-01,7.522849724474602226e+03,4.740733213078784502e+03,1.342755493164062045e+03
2.340342998504638672e-01,8.197098549926502528e+03,4.844799853434353281e+03,5.773830795288085938e+01
2.485225200653076172e-01,8.060315475910271743e+03,4.854669974204601203e+03,1.024895996093750000e+03
2.178411483764648438e-01,7.641355365786341281e+03,4.941843902232435539e+03,8.216503295898437500e+02
1.327219009399414062e-01,7.264855439203931383e+03,4.800322261913096554e+03,2.874106445312500000e+02
2.166080474853515625e-01,8.607809377244466305e+03,4.805842083818503852e+03,3.878932189941406250e+02
2.479610443115234375e-01,7.739287778073635309e+03,4.790089535247439926e+03,1.332864746093750000e+03
1.995580196380615234e-01,6.742026156043126321e+03,4.468866190519018346e+03,1.435438476562500000e+03
2.509443759918212891e-01,7.204274867276705663e+03,4.711349868665793110e+03,1.676334350585937955e+03
2.015185356140136719e-01,8.935422661602347944e+03,4.809942524114311709e+03,1.020988037109375000e+03
2.828242778778076172e-01,7.740570420783632471e+03,4.719347218030161457e+03,1.048223876953125000e+03
2.851898670196533203e-01,6.594000768486864217e+03,4.816958564991317871e+03,1.209366699218750000e+03
2.159340381622314453e-01,8.257466656575310481e+03,4.844216875075760072e+03,1.816263793945312045e+03
1.916117668151855469e-01,7.891897674761519738e+03,4.765592511864697371e+03,-6.033109283447266336e+01
3.504602909088134766e-01,7.315696857009440464e+03,4.801392385502353136e+03,-6.996692657470703125e+00
1.328463554382324219e-01,8.133254032030983581e+03,4.823380078232475171e+03,3.505773544311522727e+01
3.175146579742431641e-01,8.103950613232084834e+03,4.808657976712050186e+03,1.102308959960938068e+02
2.008857727050781250e-01,7.998586031921389804e+03,4.861628642622488769e+03,6.118697509765625000e+02
1.167287826538085938e-01,8.072576611724236500e+03,4.771304638969950247e+03,1.636615753173828125e+02
2.338621616363525391e-01,8.667293737523308664e+03,4.777495146946469504e+03,1.526618652343750000e+03
2.177720069885253906e-01,8.305988483692057343e+03,4.758067869856208745e+03,2.119328125000000000e+03
1.327290534973144531e-01,7.832286971338523472e+03,4.828764566025458407e+03,7.905211181640625000e+02
3.015193939208984375e-01,7.224990829752002355e+03,4.771818164212769261e+03,1.336583099365234091e+02
2.340838909149169922e-01,8.009640785870301443e+03,4.862585437459574678e+03,4.950144042968750000e+02
1.335153579711914062e-01,8.644581641273873174e+03,4.818013713536672185e+03,1.138027587890625000e+03
1.994848251342773438e-01,8.465041422717002206e+03,4.675655447927507339e+03,8.851591491699218750e+01
2.014398574829101562e-01,8.042162790008048432e+03,4.829694997254553527e+03,1.084955566406250000e+03
1.979737281799316406e-01,8.300161213627347024e+03,4.831683465729654017e+03,1.003318176269531023e+03
2.182290554046630859e-01,6.794616981254733219e+03,4.733364067657941632e+03,3.594300231933593750e+02
1.952378749847412109e-01,7.975422134715788161e+03,4.785012653017382036e+03,4.478677062988281250e+02
3.172242641448974609e-01,7.584595805524991192e+03,4.745172374500240039e+03,5.203175048828125000e+02
2.181296348571777344e-01,6.937158197910731360e+03,4.644182771065839916e+03,1.181623901367187955e+03
1.509499549865722656e-01,8.610483268378593493e+03,4.780321457109389485e+03,2.032018676757812045e+03
3.182663917541503906e-01,8.377204949399836551e+03,4.831371678714628615e+03,1.963531738281250000e+03
2.349011898040771484e-01,8.427918299776571075e+03,4.847922558908946485e+03,1.656112060546875000e+03
3.841536045074462891e-01,7.305774651045458086e+03,4.760372400803209530e+03,8.207093505859375000e+02
2.187809944152832031e-01,7.984596237665025910e+03,4.080270190010546230e+03,8.468202514648437500e+02
2.340095043182373047e-01,6.200051860963424588e+03,4.751964272268555760e+03,1.549656372070312045e+03
2.173027992248535156e-01,8.072676899991190112e+03,4.788848109393280538e+03,1.699434814453125000e+03
2.668907642364501953e-01,4.703982974035931875e+03,4.748456794649099720e+03,2.660759277343750000e+02
2.844839096069335938e-01,8.282882537652347310e+03,4.884442418383418953e+03,2.366941452026366832e+01
2.847971916198730469e-01,8.123174171701402884e+03,4.732934182613245866e+03,1.723449707031250000e+03
2.340569496154785156e-01,8.413419333520907458e+03,4.813847889004916397e+03,2.995153198242188068e+02
1.347093582153320312e-01,8.536814478972495635e+03,4.869946764819331293e+03,4.131776809692382812e+00
1.325128078460693359e-01,8.657547313882269009e+03,4.789763977193143546e+03,4.940538406372070312e+01
1.835982799530029297e-01,7.950948072307714938e+03,4.770984446007881161e+03,2.456472900390625000e+03
2.266640663146972656e-01,8.476702017493455060e+03,4.805209771924290180e+03,6.539216613769531250e+01
1.847918033599853516e-01,8.537894981321933301e+03,4.839454916572170077e+03,8.491750335693359375e+01
2.483949661254882812e-01,8.781153787632199965e+03,4.671629974936009603e+03,7.589694824218750000e+02
2.672626972198486328e-01,6.191675013163325275e+03,4.293237118466897300e+03,8.021727905273437500e+02
2.510602474212646484e-01,7.098858717298342526e+03,4.651007866723594816e+03,1.048369750976562045e+03
3.852035999298095703e-01,8.764684614380135827e+03,4.757051879703987652e+03,1.120301025390625000e+03
1.680700778961181641e-01,7.335355020684917690e+03,4.731780200011645320e+03,6.929050903320312500e+02
2.506706714630126953e-01,8.683890643463837478e+03,4.730973522475159371e+03,9.802526092529296875e+01
1.685705184936523438e-01,6.242447963964810697e+03,4.780607646958254008e+03,1.521804443359375000e+03
1.847648620605468750e-01,6.976577164295947114e+03,4.767715305034514131e+03,6.056397705078125000e+02
1.112895011901855469e-01,8.615895424070115041e+03,4.793903561433556206e+03,6.269704437255858664e+01
1.666276454925537109e-01,8.742461225210057819e+03,4.740463086020611627e+03,1.276489013671875000e+03
2.347381114959716797e-01,6.706922071568190404e+03,4.783330614447594598e+03,9.931827545166015625e+01
2.186281681060791016e-01,5.685125270975878266e+03,4.757018649346030543e+03,1.559988159179687955e+03
2.034435272216796875e-01,7.882050370456494420e+03,4.823228649399802634e+03,4.126888656616210938e+01
1.847450733184814453e-01,8.117396287409821525e+03,4.766973002813896528e+03,3.461253356933593750e+02
1.169137954711914062e-01,8.144581333727609490e+03,4.739726464907700574e+03,5.172605590820312500e+02
2.014276981353759766e-01,8.920891442085494418e+03,4.705055705328347358e+03,-3.101412296295166016e+00
1.971831321716308594e-01,9.104220118653285681e+03,4.862271795051638037e+03,2.694730468750000000e+03
2.018752098083496094e-01,7.869494783846947939e+03,4.664297319676528787e+03,4.253030090332031250e+02
2.633492946624755859e-01,7.594689575123659779e+03,4.780975898140899517e+03,6.231517333984375000e+02
2.505757808685302734e-01,8.453375116259312563e+03,4.815755597261878393e+03,5.583799743652343750e+01
2.501475811004638672e-01,5.326649554225847169e+03,4.689816184477918796e+03,3.350399414062500000e+03
2.353148460388183594e-01,8.394170396211293337e+03,4.725195215064293734e+03,5.577125854492187500e+02
1.607241630554199219e-01,7.744818504257790664e+03,4.755326568656713789e+03,1.189443969726561967e+01
2.663028240203857422e-01,8.752686663560964007e+03,4.717206687796532606e+03,2.263707275390625000e+02
1.333959102630615234e-01,8.121338660977118707e+03,4.841157330661296328e+03,-1.799999952316283958e+00
2.499260902404785156e-01,8.054377237124977000e+03,4.668533108543168055e+03,1.443249877929687955e+03
1.335918903350830078e-01,8.211641806595667731e+03,4.822364401150116464e+03,6.666368103027343750e+01
1.512513160705566406e-01,8.115551320202815987e+03,4.785760773446262647e+03,2.214193847656250000e+03
1.157407760620117188e-01,7.978713992640380638e+03,4.688460247483351850e+03,1.810698608398437955e+03
1.156146526336669922e-01,7.628402730118758882e+03,4.878315977605656371e+03,3.445995330810546875e+01
3.013782501220703125e-01,8.499227985216812158e+03,4.816193962134328103e+03,7.374508666992187500e+02
2.346575260162353516e-01,7.896294489583441646e+03,4.812570426520736873e+03,9.550537872314453125e+01
2.005023956298828125e-01,6.627669940528468032e+03,4.869691057316867045e+03,2.071293945312500000e+02
2.519688606262207031e-01,8.182613258155775839e+03,4.753314323794492338e+03,3.409716186523438068e+02
2.341301441192626953e-01,8.285217276911660520e+03,4.956053343096591561e+03,1.706671997070312045e+03
2.192876338958740234e-01,8.587665573248959845e+03,4.825988871693942201e+03,3.977861938476561932e+02
2.180669307708740234e-01,7.170629899114532236e+03,4.789537248368882501e+03,1.575760131835937955e+03
1.847312450408935547e-01,8.451658685571099340e+03,4.838735307148062930e+03,2.794670410156250000e+02
2.513425350189208984e-01,8.175910748282623899e+03,4.758594054764443172e+03,4.792388534545897727e+01
2.169253826141357422e-01,7.206001428882691471e+03,4.709101876528760840e+03,9.760032653808593750e+01
1.125111579895019531e-01,7.462768449587080795e+03,4.809364660011211527e+03,4.283593750000000000e+01
2.788982391357421875e-01,8.648679415834420070e+03,4.823113116934134268e+03,1.162731323242187955e+03
2.844958305358886719e-01,7.868685155851931086e+03,4.833660079714853055e+03,4.194250488281250000e+02
2.681465148925781250e-01,7.907867515659927449e+03,4.782495321880194751e+03,9.194195556640625000e+02
3.291051387786865234e-01,8.045611577894792390e+03,4.852236745322289607e+03,3.671325683593750000e+02
1.334757804870605469e-01,8.554169139220441139e+03,4.695074287596086833e+03,2.124872558593750000e+03
2.346308231353759766e-01,8.079023406087843796e+03,4.692559296632625774e+03,1.272520996093750000e+03
1.626298427581787109e-01,8.687749673312904633e+03,4.790346227337752680e+03,1.201686019897460938e+02
3.168087005615234375e-01,6.054250694032721185e+03,4.738233350342529775e+03,1.229929809570312045e+03
2.512629032135009766e-01,8.475671384917179239e+03,4.812069297545730478e+03,5.748934936523437500e+02
2.005276679992675781e-01,8.486505542532808249e+03,4.788950086436303536e+03,2.098743133544921875e+02
2.370786666870117188e-01,7.636349903828002425e+03,4.726771358901753956e+03,7.797875366210937500e+02
2.179465293884277344e-01,8.542365446376086766e+03,4.847079287636900517e+03,1.180195312500000000e+03
2.845704555511474609e-01,8.509542264425306712e+03,4.724719482974821403e+03,1.331816528320312045e+03
2.182796001434326172e-01,5.728494865447999473e+03,4.765492651261021820e+03,6.081072998046875000e+02
2.450766563415527344e-01,7.945302830241858828e+03,4.824621231718027047e+03,3.492021942138671875e+01
2.014183998107910156e-01,8.363219359082086157e+03,4.838351538577917381e+03,1.036902847290039062e+02
2.831962108612060547e-01,8.182467492350766406e+03,4.776073176860811145e+03,1.153703002929687955e+03
2.067174911499023438e-01,8.142852753335076159e+03,4.743115631089052840e+03,1.663304077148437955e+03
2.680845260620117188e-01,7.791328725720285547e+03,4.844628682164562633e+03,1.339681518554687955e+03
3.008928298950195312e-01,8.659423956690827254e+03,4.800300210372472975e+03,1.578438720703125000e+02
1.332809925079345703e-01,7.404627707689581257e+03,4.823126934472667017e+03,6.239581909179687500e+02
1.324326992034912109e-01,7.855719055147661493e+03,4.624343812794780206e+03,2.479080657958984091e+02
2.011191844940185547e-01,8.191529146373576623e+03,4.801980700309423810e+03,1.420219573974609091e+02
2.352983951568603516e-01,7.586151001630028077e+03,4.761068515261414177e+03,8.692133789062500000e+02
1.848938465118408203e-01,7.953841119052732211e+03,4.799796311725543092e+03,1.189781188964844034e+02
2.349495887756347656e-01,6.993104921490681591e+03,4.777222885404065892e+03,1.621830596923828125e+02
4.666960239410400391e-01,8.425257304813236260e+03,4.828571059818343201e+03,3.458333129882811932e+02
2.182712554931640625e-01,8.671187158520915546e+03,4.803512935365264639e+03,1.214586791992187955e+03
3.183133602142333984e-01,8.561733859418553038e+03,4.911881240277491997e+03,1.441088012695312045e+03
2.347972393035888672e-01,7.492844900155846517e+03,4.679949483037568825e+03,1.674816162109375000e+03
2.338116168975830078e-01,7.896191682135330666e+03,4.784173940594495434e+03,1.160466430664062045e+03
2.519700527191162109e-01,8.676118501627393925e+03,4.799427246017605285e+03,1.879805908203125000e+03
1.442048549652099609e-01,8.379978906451558942e+03,4.808677434434867791e+03,7.892690429687500000e+02
1.313862800598144531e-01,8.453016414508672824e+03,4.873812645474433339e+03,2.035544433593750000e+03
2.001566886901855469e-01,8.090525623924360843e+03,4.777286899845236803e+03,8.635344696044921875e+01
2.195520401000976562e-01,6.718442206845717010e+03,4.812430375018337145e+03,1.125403686523437955e+03
2.176635265350341797e-01,8.484810144948731249e+03,4.769647611855997638e+03,1.814311035156250000e+03
2.498791217803955078e-01,8.141280536526981450e+03,4.786653156220031633e+03,-4.238062286376953125e+01
2.508478164672851562e-01,8.158588466341555431e+03,4.767349281214956136e+03,1.301198852539062045e+03
2.002034187316894531e-01,7.947748130131870312e+03,4.858157622874723529e+03,1.287501708984375000e+03
1.835229396820068359e-01,8.268550120218584198e+03,4.878567879347187954e+03,7.905745849609375000e+02
2.172656059265136719e-01,7.832984210937515854e+03,4.656476715368014084e+03,1.045070678710937955e+03
1.846556663513183594e-01,8.054472913795633758e+03,4.828912495235410461e+03,1.217860595703125000e+03
2.844805717468261719e-01,7.922022940155933611e+03,4.184435392821560526e+03,1.476418701171875000e+03
1.499934196472167969e-01,7.224152210435522647e+03,4.772132644988847460e+03,3.449685974121093750e+02
2.057347297668457031e-01,8.293836098629679327e+03,4.844503603120015214e+03,1.021948669433593977e+03
2.353301048278808594e-01,8.329205697151197455e+03,4.847751942423748915e+03,1.352754638671875000e+03
2.186999320983886719e-01,7.660160828708835652e+03,4.859587984902039352e+03,9.815429077148437500e+02
2.834458351135253906e-01,8.639958903770115285e+03,4.282211883023544033e+03,1.461237182617188068e+02
2.337327003479003906e-01,5.894621806829343768e+03,4.594184697500059883e+03,1.178434326171875000e+03
2.325417995452880859e-01,7.389799649033957394e+03,4.809859690953386234e+03,1.680881469726562045e+03
